Date,Open,High,Low,Close,Volume,ma_short,ma_long,rsi,trend_up,position,signal
2016-01-04,37.59999847412109,38.38999938964844,36.33000183105469,36.7599983215332,431985,,,,False,0.0,0.0
2016-01-05,36.900001525878906,37.09999847412109,35.7400016784668,35.970001220703125,410131,,,,False,0.0,0.0
2016-01-06,36.18000030517578,36.38999938964844,33.77000045776367,33.970001220703125,563811,,,,False,0.0,0.0
2016-01-07,34.09000015258789,34.2599983215332,32.099998474121094,33.27000045776367,617409,,,,False,0.0,0.0
2016-01-08,33.29999923706055,34.34000015258789,32.63999938964844,33.15999984741211,596496,,,,False,0.0,0.0
2016-01-11,32.939998626708984,33.20000076293945,30.8799991607666,31.40999984741211,648640,,,,False,0.0,0.0
2016-01-12,31.11000061035156,32.209999084472656,29.93000030517578,30.440000534057617,627218,,,,False,0.0,0.0
2016-01-13,30.540000915527344,31.709999084472656,30.100000381469727,30.479999542236328,637903,,,,False,0.0,0.0
2016-01-14,30.600000381469727,31.770000457763672,30.280000686645508,31.200000762939453,537906,,,,False,0.0,0.0
2016-01-15,31.18000030517578,31.18000030517578,29.1299991607666,29.420000076293945,329094,,,,False,0.0,0.0
2016-01-19,29.200000762939453,30.209999084472656,28.209999084472656,28.459999084472656,188026,,,,False,0.0,0.0
2016-01-20,28.32999992370605,28.57999992370605,26.190000534057617,26.549999237060547,690039,,,,False,0.0,0.0
2016-01-21,28.350000381469727,30.25,27.8700008392334,29.530000686645508,694040,,,,False,0.0,0.0
2016-01-22,29.84000015258789,32.349998474121094,29.530000686645508,32.189998626708984,636573,,,,False,0.0,0.0
2016-01-25,32.04999923706055,32.7400016784668,29.68000030517578,30.34000015258789,606892,,,33.298649751796546,False,0.0,0.0
2016-01-26,29.809999465942383,32.40999984741211,29.25,31.450000762939453,642432,,,38.43398094681797,False,0.0,0.0
2016-01-27,30.549999237060547,32.84000015258789,30.13999938964844,32.29999923706055,738551,,,45.45948330867644,False,0.0,0.0
2016-01-28,32.189998626708984,34.81999969482422,31.739999771118164,33.220001220703125,833378,,,49.86566567592497,False,0.0,0.0
2016-01-29,33.70000076293945,34.400001525878906,32.650001525878906,33.619998931884766,618110,,,51.21692894227313,False,0.0,0.0
2016-02-01,33.83000183105469,34.18000030517578,31.290000915527344,31.6200008392334,595612,31.768000030517577,,50.54830558181965,False,0.0,0.0
2016-02-02,31.3700008392334,31.530000686645508,29.56999969482422,29.8799991607666,602564,31.42400007247925,,48.59437393381882,False,0.0,0.0
2016-02-03,29.75,32.75,29.399999618530277,32.279998779296875,811699,31.239499950408934,,54.03949581616034,False,0.0,0.0
2016-02-04,32.709999084472656,33.599998474121094,31.530000686645508,31.71999931335449,696721,31.126999855041504,,51.175403753079706,False,0.0,0.0
2016-02-05,31.63999938964844,32.45000076293945,30.6299991607666,30.88999938964844,616531,31.00799980163574,,53.47189318124996,False,0.0,0.0
2016-02-08,30.96999931335449,31.3799991607666,29.56999969482422,29.690000534057617,603646,30.834499835968018,,52.87249366436695,False,0.0,0.0
2016-02-09,30.170000076293945,30.61000061035156,27.739999771118164,27.940000534057617,738219,30.660999870300294,,53.27059216773327,False,0.0,0.0
2016-02-10,28.36000061035156,29.21999931335449,27.239999771118164,27.450000762939453,781280,30.511499881744385,,44.45628799511654,False,0.0,0.0
2016-02-11,27.34000015258789,27.479999542236328,26.049999237060547,26.209999084472656,795965,30.2979998588562,,32.756629742853264,False,0.0,0.0
2016-02-12,27.299999237060547,29.65999984741211,26.950000762939453,29.440000534057617,675157,30.20999984741211,,47.59615477686415,False,0.0,0.0
2016-02-16,29.07999992370605,31.530000686645508,28.700000762939453,29.040000915527344,651956,30.190999889373778,,43.30927242638703,False,0.0,0.0
2016-02-17,29.13999938964844,31.489999771118164,28.729999542236328,30.65999984741211,578639,30.300999927520753,,45.63365416334218,False,0.0,0.0
2016-02-18,31.350000381469727,31.979999542236328,30.270000457763672,30.770000457763672,225497,30.511999988555907,,43.18307980912501,False,0.0,0.0
2016-02-19,30.600000381469727,30.729999542236328,29.049999237060547,29.63999938964844,103202,30.517499923706055,,39.35829042819058,False,0.0,0.0
2016-02-22,29.71999931335449,32.04999923706055,29.479999542236328,31.479999542236328,521016,30.481999969482423,,49.622434531605556,False,0.0,0.0
2016-02-23,33.34000015258789,33.529998779296875,31.21999931335449,31.8700008392334,539379,30.558500003814697,,55.78825304199317,False,0.0,0.0
2016-02-24,31.280000686645508,32.400001525878906,30.559999465942383,32.150001525878906,652245,30.59350004196167,,49.568688708878426,False,0.0,0.0
2016-02-25,32.189998626708984,33.4900016784668,31.06999969482422,33.06999969482422,611874,30.632000064849855,,54.37459555376456,False,0.0,0.0
2016-02-26,33.040000915527344,34.689998626708984,32.63999938964844,32.779998779296875,646294,30.60999994277954,,56.3465378875702,False,0.0,0.0
2016-02-29,32.720001220703125,33.97999954223633,32.31999969482422,33.75,512468,30.616499996185304,,63.84719619206968,False,0.0,0.0
2016-03-01,33.900001525878906,34.7599983215332,33.369998931884766,34.400001525878906,566226,30.755500030517577,,73.8200501902495,False,0.0,0.0
2016-03-02,33.88999938964844,35.16999816894531,33.54999923706055,34.65999984741211,597834,30.994500064849852,,77.04424617693378,False,0.0,0.0
2016-03-03,34.72999954223633,35.31999969482422,34.189998626708984,34.56999969482422,512962,31.10900011062622,,84.31854590554401,False,0.0,0.0
2016-03-04,34.65999984741211,36.34000015258789,34.400001525878906,35.91999816894531,578290,31.319000053405762,,81.45629570344771,False,0.0,0.0
2016-03-07,36.20000076293945,38.11000061035156,36.09000015258789,37.900001525878906,709870,31.669500160217286,,87.28954953196127,False,0.0,0.0
2016-03-08,37.93999862670898,38.38999938964844,36.119998931884766,36.5,706933,32.0100001335144,,75.04286624260087,False,0.0,0.0
2016-03-09,36.36000061035156,38.5099983215332,36.2400016784668,38.290000915527344,740632,32.52750015258789,,78.18589231979499,False,0.0,0.0
2016-03-10,38.16999816894531,38.47999954223633,37.209999084472656,37.84000015258789,701435,33.047000122070315,,82.3854499215818,False,0.0,0.0
2016-03-11,37.9900016784668,39.02000045776367,37.91999816894531,38.5,564791,33.66150016784668,,80.57489578539351,False,0.0,0.0
2016-03-14,38.16999816894531,38.77000045776367,36.68000030517578,37.18000030517578,489938,34.04850015640259,,71.39402531377868,False,0.0,0.0
2016-03-15,37.369998931884766,37.400001525878906,35.959999084472656,36.34000015258789,446100,34.41350011825561,32.363400039672854,66.15264841946006,True,0.0,0.0
2016-03-16,36.7400016784668,38.630001068115234,36.61000061035156,38.459999084472656,494174,34.80350008010864,32.39740005493164,69.01904440391948,True,0.0,0.0
2016-03-17,38.59000015258789,40.36000061035156,38.470001220703125,40.20000076293945,298013,35.27500009536743,32.48200004577637,73.7515968848443,True,0.0,0.0
2016-03-18,40.25,41.20000076293945,39.150001525878906,39.43999862670898,130151,35.76500005722046,32.59139999389649,68.46202422442981,True,0.0,0.0
2016-03-21,39.060001373291016,40.29999923706055,38.61000061035156,39.90999984741211,479337,36.18650007247925,32.72419998168945,68.08928341083367,True,0.0,0.0
2016-03-22,41.59000015258789,41.900001525878906,40.77000045776367,41.45000076293945,463693,36.66550006866455,32.89,70.56328558225506,True,0.0,0.0
2016-03-23,41.18999862670898,41.34000015258789,39.66999816894531,39.790000915527344,492003,37.04750003814697,33.057600021362305,64.43583653018018,True,0.0,0.0
2016-03-24,39.72999954223633,39.77000045776367,38.33000183105469,39.459999084472656,495168,37.36700000762939,33.237999992370604,60.375141429906655,True,0.0,0.0
2016-03-28,39.54999923706055,40.13999938964844,38.86000061035156,39.38999938964844,299775,37.69750003814697,33.41619998931885,54.917481727233444,True,0.0,0.0
2016-03-29,39.31999969482422,39.47999954223633,37.90999984741211,38.27999877929688,488032,37.92399997711182,33.557799949646,55.98922541151732,True,0.0,0.0
2016-03-30,38.52000045776367,39.84999847412109,38.13999938964844,38.31999969482422,542469,38.11999988555908,33.7357999420166,50.114411748445455,True,0.0,0.0
2016-03-31,38.29999923706055,39.040000915527344,37.56999969482422,38.34000015258789,532152,38.30399990081787,33.9333999633789,51.97160759906474,True,0.0,0.0
2016-04-01,38.13999938964844,38.560001373291016,36.630001068115234,36.790000915527344,547190,38.41499996185303,34.138199996948245,43.69934354633407,True,0.0,0.0
2016-04-04,36.61000061035156,37.209999084472656,35.459999084472656,35.70000076293945,549477,38.40400009155273,34.26159999847412,44.45277856495976,True,0.0,0.0
2016-04-05,35.5,36.58000183105469,35.2400016784668,35.88999938964844,485543,38.30349998474121,34.33560001373291,48.226948222649554,True,0.0,0.0
2016-04-06,36.52000045776367,37.900001525878906,36.43000030517578,37.75,751048,38.36599998474121,34.48380001068115,47.14401194186687,True,0.0,0.0
2016-04-07,37.7599983215332,38.29999923706055,36.68999862670898,37.2599983215332,626749,38.314499855041504,34.59999996185303,36.85151898544139,True,0.0,0.0
2016-04-08,37.52000045776367,39.84000015258789,37.45000076293945,39.720001220703125,817230,38.40849990844727,34.74840000152588,51.08696585759404,True,0.0,0.0
2016-04-11,39.720001220703125,40.75,39.25,40.36000061035156,679351,38.50149993896484,34.89119998931885,51.72413994699182,True,0.0,0.0
2016-04-12,40.34999847412109,42.25,40.09000015258789,42.16999816894531,796837,38.75099983215332,35.06219997406006,52.702692253388626,True,0.0,0.0
2016-04-13,41.630001068115234,42.41999816894531,41.2400016784668,41.7599983215332,730437,39.021999740600585,35.26499992370606,58.16071596189603,True,0.0,0.0
2016-04-14,41.540000915527344,42.15999984741211,40.84000015258789,41.5,488614,39.17399978637695,35.49739994049072,58.50000381469727,True,0.0,0.0
2016-04-15,41.43000030517578,41.72999954223633,39.97999954223633,40.36000061035156,520146,39.18199977874756,35.65899997711182,53.71079282078045,True,0.0,0.0
2016-04-18,38.75,40.2400016784668,37.61000061035156,39.77999877929688,342463,39.19899978637695,35.820199966430664,55.980860807365104,True,0.0,0.0
2016-04-19,40.040000915527344,41.52999877929688,39.58000183105469,41.08000183105469,101734,39.257499885559085,36.02400001525879,60.00000552854554,True,0.0,0.0
2016-04-20,40.79999923706055,42.90999984741211,39.84999847412109,42.630001068115234,796240,39.316499900817874,36.28280002593994,63.99217352615345,True,0.0,0.0
2016-04-21,43.970001220703125,44.4900016784668,43.04999923706055,43.18000030517578,671103,39.48599987030029,36.587600021362306,72.2958777848884,True,0.0,0.0
2016-04-22,43.41999816894531,44.45000076293945,43.11000061035156,43.72999954223633,575107,39.699499893188474,36.913199996948244,79.11529458368352,True,0.0,0.0
2016-04-25,43.75,44.040000915527344,42.58000183105469,42.63999938964844,606383,39.861999893188475,37.24180000305176,72.97480897952063,True,0.0,0.0
2016-04-26,42.959999084472656,44.83000183105469,42.5,44.040000915527344,564392,40.15,37.533800010681155,72.10119266227207,True,0.0,0.0
2016-04-27,44.63999938964844,45.619998931884766,43.77000045776367,45.33000183105469,648028,40.50050010681152,37.8596000289917,76.84631442693895,True,0.0,0.0
2016-04-28,45.29999923706055,46.13999938964844,44.93999862670898,46.02999877929688,487412,40.88500003814697,38.1670000076294,73.77543012375494,True,0.0,0.0
2016-04-29,45.900001525878906,46.77999877929688,45.2400016784668,45.91999816894531,598439,41.34149990081787,38.46999996185303,71.82103018402174,True,0.0,0.0
2016-05-02,45.900001525878906,46.150001525878906,44.540000915527344,44.77999877929688,464027,41.79549980163574,38.77279994964599,60.81193320771489,True,0.0,0.0
2016-05-03,44.91999816894531,45.34999847412109,43.31999969482422,43.650001525878906,625551,42.18349990844727,39.01619998931885,57.38859903347062,True,0.0,0.0
2016-05-04,43.84999847412109,44.880001068115234,43.220001220703125,43.77999877929688,711125,42.48499984741211,39.25439994812012,59.00473733721997,True,0.0,0.0
2016-05-05,44.040000915527344,46.06999969482422,43.959999084472656,44.31999969482422,746159,42.83799991607666,39.49779991149902,66.41790997565678,True,0.0,0.0
2016-05-06,44.52000045776367,45.34000015258789,43.540000915527344,44.65999984741211,695306,43.08499984741211,39.72959991455078,70.64298971677312,True,0.0,0.0
2016-05-09,45.0,45.93999862670898,43.2400016784668,43.43999862670898,767568,43.23899974822998,39.94279991149902,60.05109877309001,True,0.0,0.0
2016-05-10,43.25,44.790000915527344,43.02999877929688,44.65999984741211,709415,43.36349983215332,40.160999908447266,58.895703265261616,True,0.0,0.0
2016-05-11,44.59999847412109,46.36000061035156,43.959999084472656,46.22999954223633,869957,43.58699989318848,40.397599868774414,62.268705141617964,True,0.0,0.0
2016-05-12,46.0,47.02000045776367,45.61000061035156,46.70000076293945,715102,43.846999931335446,40.63839988708496,62.02429792573105,True,0.0,0.0
2016-05-13,46.40999984741211,46.4900016784668,45.75,46.209999084472656,519363,44.13949985504151,40.87119987487793,65.19148806308175,True,0.0,0.0
2016-05-16,46.27999877929688,47.97999954223633,46.150001525878906,47.720001220703125,550863,44.536499977111816,41.10719993591309,65.51433438360796,True,0.0,0.0
2016-05-17,47.900001525878906,48.7599983215332,47.52999877929688,48.310001373291016,470440,44.897999954223636,41.315399932861325,63.35125261192254,True,0.0,0.0
2016-05-18,48.52999877929688,48.95000076293945,47.75,48.18999862670898,343184,45.17599983215332,41.54919990539551,60.20793334018383,True,0.0,0.0
2016-05-19,47.869998931884766,48.27999877929688,46.72999954223633,48.15999984741211,108816,45.42499980926514,41.7465998840332,60.66667078411617,True,0.0,0.0
2016-05-20,48.20000076293945,48.790000915527344,47.43999862670898,47.75,538047,45.62599983215332,41.94479988098144,65.19959018377689,True,0.0,0.0
2016-05-23,48.459999084472656,48.5,47.400001525878906,48.08000183105469,475453,45.897999954223636,42.13639991760254,74.69339985727854,True,0.0,0.0
2016-05-24,48.08000183105469,49.27000045776367,47.63999938964844,48.619998931884766,475965,46.126999855041504,42.36519989013672,75.7995504517646,True,0.0,0.0
2016-05-25,49.09000015258789,49.75,48.650001525878906,49.560001373291016,550501,46.33849983215332,42.62959991455078,76.78934663041274,True,0.0,0.0
2016-05-26,49.70000076293945,50.209999084472656,49.220001220703125,49.47999954223633,488465,46.510999870300296,42.84999992370606,75.31509279880619,True,0.0,0.0
2016-05-27,49.310001373291016,49.59999847412109,48.68999862670898,49.33000183105469,406386,46.68150005340576,43.03259994506836,84.85205535233098,True,0.0,0.0
2016-05-31,49.540000915527344,50.09999847412109,48.810001373291016,49.09999847412109,476988,46.89750003814697,43.2257999420166,79.75866193290328,True,0.0,0.0
2016-06-01,48.81999969482422,49.25,47.75,49.0099983215332,568839,47.16549987792969,43.407799911499026,73.24409424708986,True,0.0,0.0
2016-06-02,48.900001525878906,49.470001220703125,47.970001220703125,49.16999816894531,564846,47.43499984741211,43.56219985961914,71.78124531152972,True,0.0,0.0
2016-06-03,49.040000915527344,49.40999984741211,48.33000183105469,48.619998931884766,481034,47.64999980926514,43.73879981994629,71.02964075982283,True,0.0,0.0
2016-06-06,48.880001068115234,49.900001525878906,48.709999084472656,49.68999862670898,450472,47.90149974822998,43.943399810791014,68.61999663960802,True,0.0,0.0
2016-06-07,49.709999084472656,50.52999877929688,49.43999862670898,50.36000061035156,542254,48.24749984741211,44.16279983520508,69.08749285189118,True,0.0,0.0
2016-06-08,50.40999984741211,51.619998931884766,50.31999969482422,51.22999954223633,656416,48.57599983215332,44.42179985046387,74.83659764062335,True,0.0,0.0
2016-06-09,51.45000076293945,51.66999816894531,50.22999954223633,50.560001373291016,560723,48.79249992370605,44.666599884033204,67.75148496637311,True,0.0,0.0
2016-06-10,50.470001220703125,50.72999954223633,48.79999923706055,49.06999969482422,596119,48.910999870300294,44.88119987487793,58.41836114071068,True,0.0,0.0
2016-06-13,48.84999847412109,49.27999877929688,48.15999984741211,48.880001068115234,506036,49.04449996948242,45.122999877929686,55.19479972593632,True,0.0,0.0
2016-06-14,48.52000045776367,48.68999862670898,47.84000015258789,48.4900016784668,456144,49.0829999923706,45.37879989624023,49.139091384951804,True,0.0,0.0
2016-06-15,47.900001525878906,48.720001220703125,47.27999877929688,48.0099983215332,527870,49.067999839782715,45.62119987487793,39.06909601948131,True,0.0,0.0
2016-06-16,47.45000076293945,47.75,45.90999984741211,46.209999084472656,507910,48.9689998626709,45.79039985656738,31.44154399523012,True,0.0,0.0
2016-06-17,45.9900016784668,48.290000915527344,45.83000183105469,47.97999954223633,226653,48.95999984741211,46.004799880981444,43.52827538080209,True,0.0,0.0
2016-06-20,48.290000915527344,49.41999816894531,48.13999938964844,49.369998931884766,98293,49.040999794006346,46.197799835205075,51.164799198485746,True,0.0,0.0
2016-06-21,49.13999938964844,49.31999969482422,48.15999984741211,48.84999847412109,475407,49.07949962615967,46.36759979248047,49.33444325574558,True,0.0,0.0
2016-06-22,50.220001220703125,50.540000915527344,48.400001525878906,49.130001068115234,569939,49.104999732971194,46.506799850463864,49.83526733825013,True,0.0,0.0
2016-06-23,49.08000183105469,50.22999954223633,49.08000183105469,50.11000061035156,401885,49.13249969482422,46.67379989624023,55.926814886480166,True,0.0,0.0
2016-06-24,50.29999923706055,50.45000076293945,46.70000076293945,47.63999938964844,649446,49.040499687194824,46.796599884033206,42.66285433732565,True,0.0,0.0
2016-06-27,47.810001373291016,47.959999084472656,45.83000183105469,46.33000183105469,504613,48.890499687194826,46.91599990844727,36.20808141362597,True,0.0,0.0
2016-06-28,46.59000015258789,48.18000030517578,46.540000915527344,47.84999847412109,498851,48.827999687194826,47.07739990234375,38.92529017075395,True,0.0,0.0
2016-06-29,48.060001373291016,50.0,47.97999954223633,49.880001068115234,511476,48.87149982452392,47.25339988708496,47.954271381466455,True,0.0,0.0
2016-06-30,49.54999923706055,49.619998931884766,48.16999816894531,48.33000183105469,508736,48.82950000762939,47.36739990234375,47.781781024488616,True,0.0,0.0
2016-07-01,48.380001068115234,49.29999923706055,47.900001525878906,48.9900016784668,405187,48.8480001449585,47.48359992980957,50.32070145937181,True,0.0,0.0
2016-07-05,49.11000061035156,49.34999847412109,46.33000183105469,46.59999847412109,609194,48.6935001373291,47.54099990844727,45.06526716120268,True,0.0,0.0
2016-07-06,46.83000183105469,47.95000076293945,45.91999816894531,47.43000030517578,607663,48.547000122070315,47.63679992675781,48.512825890012714,True,0.0,0.0
2016-07-07,47.880001068115234,48.25,44.869998931884766,45.13999938964844,710893,48.242500114440915,47.65879989624023,47.32366332968212,True,0.0,0.0
2016-07-08,45.18999862670898,45.970001220703125,44.77000045776367,45.40999984741211,583078,47.98500003814697,47.66039985656738,43.050300348005926,True,0.0,0.0
2016-07-11,45.06999969482422,45.77000045776367,44.41999816894531,44.7599983215332,533657,47.769499969482425,47.63499984741211,37.014088369412136,True,0.0,0.0
2016-07-12,44.58000183105469,46.93000030517578,44.5099983215332,46.79999923706055,658257,47.66549987792969,47.652599868774416,44.680855275751846,True,0.0,0.0
2016-07-13,46.58000183105469,46.709999084472656,44.560001373291016,44.75,686245,47.478499794006346,47.651999893188474,39.59125455465505,False,0.0,0.0
2016-07-14,45.13999938964844,45.79999923706055,44.95000076293945,45.68000030517578,573761,47.361999893188475,47.692599868774415,39.447357918466196,False,0.0,0.0
2016-07-15,45.52000045776367,46.33000183105469,45.04999923706055,45.95000076293945,430256,47.348999977111816,47.73599990844727,45.50293187528969,False,0.0,0.0
2016-07-18,46.119998931884766,46.13999938964844,44.86000061035156,45.2400016784668,211393,47.21200008392334,47.75439994812012,47.003848879320344,False,0.0,0.0
2016-07-19,45.22999954223633,45.66999816894531,44.52999877929688,44.650001525878906,128127,46.976000213623045,47.75419998168945,40.73002567294231,False,0.0,0.0
2016-07-20,44.59000015258789,45.25,43.68999862670898,44.93999862670898,541014,46.78050022125244,47.784199981689454,34.08504806222278,False,0.0,0.0
2016-07-21,45.650001525878906,46.09000015258789,44.52000045776367,44.75,432972,46.56150016784668,47.78599998474121,37.35875386588218,False,0.0,0.0
2016-07-22,44.59999847412109,44.970001220703125,43.7400016784668,44.18999862670898,428407,46.26550006866455,47.74519996643066,32.93029416568585,False,0.0,0.0
2016-07-25,44.20000076293945,44.369998931884766,42.970001220703125,43.130001068115234,389837,46.04000015258789,47.67379997253418,36.37078738890407,False,0.0,0.0
2016-07-26,43.06999969482422,43.38999938964844,42.36000061035156,42.91999816894531,461324,45.86949996948242,47.60799995422363,31.379017717078597,False,0.0,0.0
2016-07-27,42.65999984741211,43.20000076293945,41.68000030517578,41.91999816894531,537390,45.57299995422363,47.49199989318848,35.12014181366648,False,0.0,0.0
2016-07-28,41.93000030517578,42.220001220703125,41.040000915527344,41.13999938964844,447913,45.135999870300296,47.34859985351562,31.156217099072023,False,0.0,0.0
2016-07-29,41.119998931884766,41.66999816894531,40.56999969482422,41.59999847412109,478763,44.799499702453616,47.216799850463865,35.816871173102,False,0.0,0.0
2016-08-01,41.34999847412109,41.880001068115234,39.81999969482422,40.060001373291016,533020,44.352999687194824,47.05479988098145,18.32705317993259,False,0.0,0.0
2016-08-02,40.08000183105469,40.90999984741211,39.2599983215332,39.5099983215332,534512,43.99849967956543,46.889999847412106,21.334769062539678,False,0.0,0.0
2016-08-03,39.70000076293945,41.20000076293945,39.18999862670898,40.83000183105469,655186,43.66849975585937,46.74499984741211,24.55404462035544,False,0.0,0.0
2016-08-04,41.15999984741211,42.08000183105469,40.43000030517578,41.93000030517578,598836,43.50799980163574,46.61119987487793,30.598447388275503,False,0.0,0.0
2016-08-05,41.84000015258789,42.09999847412109,41.060001373291016,41.79999923706055,550189,43.32749977111816,46.45599983215332,32.41307325779863,False,0.0,0.0
2016-08-08,41.9900016784668,43.38999938964844,41.810001373291016,43.02000045776367,562530,43.240499877929686,46.326799850463864,42.17098418824449,False,0.0,0.0
2016-08-09,42.83000183105469,43.52000045776367,42.470001220703125,42.77000045776367,624703,43.03899993896484,46.19559982299805,39.53713792573226,False,0.0,0.0
2016-08-10,42.7400016784668,43.38999938964844,41.41999816894531,41.709999084472656,676148,42.886999893188474,46.047799835205076,36.47687086373662,False,0.0,0.0
2016-08-11,41.47999954223633,43.86000061035156,41.09999847412109,43.4900016784668,682235,42.777499961853025,45.93739990234375,47.19102499574446,False,0.0,0.0
2016-08-12,43.459999084472656,44.77999877929688,43.310001373291016,44.4900016784668,536081,42.70450000762939,45.84379997253418,55.48386937993988,False,0.0,0.0
2016-08-15,44.7400016784668,45.93000030517578,44.380001068115234,45.7400016784668,522526,42.7295000076294,45.78620002746582,60.49107960139839,False,0.0,0.0
2016-08-16,45.59000015258789,46.72999954223633,45.34000015258789,46.58000183105469,550440,42.82600002288818,45.72400009155273,67.54518604395979,False,0.0,0.0
2016-08-17,46.369998931884766,46.95000076293945,45.84000015258789,46.790000915527344,563354,42.918500137329104,45.65260009765625,72.22658749548302,False,0.0,0.0
2016-08-18,46.900001525878906,48.380001068115234,46.630001068115234,48.220001220703125,229277,43.09200019836426,45.59240013122559,74.19590243750095,False,0.0,0.0
2016-08-19,48.33000183105469,48.75,47.93000030517578,48.52000045776367,162438,43.30850028991699,45.55160011291504,84.00318422703685,False,0.0,0.0
2016-08-22,48.400001525878906,48.400001525878906,46.75,47.04999923706055,515256,43.504500198364255,45.51120010375976,78.21854889690788,False,0.0,0.0
2016-08-23,47.38999938964844,48.31999969482422,46.59000015258789,48.09999847412109,623904,43.76350021362305,45.49560005187988,77.76926829524173,False,0.0,0.0
2016-08-24,47.59000015258789,47.7400016784668,46.45000076293945,46.77000045776367,603495,44.00600032806396,45.46120002746582,68.16816395404152,False,0.0,0.0
2016-08-25,46.79999923706055,47.459999084472656,46.41999816894531,47.33000183105469,458816,44.31550045013428,45.44760009765625,70.10909476287989,False,0.0,0.0
2016-08-26,47.369998931884766,48.459999084472656,46.93999862670898,47.63999938964844,558344,44.61750049591065,45.476200103759766,67.99064983248311,False,0.0,0.0
2016-08-29,47.220001220703125,47.27999877929688,46.619998931884766,46.97999954223633,309254,44.96350040435791,45.45620010375976,65.88678899801005,False,0.0,0.0
2016-08-30,46.97999954223633,47.4900016784668,46.209999084472656,46.34999847412109,464449,45.3055004119873,45.39580009460449,68.0967219192748,False,0.0,0.0
2016-08-31,46.2400016784668,46.40999984741211,44.5099983215332,44.70000076293945,549007,45.49900035858154,45.31280014038086,54.76753183274486,True,0.0,0.0
2016-09-01,44.84999847412109,45.08000183105469,43.0,43.15999984741211,605003,45.56050033569336,45.193400115966796,44.97353643022648,True,0.0,0.0
2016-09-02,43.54999923706055,44.66999816894531,43.15999984741211,44.43999862670898,576915,45.69250030517578,45.08000007629394,45.09802567758369,True,0.0,0.0
2016-09-06,44.150001525878906,46.52999877929688,43.84000015258789,44.83000183105469,932145,45.78300037384032,45.02380012512207,43.169397605286846,True,0.0,0.0
2016-09-07,44.84999847412109,46.16999816894531,44.54999923706055,45.5,572884,45.91950035095214,45.00720008850098,45.13940752878271,True,0.0,0.0
2016-09-08,46.119998931884766,47.75,45.77000045776367,47.619998931884766,761943,46.21500034332275,45.00260009765625,47.850993939384004,True,0.0,0.0
2016-09-09,47.36000061035156,47.36000061035156,45.560001373291016,45.880001068115234,688191,46.33450031280517,44.92260009765625,41.42857001309878,True,0.0,0.0
2016-09-12,45.56999969482422,46.5099983215332,44.720001220703125,46.290000915527344,745016,46.4245002746582,44.8818000793457,47.35007420574317,True,0.0,0.0
2016-09-13,46.060001373291016,46.130001068115234,44.77000045776367,44.900001525878906,657775,46.3825002670288,44.80000007629395,39.1008223950906,True,0.0,0.0
2016-09-14,45.0,45.33000183105469,43.41999816894531,43.58000183105469,705861,46.232500267028804,44.73960014343262,39.127471525627264,True,0.0,0.0
2016-09-15,43.70000076293945,44.34000015258789,43.2599983215332,43.90999984741211,537185,46.08850021362304,44.66920013427735,38.15788048524881,True,0.0,0.0
2016-09-16,43.709999084472656,43.75,42.7400016784668,43.02999877929688,231191,45.829000091552736,44.627000122070314,34.643563299600004,True,0.0,0.0
2016-09-19,43.18000030517578,44.150001525878906,43.119998931884766,43.29999923706055,129857,45.56800003051758,44.58480010986328,37.41449543697344,True,0.0,0.0
2016-09-20,43.130001068115234,44.04999923706055,42.54999923706055,43.43999862670898,694130,45.387499999999996,44.5584001159668,39.702755843333286,True,0.0,0.0
2016-09-21,44.5,45.650001525878906,44.5,45.34000015258789,585987,45.24950008392334,44.529200134277346,52.2253112374424,True,0.0,0.0
2016-09-22,45.619998931884766,46.52000045776367,45.52000045776367,46.31999969482422,521680,45.227000045776364,44.56060012817383,61.43270907900981,True,0.0,0.0
2016-09-23,46.06999969482422,46.54999923706055,44.220001220703125,44.47999954223633,718395,45.08449993133544,44.53660011291504,50.13908526831549,True,0.0,0.0
2016-09-26,44.619998931884766,46.20000076293945,44.43000030517578,45.93000030517578,527119,44.99899997711181,44.53620010375977,53.56217242140955,True,0.0,0.0
2016-09-27,45.619998931884766,45.959999084472656,44.18999862670898,44.66999816894531,630757,44.88349990844726,44.524800033569335,47.41109827117811,True,0.0,0.0
2016-09-28,44.959999084472656,47.45000076293945,44.34999847412109,47.04999923706055,1008434,44.91849994659424,44.57279998779297,48.250461440180445,True,0.0,0.0
2016-09-29,47.20000076293945,48.31999969482422,46.59999847412109,47.83000183105469,702649,45.075,44.63060005187988,56.36007842397571,True,0.0,0.0
2016-09-30,47.7599983215332,48.29999923706055,47.040000915527344,48.2400016784668,496515,45.329000091552736,44.70040008544922,56.36007842397571,True,0.0,0.0
2016-10-03,48.040000915527344,49.02000045776367,47.77999877929688,48.810001373291016,458021,45.54750022888184,44.79280014038086,63.473460523157534,True,0.0,0.0
2016-10-04,48.650001525878906,49.2599983215332,48.2599983215332,48.68999862670898,513710,45.74050006866455,44.90400009155273,69.19606814173925,True,0.0,0.0
2016-10-05,49.2599983215332,49.970001220703125,49.09999847412109,49.83000183105469,520070,45.957000160217284,45.04220016479492,70.96315876067851,True,0.0,0.0
2016-10-06,49.650001525878906,50.630001068115234,49.33000183105469,50.43999862670898,547915,46.0980001449585,45.21260017395019,76.75088281946961,True,0.0,0.0
2016-10-07,50.59000015258789,50.7400016784668,49.400001525878906,49.810001373291016,618809,46.29450016021728,45.38600021362305,72.90640063483406,True,0.0,0.0
2016-10-11,51.09999847412109,51.540000915527344,50.38999938964844,50.790000915527344,765608,46.519500160217284,45.569800262451174,74.41860111439804,True,0.0,0.0
2016-10-12,50.84000015258789,51.16999816894531,49.88999938964844,50.18000030517578,533884,46.78350009918213,45.77220024108887,67.5872022506704,True,0.0,0.0
2016-10-13,50.0,50.59000015258789,49.36000061035156,50.43999862670898,740676,47.12649993896484,45.99080024719238,65.79753618622267,True,0.0,0.0
2016-10-14,50.58000183105469,51.13999938964844,49.900001525878906,50.34999847412109,519431,47.448499870300296,46.18120018005371,75.99644141941818,True,0.0,0.0
2016-10-17,50.22999954223633,50.58000183105469,49.470001220703125,49.93999862670898,418723,47.7939998626709,46.341400146484375,69.56096014219695,True,0.0,0.0
2016-10-18,50.040000915527344,50.77999877929688,49.7599983215332,50.290000915527344,192803,48.14349994659424,46.51120018005371,80.08565502898597,True,0.0,0.0
2016-10-19,50.77000045776367,51.93000030517578,50.68999862670898,51.59999847412109,132427,48.551499938964845,46.68280014038086,77.50906278843743,True,0.0,0.0
2016-10-20,51.400001525878906,51.58000183105469,50.25,50.43000030517578,548947,48.80599994659424,46.8360001373291,65.01154541121664,True,0.0,0.0
2016-10-21,50.65999984741211,51.02000045776367,50.209999084472656,50.84999847412109,551300,49.03249988555908,47.01880012512207,65.05189443621421,True,0.0,0.0
2016-10-24,50.84999847412109,50.97999954223633,49.619998931884766,50.52000045776367,623398,49.33449993133545,47.159400100708005,60.14235213623237,True,0.0,0.0
2016-10-25,50.4900016784668,50.93000030517578,49.27000045776367,49.959999084472656,553778,49.535999870300294,47.268800048828126,57.15897239610108,True,0.0,0.0
2016-10-26,49.310001373291016,50.09999847412109,48.869998931884766,49.18000030517578,679320,49.76149997711182,47.337600021362306,46.18094871801767,True,0.0,0.0
2016-10-27,49.220001220703125,50.060001373291016,49.0,49.720001220703125,543173,49.89500007629395,47.40040000915528,45.73460797390096,True,0.0,0.0
2016-10-28,49.61000061035156,49.810001373291016,48.41999816894531,48.70000076293945,550081,49.938500022888185,47.43860000610351,43.71460170300638,True,0.0,0.0
2016-10-31,48.25,48.7400016784668,46.630001068115234,46.86000061035156,649237,49.86949996948242,47.41139999389648,29.721349797297293,True,0.0,0.0
2016-11-01,46.77000045776367,47.34999847412109,46.20000076293945,46.66999816894531,834989,49.76249980926514,47.374399948120114,31.067942786927418,True,0.0,0.0
2016-11-02,46.31999969482422,46.470001220703125,44.959999084472656,45.34000015258789,674322,49.59499988555908,47.34019996643067,25.33848994011585,True,1.0,1.0
2016-11-03,45.47999954223633,45.900001525878906,44.369998931884766,44.65999984741211,540439,49.336499786376955,47.27139999389649,23.970720705785524,True,1.0,0.0
2016-11-04,44.630001068115234,44.869998931884766,43.56999969482422,44.06999969482422,736685,49.01799983978272,47.217399978637694,23.582355423446955,True,1.0,0.0
2016-11-07,44.45000076293945,45.0099983215332,44.11000061035156,44.88999938964844,605733,48.771999740600585,47.168599929809574,26.683919560578218,True,1.0,0.0
2016-11-08,44.970001220703125,45.38999938964844,44.40999984741211,44.97999954223633,669639,48.481499671936035,47.11539993286133,18.050188323119656,True,1.0,0.0
2016-11-09,44.81999969482422,45.95000076293945,43.06999969482422,45.27000045776367,946512,48.23599967956543,47.081199951171875,22.78480961722242,True,1.0,0.0
2016-11-10,45.310001373291016,45.63999938964844,44.25,44.65999984741211,686338,47.94699974060059,47.04739997863769,17.99380890934792,True,1.0,0.0
2016-11-14,43.20000076293945,43.810001373291016,42.20000076293945,43.31999969482422,704766,47.59549980163574,47.01979995727539,16.292144262651092,True,1.0,0.0
2016-11-15,43.7599983215332,46.09000015258789,43.54999923706055,45.810001373291016,706177,47.388999938964844,47.07279998779297,33.54482055954722,True,1.0,0.0
2016-11-16,45.77000045776367,46.40999984741211,45.02999877929688,45.56999969482422,658169,47.15299987792969,47.09540000915527,35.04557406892367,True,1.0,0.0
2016-11-17,45.369998931884766,46.58000183105469,44.880001068115234,45.41999816894531,284874,46.8439998626709,47.10719993591309,31.59246519417711,False,1.0,0.0
2016-11-18,44.93000030517578,45.77000045776367,44.54999923706055,45.68999862670898,155651,46.60699977874756,47.11099990844727,36.23055832050131,False,0.0,-1.0
2016-11-21,45.83000183105469,47.79999923706055,45.77000045776367,47.4900016784668,665326,46.43899993896484,47.10839996337891,52.89256400996094,False,0.0,0.0
2016-11-22,48.369998931884766,49.20000076293945,47.16999816894531,48.02999877929688,826208,46.314499855041504,47.15139991760254,56.0498218225013,False,0.0,0.0
2016-11-23,47.93999862670898,48.43000030517578,47.400001525878906,47.959999084472656,556861,46.2144998550415,47.184799880981444,63.12623772121309,False,0.0,0.0
2016-11-25,47.970001220703125,48.2599983215332,45.880001068115234,46.060001373291016,465977,46.05849990844727,47.20799987792969,56.25000425747288,False,0.0,0.0
2016-11-28,45.43000030517578,47.650001525878906,45.13999938964844,47.08000183105469,734381,45.926499938964845,47.27799987792969,62.940674430321266,False,0.0,0.0
2016-11-29,46.880001068115234,46.97999954223633,44.81999969482422,45.22999954223633,732818,45.75299987792969,47.30439987182617,51.34281181591234,False,0.0,0.0
2016-11-30,45.2400016784668,49.900001525878906,45.220001220703125,49.43999862670898,1311000,45.881999778747556,47.43259986877442,63.2896227088523,False,0.0,0.0
2016-12-01,49.06999969482422,51.79999923706055,48.97999954223633,51.060001373291016,974805,46.10149993896484,47.587799911499026,65.9856385454867,False,0.0,0.0
2016-12-02,51.0099983215332,51.72999954223633,50.18000030517578,51.68000030517578,667099,46.41849994659424,47.75259994506836,69.37085517608125,False,0.0,0.0
2016-12-05,51.459999084472656,52.41999816894531,50.93000030517578,51.790000915527344,600782,46.775,47.88159996032715,75.07400148251403,False,0.0,0.0
2016-12-06,50.970001220703125,51.59999847412109,50.27999877929688,50.93000030517578,642746,47.11800003051758,47.97379997253418,66.77587462399872,False,0.0,0.0
2016-12-07,50.93000030517578,51.20000076293945,49.720001220703125,49.77000045776367,816879,47.36200008392334,48.07959999084473,62.978985455822006,False,0.0,0.0
2016-12-08,49.880001068115234,50.97999954223633,49.61000061035156,50.84000015258789,780062,47.65500011444092,48.177799987792966,65.84795689526514,False,0.0,0.0
2016-12-09,50.91999816894531,51.65999984741211,50.86000061035156,51.5,652040,47.96650009155273,48.31440002441406,66.60949346975801,False,0.0,0.0
2016-12-12,52.58000183105469,54.5099983215332,52.18000030517578,52.83000183105469,847025,48.375000190734866,48.43000007629394,65.68742658332906,False,0.0,0.0
2016-12-13,52.5099983215332,53.40999984741211,52.34999847412109,52.97999954223633,638396,48.85800018310547,48.53300003051758,64.88274337044422,True,0.0,0.0
2016-12-14,52.45000076293945,52.77999877929688,50.66999816894531,51.040000915527344,677957,49.119500160217285,48.58900001525879,58.32432927312078,True,0.0,0.0
2016-12-15,50.790000915527344,51.47999954223633,49.95000076293945,50.900001525878906,551759,49.38600025177002,48.630800018310545,64.45639088200852,True,0.0,0.0
2016-12-16,51.09999847412109,52.08000183105469,50.5,51.900001525878906,252567,49.7100004196167,48.695000076293944,64.41387363314297,True,0.0,0.0
2016-12-19,52.150001525878906,52.52000045776367,51.5099983215332,52.119998931884766,129990,50.03150043487549,48.740800018310544,72.82969205349576,True,0.0,0.0
2016-12-20,52.11000061035156,52.70000076293945,51.84999847412109,52.22999954223633,416592,50.268500328063965,48.77660003662109,62.69336423042027,True,0.0,0.0
2016-12-21,53.560001373291016,53.790000915527344,52.31999969482422,52.4900016784668,471993,50.49150047302246,48.83020004272461,57.424718136177205,True,0.0,0.0
2016-12-22,52.52000045776367,53.18999862670898,52.08000183105469,52.95000076293945,393487,50.7410005569458,48.87340003967285,56.70538968130149,True,0.0,0.0
2016-12-23,52.68000030517578,53.27999877929688,52.2599983215332,53.02000045776367,285166,51.08900051116943,48.93020004272461,56.52173913043478,True,0.0,0.0
2016-12-27,53.290000915527344,54.09999847412109,53.02999877929688,53.900001525878906,277306,51.43000049591065,48.99940010070801,65.71429724776567,True,0.0,0.0
2016-12-28,53.93000030517578,54.369998931884766,53.560001373291016,54.060001373291016,322535,51.87150058746338,49.073600158691406,75.38462996971717,True,0.0,0.0
2016-12-29,53.65999984741211,54.209999084472656,53.459999084472656,53.77000045776367,360194,52.08800067901611,49.1502001953125,69.10039768352826,True,0.0,0.0
2016-12-30,53.869998931884766,54.09000015258789,53.40999984741211,53.720001220703125,271094,52.22100067138672,49.218800201416016,65.72239368553916,True,0.0,0.0
2017-01-03,54.20000076293945,55.2400016784668,52.11000061035156,52.33000183105469,727793,52.25350074768066,49.23340026855469,46.48876163697773,True,0.0,0.0
2017-01-04,52.4900016784668,53.43000030517578,52.150001525878906,53.2599983215332,512641,52.32700061798096,49.29000022888184,51.7721455419192,True,0.0,0.0
2017-01-05,53.38999938964844,54.119998931884766,52.790000915527344,53.7599983215332,517362,52.46850051879883,49.34820022583008,71.05262691701964,True,0.0,0.0
2017-01-06,53.72999954223633,54.31999969482422,53.31999969482422,53.9900016784668,528333,52.679500579833984,49.41760025024414,73.58779017182447,True,0.0,0.0
2017-01-09,53.75,53.83000183105469,51.7599983215332,51.959999084472656,564893,52.735500526428225,49.45760025024414,50.395762164251366,True,0.0,0.0
2017-01-10,51.83000183105469,52.369998931884766,50.709999084472656,50.81999969482422,632573,52.701500511169435,49.49040023803711,42.352949096253745,True,0.0,0.0
2017-01-11,50.810001373291016,52.77999877929688,50.75,52.25,815846,52.672500419616696,49.54100021362305,50.101835288267864,True,0.0,0.0
2017-01-12,52.369998931884766,53.5,52.119998931884766,53.0099983215332,660703,52.674000358581544,49.62720016479492,52.51936365524894,True,0.0,0.0
2017-01-13,53.04999923706055,53.16999816894531,52.27000045776367,52.369998931884766,477986,52.74050025939941,49.737400131225584,47.2380865187872,True,0.0,0.0
2017-01-17,52.54999923706055,53.52000045776367,52.119998931884766,52.47999954223633,606023,52.81950016021729,49.85360015869141,47.43832605018172,True,0.0,0.0
2017-01-18,52.52000045776367,52.790000915527344,50.90999984741211,51.08000183105469,236238,52.778500175476076,49.968400192260745,37.251354804174234,True,0.0,0.0
2017-01-19,51.38999938964844,51.869998931884766,51.02000045776367,51.369998931884766,122593,52.741000175476074,50.102600173950194,37.98032310739452,True,0.0,0.0
2017-01-20,51.45000076293945,52.900001525878906,51.38999938964844,52.41999816894531,567231,52.75050010681152,50.26960014343262,44.35145161285174,True,0.0,0.0
2017-01-23,53.33000183105469,53.470001220703125,52.209999084472656,52.75,455333,52.76350002288818,50.42680015563965,46.03433540651649,True,0.0,0.0
2017-01-24,52.86000061035156,53.560001373291016,52.66999816894531,53.18000030517578,520285,52.775,50.59080017089844,53.77106800046846,True,0.0,0.0
2017-01-25,52.95000076293945,53.470001220703125,52.560001373291016,52.75,589709,52.76149997711182,50.74040016174317,47.632319870675744,True,0.0,0.0
2017-01-26,52.959999084472656,54.060001373291016,52.790000915527344,53.77999877929688,578065,52.755499839782715,50.92280014038086,50.08849760669932,True,0.0,0.0
2017-01-27,53.7400016784668,54.08000183105469,52.58000183105469,53.16999816894531,495556,52.71099967956543,51.119800109863284,46.48970994901434,True,0.0,0.0
2017-01-30,53.150001525878906,53.459999084472656,52.40999984741211,52.630001068115234,486309,52.653999710083006,51.25620010375977,53.287549438557676,True,0.0,0.0
2017-01-31,52.59999847412109,53.560001373291016,52.2400016784668,52.810001373291016,586676,52.608499717712405,51.4010001373291,60.780083543183174,True,0.0,0.0
2017-02-01,52.7599983215332,53.90999984741211,52.63999938964844,53.880001068115234,577243,52.68599967956543,51.5702001953125,59.18829011510762,True,0.0,0.0
2017-02-02,53.56999969482422,54.34000015258789,53.34999847412109,53.540000915527344,492553,52.69999980926514,51.727200241088866,53.1361125720335,True,0.0,0.0
2017-02-03,53.68000030517578,54.220001220703125,53.400001525878906,53.83000183105469,462616,52.703499984741214,51.85400024414062,59.012369517252075,True,0.0,0.0
2017-02-06,53.810001373291016,54.130001068115234,52.90999984741211,53.0099983215332,425085,52.65449981689453,51.95360023498535,53.007939422071026,True,0.0,0.0
2017-02-07,53.13999938964844,53.2400016784668,51.630001068115234,52.16999816894531,624057,52.66499977111816,52.0378002166748,56.60603841145832,True,0.0,0.0
2017-02-08,51.63999938964844,52.66999816894531,51.220001220703125,52.34000015258789,767379,52.74099979400635,52.163400192260745,55.965563580126414,True,0.0,0.0
2017-02-09,52.369998931884766,53.209999084472656,52.369998931884766,53.0,610196,52.77849979400635,52.28180015563965,53.74677919522758,True,0.0,0.0
2017-02-10,53.150001525878906,54.130001068115234,52.900001525878906,53.86000061035156,596449,52.82099990844726,52.45440017700195,56.711003850674274,True,0.0,0.0
2017-02-13,53.79999923706055,53.95000076293945,52.77000045776367,52.93000030517578,586034,52.848999977111816,52.52420021057129,48.57468712538125,True,0.0,0.0
2017-02-14,52.90999984741211,53.720001220703125,52.86000061035156,53.20000076293945,493022,52.88500003814697,52.567000198364255,52.61324350560308,True,0.0,0.0
2017-02-15,53.0,53.5099983215332,52.72999954223633,53.11000061035156,463638,52.98649997711182,52.59560020446777,45.63234900623974,True,0.0,0.0
2017-02-16,53.0099983215332,53.59000015258789,52.68000030517578,53.36000061035156,343363,53.08600006103516,52.62700019836426,51.299605380023934,True,0.0,0.0
2017-02-17,53.470001220703125,53.52000045776367,52.880001068115234,53.400001525878906,195352,53.135000228881836,52.67640022277832,55.65344669485767,True,0.0,0.0
2017-02-21,53.47999954223633,54.68000030517578,53.34999847412109,54.060001373291016,665310,53.200500297546384,52.76220024108887,58.57337815379334,True,0.0,0.0
2017-02-22,54.2599983215332,54.59999847412109,53.34999847412109,53.59000015258789,499480,53.221000289916994,52.81720024108887,47.832582369396704,True,0.0,0.0
2017-02-23,53.90999984741211,54.93999862670898,53.869998931884766,54.45000076293945,529880,53.306000328063966,52.87620025634766,56.31066933818538,True,0.0,0.0
2017-02-24,54.33000183105469,54.5099983215332,53.7599983215332,53.9900016784668,395258,53.31650047302246,52.8994002532959,51.08400852878465,True,0.0,0.0
2017-02-27,54.02000045776367,54.61000061035156,53.93999862670898,54.04999923706055,394380,53.360500526428225,52.92080024719238,57.85498855015057,True,0.0,0.0
2017-02-28,54.040000915527344,54.22999954223633,53.18000030517578,54.0099983215332,593909,53.42950038909912,52.9802001953125,65.80755191622877,True,0.0,0.0
2017-03-01,53.95000076293945,54.43999862670898,53.630001068115234,53.83000183105469,491289,53.48050041198731,53.03880020141602,62.77874944627981,True,0.0,0.0
2017-03-02,53.68999862670898,53.79999923706055,52.540000915527344,52.61000061035156,638390,53.41700038909912,53.05300018310547,46.94836129186317,True,0.0,0.0
2017-03-03,52.58000183105469,53.38999938964844,52.54999923706055,53.33000183105469,436360,53.40650043487549,53.07720024108887,45.760009765625,True,0.0,0.0
2017-03-06,53.18999862670898,53.560001373291016,52.7599983215332,53.20000076293945,503692,53.375000381469725,53.09660026550293,52.47706807308819,True,0.0,0.0
2017-03-07,53.16999816894531,53.79999923706055,52.709999084472656,53.13999938964844,494677,53.38150043487549,53.10960021972656,49.42746799550099,True,0.0,0.0
2017-03-08,52.790000915527344,52.91999816894531,50.04999923706055,50.27999877929688,963392,53.287000465393064,53.05620018005371,32.33457505426777,True,0.0,0.0
2017-03-09,50.220001220703125,50.84000015258789,48.59000015258789,49.27999877929688,1073506,53.13400039672852,52.981400146484376,26.712323994875447,True,0.0,0.0
2017-03-10,49.61000061035156,50.11000061035156,48.310001373291016,48.4900016784668,796960,52.90850048065185,52.87320014953613,24.185064595150635,True,0.0,0.0
2017-03-13,48.45000076293945,48.68000030517578,47.900001525878906,48.400001525878906,601362,52.635500526428224,52.76000015258789,18.344515006398368,False,0.0,0.0
2017-03-14,48.45000076293945,48.790000915527344,47.09000015258789,47.720001220703125,857711,52.37500057220459,52.63900016784668,17.923495080706928,False,0.0,0.0
2017-03-15,48.7599983215332,49.040000915527344,48.15999984741211,48.86000061035156,655788,52.1580005645752,52.54180015563965,20.360539591758467,False,0.0,0.0
2017-03-16,49.0099983215332,49.619998931884766,48.45000076293945,48.75,516853,51.94000053405762,52.47020011901856,21.14535890301383,False,0.0,0.0
2017-03-17,48.790000915527344,49.20000076293945,48.59999847412109,48.77999877929688,172340,51.71100044250488,52.380600128173825,20.883972916911745,False,0.0,0.0
2017-03-20,48.70000076293945,48.7400016784668,47.84000015258789,48.220001220703125,142258,51.45200042724609,52.26980018615723,19.74921842519508,False,0.0,0.0
2017-03-21,47.93000030517578,48.72999954223633,47.22999954223633,47.34000015258789,628119,51.11600036621094,52.13680015563965,18.40310910813723,False,0.0,0.0
2017-03-22,48.15999984741211,48.31999969482422,47.0099983215332,48.040000915527344,680849,50.83850040435791,52.05840019226074,26.56410412910661,False,0.0,0.0
2017-03-23,48.150001525878906,48.47999954223633,47.58000183105469,47.70000076293945,499878,50.50100040435791,51.99600021362305,19.957301441320666,False,0.0,0.0
2017-03-24,47.66999816894531,48.20000076293945,47.540000915527344,47.970001220703125,421027,50.20000038146973,51.91040023803711,22.5026263653791,False,0.0,0.0
2017-03-27,48.119998931884766,48.27999877929688,47.08000183105469,47.72999954223633,466176,49.88400039672852,51.804800262451174,22.084620154123286,False,0.0,0.0
2017-03-28,47.88999938964844,48.7400016784668,47.79999923706055,48.369998931884766,502377,49.6020004272461,51.72480026245117,37.21552536366026,False,0.0,0.0
2017-03-29,48.470001220703125,49.630001068115234,48.380001068115234,49.5099983215332,548615,49.38600025177002,51.66540023803711,51.51116714245965,False,0.0,0.0
2017-03-30,49.59999847412109,50.470001220703125,49.27000045776367,50.34999847412109,580668,49.273000144958495,51.650800170898435,62.140971492856345,False,0.0,0.0
2017-03-31,50.31999969482422,50.84999847412109,49.900001525878906,50.59999847412109,527607,49.13649997711182,51.63540016174316,64.0664772001096,False,0.0,0.0
2017-04-03,50.68999862670898,50.83000183105469,50.119998931884766,50.2400016784668,440724,48.98850002288818,51.5918002319336,66.80001159668558,False,0.0,0.0
2017-04-04,50.2400016784668,51.29999923706055,49.880001068115234,51.02999877929688,532054,48.88299999237061,51.55740020751953,65.17482532406285,False,0.0,0.0
2017-04-05,51.18000030517578,51.880001068115234,50.7400016784668,51.150001525878906,651398,48.926500129699704,51.516800231933594,66.7597964783292,False,0.0,0.0
2017-04-06,50.79999923706055,51.81999969482422,50.77000045776367,51.70000076293945,473019,49.04750022888184,51.495800247192385,69.01043826818622,False,0.0,0.0
2017-04-07,51.70000076293945,52.93999862670898,51.4900016784668,52.2400016784668,796437,49.23500022888184,51.46500030517578,76.24021238800557,False,0.0,0.0
2017-04-10,52.310001373291016,53.18000030517578,52.290000915527344,53.08000183105469,565439,49.469000244140624,51.463200378417966,87.66405828778147,False,0.0,0.0
2017-04-11,53.130001068115234,53.45000076293945,52.70000076293945,53.400001525878906,598003,49.753000259399414,51.478600387573245,87.01658972286539,False,0.0,0.0
2017-04-12,53.400001525878906,53.7599983215332,52.709999084472656,53.11000061035156,629805,49.96550025939941,51.48460037231445,87.6217029257514,False,0.0,0.0
2017-04-13,52.84999847412109,53.38999938964844,52.81999969482422,53.18000030517578,480835,50.1870002746582,51.470600357055666,87.26752987634708,False,0.0,0.0
2017-04-17,52.970001220703125,53.209999084472656,52.54999923706055,52.650001525878906,326340,50.380500411987306,51.4528003692627,83.79124578771726,False,0.0,0.0
2017-04-18,52.75,52.84999847412109,52.09999847412109,52.40999984741211,202043,50.59000034332276,51.424400329589844,79.36048349089302,False,0.0,0.0
2017-04-19,52.36000061035156,52.650001525878906,50.09000015258789,50.43999862670898,133173,50.74500026702881,51.37300033569336,56.031131099929205,False,0.0,0.0
2017-04-20,50.630001068115234,50.970001220703125,50.18000030517578,50.27000045776367,606263,50.856500244140626,51.335000381469726,49.43183203620935,False,0.0,0.0
2017-04-21,50.709999084472656,50.93000030517578,49.20000076293945,49.619998931884766,687474,50.95250015258789,51.28060035705566,43.413980355330956,False,0.0,0.0
2017-04-24,49.68000030517578,50.220001220703125,49.02999877929688,49.22999954223633,517897,51.01550006866455,51.20520034790039,43.239611973347166,False,0.0,0.0
2017-04-25,49.220001220703125,49.83000183105469,48.869998931884766,49.560001373291016,587240,51.10700016021728,51.11920036315918,39.515006005014,False,0.0,0.0
2017-04-26,49.36000061035156,50.20000076293945,48.93999862670898,49.619998931884766,655717,51.16950016021728,51.05300033569336,38.992788301889064,True,0.0,0.0
2017-04-27,49.220001220703125,49.43000030517578,48.20000076293945,48.970001220703125,771189,51.14250030517578,50.96840034484863,30.63829902359973,True,0.0,0.0
2017-04-28,49.27000045776367,49.7599983215332,48.79999923706055,49.33000183105469,633992,51.091500473022464,50.892800369262694,28.820958516410144,True,0.0,0.0
2017-05-01,49.16999816894531,49.31999969482422,48.59000015258789,48.84000015258789,364386,51.0035005569458,50.80240036010742,17.48465198788425,True,0.0,0.0
2017-05-02,48.77999877929688,49.27999877929688,47.34999847412109,47.65999984741211,702375,50.87450046539307,50.68760032653809,11.111105367815838,True,0.0,0.0
2017-05-03,48.119998931884766,48.22999954223633,47.29999923706055,47.81999969482422,691319,50.71400051116943,50.56280029296875,13.517235065328663,True,0.0,0.0
2017-05-04,47.59999847412109,47.75,45.290000915527344,45.52000045776367,943959,50.43250045776367,50.401400299072264,9.599154972083895,True,0.0,0.0
2017-05-05,45.5099983215332,46.68000030517578,43.7599983215332,46.220001220703125,1021610,50.15850048065185,50.23680030822754,16.683941510619874,False,0.0,0.0
2017-05-08,46.34999847412109,46.97999954223633,45.72999954223633,46.43000030517578,785055,49.8680004119873,50.08560028076172,18.918917847193995,False,0.0,0.0
2017-05-09,46.4900016784668,46.77999877929688,45.52999877929688,45.880001068115234,701944,49.50800037384033,49.92220031738281,22.195126489825938,False,0.0,0.0
2017-05-10,46.18000030517578,47.77999877929688,46.0099983215332,47.33000183105469,819796,49.204500389099124,49.78860038757324,34.49367738041346,False,0.0,0.0
2017-05-11,47.38999938964844,48.220001220703125,47.34000015258789,47.83000183105469,661783,48.94050045013428,49.66860038757324,40.40730181457787,False,0.0,0.0
2017-05-12,47.810001373291016,48.06999969482422,47.34999847412109,47.84000015258789,537490,48.67350044250488,49.573200378417965,42.23463763347183,False,0.0,0.0
2017-05-15,47.84999847412109,49.65999984741211,47.75,48.84999847412109,687153,48.48350028991699,49.4836003112793,46.3135857584538,False,0.0,0.0
2017-05-16,48.81999969482422,49.380001068115234,48.16999816894531,48.65999984741211,589212,48.29600028991699,49.39280029296875,45.08196913532959,False,0.0,0.0
2017-05-17,48.22999954223633,49.5,48.02999877929688,49.06999969482422,650107,48.22750034332275,49.31140029907227,50.52520225516006,False,0.0,0.0
2017-05-18,48.93000030517578,49.59999847412109,48.04999923706055,49.34999847412109,242754,48.18150024414062,49.29280029296875,50.105914481229135,False,0.0,0.0
2017-05-19,49.27999877929688,50.52999877929688,49.27999877929688,50.33000183105469,146452,48.21700038909912,49.31380035400391,57.5025287264477,False,0.0,0.0
2017-05-22,50.59999847412109,51.060001373291016,50.43999862670898,50.72999954223633,564310,48.29200038909912,49.3586003112793,66.7759658069487,False,0.0,0.0
2017-05-23,51.040000915527344,51.790000915527344,50.56999969482422,51.470001220703125,584139,48.38750038146973,49.42000030517578,68.75643950977397,False,0.0,0.0
2017-05-24,51.43999862670898,51.880001068115234,51.02999877929688,51.36000061035156,736341,48.474500465393064,49.49280029296875,88.72680635344658,False,0.0,0.0
2017-05-25,51.25,52.0,48.45000076293945,48.900001525878906,1147389,48.47100048065185,49.493600311279295,64.40861088345974,False,0.0,0.0
2017-05-26,48.75,49.93999862670898,48.18000030517578,49.79999923706055,763920,48.49450035095215,49.51460029602051,66.86687156834557,False,0.0,0.0
2017-05-30,49.93000030517578,50.27999877929688,49.02999877929688,49.65999984741211,663486,48.53550033569336,49.53220031738281,69.72860682233936,False,0.0,0.0
2017-05-31,49.650001525878906,49.709999084472656,47.72999954223633,48.31999969482422,779144,48.56850032806396,49.534200286865236,55.22702499333334,False,0.0,0.0
2017-06-01,48.630001068115234,49.16999816894531,47.900001525878906,48.36000061035156,774478,48.59550037384033,49.55460029602051,52.941171489587276,False,0.0,0.0
2017-06-02,48.040000915527344,48.18999862670898,46.7400016784668,47.65999984741211,802662,48.702500343322754,49.5470002746582,49.072163083471885,False,0.0,0.0
2017-06-05,47.709999084472656,48.41999816894531,46.86000061035156,47.400001525878906,710199,48.76150035858154,49.541000289916994,41.8994556275968,False,0.0,0.0
2017-06-06,47.400001525878906,48.400001525878906,46.93999862670898,48.18999862670898,825056,48.849500274658205,49.54540023803711,47.53925944507509,False,0.0,0.0
2017-06-07,47.97999954223633,48.22999954223633,45.650001525878906,45.720001220703125,1182327,48.8415002822876,49.50520027160645,35.5727799335631,False,0.0,0.0
2017-06-08,45.84999847412109,46.18000030517578,45.20000076293945,45.63999938964844,927695,48.75700016021729,49.45060028076172,33.74232964746304,False,0.0,0.0
2017-06-09,45.709999084472656,46.18000030517578,45.27000045776367,45.83000183105469,735933,48.65700016021729,49.37700035095215,28.813549581029648,False,0.0,0.0
2017-06-12,45.79999923706055,46.709999084472656,45.65999984741211,46.08000183105469,666765,48.569000244140625,49.29160041809082,27.793701703716323,False,0.0,0.0
2017-06-13,46.0099983215332,46.56999969482422,45.560001373291016,46.459999084472656,783320,48.449500274658206,49.20880043029785,25.222524161652686,False,0.0,0.0
2017-06-14,45.93999862670898,46.4900016784668,44.540000915527344,44.72999954223633,924408,48.253000259399414,49.09860038757324,21.73910639760618,False,0.0,0.0
2017-06-15,44.68999862670898,44.810001373291016,44.220001220703125,44.459999084472656,500938,48.02250022888184,48.967200393676755,26.729530575979666,False,0.0,0.0
2017-06-16,44.25,44.93999862670898,44.2400016784668,44.7400016784668,191824,47.79200038909912,48.839000396728515,21.63677916319547,False,0.0,0.0
2017-06-19,44.68000030517578,45.060001373291016,44.04999923706055,44.20000076293945,123943,47.48550033569336,48.68900039672852,20.7081584589277,False,0.0,0.0
2017-06-20,44.11000061035156,44.400001525878906,42.75,43.22999954223633,894104,47.11050033569336,48.50880035400391,21.56424738160476,False,0.0,0.0
2017-06-21,43.380001068115234,44.20000076293945,42.04999923706055,42.52999877929688,1071747,46.663500213623045,48.29780029296875,19.66700592726906,False,0.0,0.0
2017-06-22,42.54999923706055,43.31999969482422,42.2599983215332,42.7400016784668,668830,46.23250026702881,48.08460029602051,23.026333951548253,False,0.0,0.0
2017-06-23,42.79999923706055,43.20000076293945,42.52999877929688,43.0099983215332,690906,45.93800010681152,47.88260025024414,25.958364234605867,False,0.0,0.0
2017-06-26,43.15999984741211,43.650001525878906,42.630001068115234,43.380001068115234,661354,45.61700019836426,47.68660026550293,22.388095000341593,False,0.0,0.0
2017-06-27,43.4900016784668,44.43999862670898,43.31999969482422,44.2400016784668,759115,45.346000289916994,47.518400268554686,39.577482571961994,False,0.0,0.0
2017-06-28,43.70000076293945,44.900001525878906,43.66999816894531,44.7400016784668,753375,45.16700038909912,47.36500030517578,44.015979100351274,False,0.0,0.0
2017-06-29,44.88999938964844,45.45000076293945,44.650001525878906,44.93000030517578,768946,44.99550037384033,47.25480033874512,44.015950701153116,False,0.0,0.0
2017-06-30,44.88999938964844,46.34999847412109,44.880001068115234,46.040000915527344,677408,44.9145004272461,47.17020034790039,49.76133119200571,False,0.0,0.0
2017-07-03,46.27999877929688,47.09999847412109,45.91999816894531,47.06999969482422,517621,44.89800033569336,47.11920036315918,53.37763110425058,False,0.0,0.0
2017-07-05,47.040000915527344,47.31999969482422,44.5099983215332,45.130001068115234,1173581,44.74500045776367,47.037200393676756,52.16450913462571,False,0.0,0.0
2017-07-06,45.650001525878906,46.52999877929688,45.18000030517578,45.52000045776367,969676,44.735000419616696,46.95640037536621,55.66239782138505,False,0.0,0.0
2017-07-07,45.34999847412109,45.41999816894531,43.77999877929688,44.22999954223633,975914,44.6645004272461,46.84860038757324,47.5409739578007,False,0.0,0.0
2017-07-10,44.34999847412109,44.84000015258789,43.650001525878906,44.400001525878906,848570,44.593000411987305,46.757200393676754,51.000003433226226,False,0.0,0.0
2017-07-11,44.58000183105469,45.810001373291016,43.83000183105469,45.040000915527344,1010691,44.54100036621094,46.67140037536621,59.358846959663246,False,0.0,0.0
2017-07-12,45.7400016784668,46.47999954223633,45.11000061035156,45.4900016784668,963505,44.49250049591065,46.60440040588379,65.7112647338601,False,0.0,0.0
2017-07-13,45.43999862670898,46.27999877929688,44.9900016784668,46.08000183105469,748971,44.560000610351565,46.57280044555664,67.04081843168441,False,0.0,0.0
2017-07-14,46.08000183105469,46.7400016784668,45.79999923706055,46.540000915527344,742895,44.6640007019043,46.547200469970704,67.66767768219185,False,0.0,0.0
2017-07-17,46.68000030517578,46.880001068115234,45.88999938964844,46.02000045776367,560633,44.72800064086914,46.5572004699707,63.01774925323723,False,0.0,0.0
2017-07-18,45.9900016784668,46.91999816894531,45.810001373291016,46.400001525878906,208420,44.83800067901611,46.56080047607422,61.18012361040962,False,0.0,0.0
2017-07-19,46.25,47.2599983215332,46.13999938964844,47.119998931884766,140677,45.032500648498534,46.5746004486084,62.044523861555795,False,0.0,0.0
2017-07-20,47.09000015258789,47.54999923706055,46.65999984741211,46.790000915527344,720621,45.24550075531006,46.59280044555664,59.28144328091486,False,0.0,0.0
2017-07-21,46.90999984741211,47.209999084472656,45.540000915527344,45.77000045776367,769438,45.3970006942749,46.56160041809082,48.64048059824309,False,0.0,0.0
2017-07-24,45.619998931884766,46.52999877929688,45.400001525878906,46.34000015258789,707910,45.563500785827635,46.53180038452148,46.14572469801648,False,0.0,0.0
2017-07-25,46.459999084472656,48.65999984741211,46.380001068115234,47.88999938964844,885700,45.7890007019043,46.532800369262695,65.19823196305288,False,0.0,0.0
2017-07-26,48.5099983215332,48.869998931884766,47.86000061035156,48.75,887864,46.01450061798096,46.530800399780276,66.91099371873096,False,0.0,0.0
2017-07-27,48.70000076293945,49.2400016784668,48.25,49.040000915527344,880757,46.22950057983398,46.538400421142576,78.12866551169819,False,0.0,0.0
2017-07-28,49.16999816894531,49.810001373291016,48.86000061035156,49.709999084472656,771225,46.46850051879883,46.55120040893555,79.3370179252926,False,0.0,0.0
2017-07-31,49.84999847412109,50.40999984741211,49.18000030517578,50.16999816894531,781539,46.67500038146973,46.56760040283203,78.91770054911028,True,0.0,0.0
2017-08-01,50.209999084472656,50.43000030517578,48.369998931884766,49.15999984741211,1008583,46.77950038909912,46.54420036315918,69.4591782577459,True,0.0,0.0
2017-08-02,48.79999923706055,49.650001525878906,48.54999923706055,49.59000015258789,847722,47.00250034332275,46.52140037536621,68.93204442829494,True,0.0,0.0
2017-08-03,49.59000015258789,49.959999084472656,48.77999877929688,49.02999877929688,837763,47.17800025939941,46.472600326538085,63.28708197084386,True,0.0,0.0
2017-08-04,48.95000076293945,49.63999938964844,48.5,49.58000183105469,745664,47.44550037384033,46.43700035095215,68.93618212830131,True,0.0,0.0
2017-08-07,49.59000015258789,49.72999954223633,48.540000915527344,49.38999938964844,831374,47.69500026702881,46.44680030822754,66.23234615088312,True,0.0,0.0
2017-08-08,49.310001373291016,49.790000915527344,48.86000061035156,49.16999816894531,924240,47.901500129699706,46.434200286865234,61.76807436686342,True,0.0,0.0
2017-08-09,49.0,49.720001220703125,48.900001525878906,49.560001373291016,858250,48.10500011444092,46.432200317382815,65.79246239133889,True,0.0,0.0
2017-08-10,49.68000030517578,50.220001220703125,48.34999847412109,48.59000015258789,1135440,48.230500030517575,46.43760032653809,66.16970660983125,True,0.0,0.0
2017-08-11,48.52000045776367,48.97999954223633,47.97999954223633,48.81999969482422,804237,48.34449996948242,46.44680030822754,64.79711794913351,True,0.0,0.0
2017-08-14,48.790000915527344,49.15999984741211,47.43000030517578,47.59000015258789,763241,48.422999954223634,46.44540031433105,48.138964627951474,True,0.0,0.0
2017-08-15,47.4900016784668,47.900001525878906,47.02000045776367,47.54999923706055,770358,48.480499839782716,46.448400268554686,41.712712567672575,True,0.0,0.0
2017-08-16,47.720001220703125,47.9900016784668,46.66999816894531,46.77999877929688,815544,48.46349983215332,46.42020027160645,35.36269724482324,True,0.0,0.0
2017-08-17,46.79999923706055,47.18999862670898,46.459999084472656,47.09000015258789,608314,48.478499794006346,46.44760025024414,32.201123364308614,True,0.0,0.0
2017-08-18,46.93000030517578,48.7400016784668,46.77999877929688,48.5099983215332,253069,48.61549968719483,46.50500022888183,40.02405273445109,True,0.0,0.0
2017-08-21,48.720001220703125,48.75,47.02999877929688,47.369998931884766,129192,48.666999626159665,46.53580017089844,39.40829390732778,True,0.0,0.0
2017-08-22,47.45000076293945,48.02999877929688,47.20000076293945,47.63999938964844,864387,48.65449962615967,46.56700012207031,38.23885491149589,True,0.0,0.0
2017-08-23,47.63999938964844,48.5,47.52999877929688,48.40999984741211,701693,48.63749961853027,46.606000137329104,46.35295236975402,True,0.0,0.0
2017-08-24,48.36000061035156,48.43000030517578,47.060001373291016,47.43000030517578,831358,48.556999588012694,46.66000015258789,37.961928244454796,True,0.0,0.0
2017-08-25,47.619998931884766,47.90999984741211,47.38999938964844,47.869998931884766,646518,48.4649995803833,46.728200149536136,41.72113411979223,True,0.0,0.0
2017-08-28,47.88999938964844,48.20000076293945,46.150001525878906,46.56999969482422,921285,48.28499965667724,46.76480010986328,37.32944477204399,True,0.0,0.0
2017-08-29,46.86000061035156,46.959999084472656,45.7599983215332,46.43999862670898,895643,48.14899959564209,46.809600067138675,34.3999862670898,True,0.0,0.0
2017-08-30,46.310001373291016,46.720001220703125,45.84000015258789,45.959999084472656,895643,47.967499542236325,46.864200057983396,36.1724419963345,True,0.0,0.0
2017-08-31,45.95000076293945,47.470001220703125,45.58000183105469,47.22999954223633,882983,47.8774995803833,46.95820007324219,42.464453708193346,True,0.0,0.0
2017-09-01,47.08000183105469,47.34999847412109,46.560001373291016,47.290000915527344,915708,47.762999534606934,47.0492000579834,48.40085712740315,True,0.0,0.0
2017-09-05,47.27999877929688,48.97999954223633,47.150001525878906,48.65999984741211,742808,47.72649955749512,47.162200088500974,55.182076121560286,True,0.0,0.0
2017-09-06,48.59000015258789,49.41999816894531,48.52000045776367,49.15999984741211,788963,47.725999641418454,47.27780006408691,61.39847404781451,True,0.0,0.0
2017-09-07,49.13999938964844,49.33000183105469,48.630001068115234,49.09000015258789,702514,47.702499580383304,47.374800033569336,59.80392450188267,True,0.0,0.0
2017-09-08,49.09000015258789,49.2599983215332,47.27000045776367,47.47999954223633,843760,47.646999549865725,47.42959999084473,45.04331645907957,True,0.0,0.0
2017-09-11,47.58000183105469,48.27000045776367,47.0,48.06999969482422,774468,47.609499549865724,47.49239997863769,53.55691439067384,True,0.0,0.0
2017-09-12,48.119998931884766,48.43999862670898,47.72999954223633,48.22999954223633,676040,47.641499519348145,47.536199951171874,53.031861152854106,True,0.0,0.0
2017-09-13,48.34000015258789,49.400001525878906,48.119998931884766,49.29999923706055,706925,47.72899951934814,47.580799942016604,54.43668742754737,True,0.0,0.0
2017-09-14,49.310001373291016,50.5,49.150001525878906,49.88999938964844,709035,47.88449954986572,47.67599990844727,62.759332158849695,True,0.0,0.0
2017-09-15,49.720001220703125,50.130001068115234,49.40999984741211,49.88999938964844,433597,48.02449951171875,47.76339988708496,60.9782624470037,True,0.0,0.0
2017-09-18,49.84999847412109,50.33000183105469,49.18999862670898,49.90999984741211,189605,48.094499588012695,47.876999893188476,71.08585426800457,True,0.0,0.0
2017-09-19,49.90999984741211,50.41999816894531,49.33000183105469,49.47999954223633,143379,48.19999961853027,47.978599853515625,68.49148700775568,True,0.0,0.0
2017-09-20,49.84000015258789,50.650001525878906,49.75,50.40999984741211,754413,48.33849964141846,48.08599983215332,75.66320498735254,True,0.0,0.0
2017-09-21,50.720001220703125,50.810001373291016,50.06999969482422,50.54999923706055,580569,48.44549961090088,48.1871997833252,72.0159104224195,True,0.0,0.0
2017-09-22,50.72999954223633,50.77999877929688,50.290000915527344,50.65999984741211,473795,48.6069995880127,48.27879974365234,72.20025602196944,True,0.0,0.0
2017-09-25,50.68000030517578,52.27999877929688,50.38999938964844,52.220001220703125,701244,48.824499702453615,48.39239974975586,72.87917857533363,True,0.0,0.0
2017-09-26,52.119998931884766,52.43000030517578,51.43000030517578,51.880001068115234,709515,49.089999771118165,48.50959976196289,67.84777060561552,True,0.0,0.0
2017-09-27,52.09000015258789,52.34000015258789,51.630001068115234,52.13999938964844,637035,49.374999809265134,48.62439971923828,69.52624008166674,True,0.0,0.0
2017-09-28,52.04999923706055,52.86000061035156,51.220001220703125,51.560001373291016,801816,49.65499992370606,48.7131997680664,80.08851449585222,True,0.0,0.0
2017-09-29,51.58000183105469,51.77000045776367,51.25,51.66999816894531,551982,49.876999855041504,48.81079971313476,78.57143722154203,True,0.0,0.0
2017-10-02,51.63999938964844,51.709999084472656,50.06999969482422,50.58000183105469,600933,50.04149990081787,48.90699974060058,66.25176291445308,True,0.0,0.0
2017-10-03,50.59000015258789,50.72999954223633,50.13999938964844,50.41999816894531,462735,50.12949981689453,48.988599700927736,58.860756819530295,True,0.0,0.0
2017-10-04,50.15999984741211,50.66999816894531,49.7599983215332,49.97999954223633,598836,50.17049980163574,49.03039970397949,50.729337398225695,True,0.0,0.0
2017-10-05,49.880001068115234,51.220001220703125,49.84999847412109,50.790000915527344,654385,50.255499839782715,49.07119972229004,56.447006280591374,True,0.0,0.0
2017-10-06,50.75,50.81999969482422,49.09999847412109,49.290000915527344,743114,50.34599990844727,49.07619972229004,46.33570166345243,True,0.0,0.0
2017-10-09,49.25,49.790000915527344,49.130001068115234,49.58000183105469,505079,50.421500015258786,49.07359977722168,50.600975590968886,True,0.0,0.0
2017-10-10,49.54999923706055,51.060001373291016,49.540000915527344,50.91999816894531,664839,50.55599994659424,49.08859977722168,52.92095529196881,True,0.0,0.0
2017-10-11,50.93999862670898,51.41999816894531,50.61000061035156,51.29999923706055,651948,50.655999946594235,49.13139976501465,54.18060499355712,True,0.0,0.0
2017-10-12,51.0,51.130001068115234,50.150001525878906,50.59999847412109,729273,50.691499900817874,49.151599731445316,49.68618508077304,True,0.0,0.0
2017-10-13,50.72999954223633,51.720001220703125,50.70000076293945,51.45000076293945,667497,50.769499969482425,49.199999771118165,45.64971230268629,True,0.0,0.0
2017-10-16,51.43000030517578,52.369998931884766,51.34999847412109,51.869998931884766,520725,50.867499923706056,49.245799713134765,49.94399695165711,True,0.0,0.0
2017-10-17,51.93000030517578,52.25,51.209999084472656,51.880001068115234,471612,50.9875,49.2955997467041,48.50231321050414,True,0.0,0.0
2017-10-18,51.93999862670898,52.33000183105469,51.68999862670898,52.040000915527344,152620,51.06900005340576,49.35299980163574,52.9055668267208,True,0.0,0.0
2017-10-19,52.04999923706055,52.16999816894531,51.06999969482422,51.290000915527344,127413,51.106000137329104,49.38759979248047,47.865184335569865,True,0.0,0.0
2017-10-20,51.41999816894531,51.72999954223633,50.70000076293945,51.470001220703125,674142,51.146500205993654,49.44519981384278,55.56945417878551,True,0.0,0.0
2017-10-23,52.06999969482422,52.29999923706055,51.68000030517578,51.900001525878906,583563,51.13050022125244,49.506799850463864,58.95885577584732,True,0.0,0.0
2017-10-24,51.88999938964844,52.619998931884766,51.54999923706055,52.470001220703125,709553,51.160000228881835,49.604399871826175,64.83909849508203,True,0.0,0.0
2017-10-25,52.560001373291016,52.56999969482422,51.88999938964844,52.18000030517578,681739,51.162000274658205,49.696999893188476,58.83099685226995,True,0.0,0.0
2017-10-26,52.18999862670898,52.86000061035156,51.90999984741211,52.63999938964844,594647,51.216000175476076,49.814199905395505,74.52414038082169,True,0.0,0.0
2017-10-27,52.79999923706055,54.20000076293945,52.25,53.900001525878906,730915,51.327500343322754,49.95039993286133,77.69229490141451,True,0.0,0.0
2017-10-30,54.15999984741211,54.459999084472656,53.75,54.150001525878906,565043,51.50600032806396,50.06319999694824,74.0685553284047,True,0.0,0.0
2017-10-31,54.08000183105469,54.84999847412109,53.93000030517578,54.380001068115234,497295,51.70400047302246,50.20340003967285,73.47560514658073,True,0.0,0.0
2017-11-01,54.650001525878906,55.220001220703125,53.88999938964844,54.29999923706055,671038,51.92000045776367,50.33660003662109,81.1447547646739,True,0.0,0.0
2017-11-02,54.27999877929688,54.84000015258789,53.9900016784668,54.540000915527344,482846,52.10750045776367,50.459200057983395,78.9868375191182,True,0.0,0.0
2017-11-03,54.72999954223633,55.7599983215332,54.400001525878906,55.63999938964844,614159,52.42500038146973,50.62340003967285,81.36436543113336,True,0.0,0.0
2017-11-06,55.970001220703125,57.61000061035156,55.65999984741211,57.34999847412109,861713,52.813500213623044,50.81300003051758,85.4733809931172,True,0.0,0.0
2017-11-07,57.27000045776367,57.68999862670898,56.83000183105469,57.20000076293945,750187,53.12750034332275,51.025600051879884,83.50648919573811,True,0.0,0.0
2017-11-08,56.959999084472656,57.91999816894531,56.40999984741211,56.810001373291016,919147,53.40300045013428,51.233000106811524,87.60218217309898,True,0.0,0.0
2017-11-09,56.84999847412109,57.52999877929688,56.68999862670898,57.16999816894531,666949,53.731500434875485,51.457200088500976,87.89893279738173,True,0.0,0.0
2017-11-10,57.02000045776367,57.34999847412109,56.54999923706055,56.7400016784668,541296,53.99600048065186,51.64740013122559,82.18088276845836,True,0.0,0.0
2017-11-13,56.900001525878906,57.150001525878906,56.29999923706055,56.7599983215332,631619,54.24050045013428,51.8368000793457,80.77477326599322,True,0.0,0.0
2017-11-14,56.720001220703125,56.77000045776367,54.810001373291016,55.70000076293945,707338,54.43150043487549,51.97760009765625,72.73906094211364,True,0.0,0.0
2017-11-15,55.060001373291016,55.560001373291016,54.880001068115234,55.33000183105469,501385,54.59600048065185,52.1010001373291,67.58174686521083,True,0.0,0.0
2017-11-16,55.29999923706055,55.619998931884766,54.93000030517578,55.13999938964844,213923,54.78850040435791,52.22200012207031,59.42249539684529,True,0.0,0.0
2017-11-17,55.25,56.68000030517578,55.18000030517578,56.54999923706055,184944,55.04250030517578,52.4034001159668,65.50388838590217,True,0.0,0.0
2017-11-20,56.68999862670898,56.7599983215332,55.56999969482422,56.09000015258789,593241,55.25200023651123,52.56380012512207,60.727742135583306,True,0.0,0.0
2017-11-21,56.380001068115234,57.220001220703125,56.31999969482422,56.83000183105469,619066,55.47000026702881,52.735800170898436,64.65820830933491,True,0.0,0.0
2017-11-22,57.119998931884766,58.150001525878906,57.02999877929688,58.02000045776367,837411,55.762000274658206,52.9102001953125,68.16286954946277,True,0.0,0.0
2017-11-24,58.04999923706055,59.04999923706055,57.75,58.95000076293945,577826,56.077500343322754,53.09140022277832,67.58770879015526,True,0.0,0.0
2017-11-27,58.95000076293945,58.9900016784668,57.54999923706055,58.11000061035156,690078,56.28800029754639,53.25580024719238,54.449668692539404,True,0.0,0.0
2017-11-28,57.86000061035156,58.11000061035156,57.41999816894531,57.9900016784668,546526,56.48000030517578,53.41740028381348,54.64161065642479,True,0.0,0.0
2017-11-29,57.72999954223633,58.29999923706055,56.75,57.29999923706055,741564,56.626000213623044,53.573800277709964,52.78092181550353,True,0.0,0.0
2017-11-30,57.40999984741211,57.97999954223633,56.81999969482422,57.400001525878906,735128,56.78100032806397,53.71360031127929,51.34504959109101,True,0.0,0.0
2017-12-01,57.41999816894531,58.880001068115234,57.290000915527344,58.36000061035156,685215,56.97200031280518,53.869800338745115,58.92070091296481,True,0.0,0.0
2017-12-04,58.31999969482422,58.34000015258789,57.34999847412109,57.470001220703125,529965,57.06350040435791,54.00600036621094,53.56785349109949,True,0.0,0.0
2017-12-05,57.47999954223633,57.91999816894531,57.08000183105469,57.619998931884766,499245,57.07700042724609,54.11400032043457,60.61945782354664,True,0.0,0.0
2017-12-06,57.45000076293945,57.56999969482422,55.869998931884766,55.959999084472656,678992,57.015000343322754,54.19560028076172,53.049356930044446,True,0.0,0.0
2017-12-07,56.0,56.77999877929688,55.81999969482422,56.68999862670898,557325,57.00900020599365,54.286600265502926,57.12971200261095,True,0.0,0.0
2017-12-08,56.650001525878906,57.790000915527344,56.540000915527344,57.36000061035156,681599,57.018500328063965,54.40260025024414,53.99803202311865,True,0.0,0.0
2017-12-11,57.25,58.08000183105469,56.90999984741211,57.9900016784668,606724,57.081000328063965,54.52900032043457,59.22330564530584,True,0.0,0.0
2017-12-12,58.02000045776367,58.560001373291016,56.84999847412109,57.13999938964844,826488,57.10000038146973,54.66020027160644,51.48894067982938,True,0.0,0.0
2017-12-13,57.45000076293945,57.83000183105469,56.54999923706055,56.59999847412109,658143,57.145000267028806,54.78380027770996,42.7254041094739,True,0.0,0.0
2017-12-14,56.70000076293945,57.220001220703125,56.09000015258789,57.040000915527344,580571,57.23050022125244,54.92500030517578,39.697960188092814,True,0.0,0.0
2017-12-15,57.150001525878906,57.4900016784668,56.93999862670898,57.29999923706055,210054,57.33850021362305,55.055200271606445,45.33946610957788,True,0.0,0.0
2017-12-18,57.369998931884766,57.77999877929688,56.81999969482422,57.15999984741211,137151,57.36900024414062,55.212600250244144,45.235354814748646,True,0.0,0.0
2017-12-19,57.29999923706055,57.63999938964844,57.15999984741211,57.459999084472656,420784,57.437500190734866,55.3702001953125,50.96153713895075,True,0.0,0.0
2017-12-20,57.65999984741211,58.119998931884766,57.43999862670898,58.09000015258789,420844,57.50050010681152,55.513600234985354,53.89829631784824,True,0.0,0.0
2017-12-21,58.02000045776367,58.380001068115234,57.630001068115234,58.36000061035156,405320,57.51750011444092,55.654800262451175,50.0,True,0.0,0.0
2017-12-22,58.209999084472656,58.5,57.869998931884766,58.470001220703125,324554,57.4935001373291,55.81220031738281,56.7750632681079,True,0.0,0.0
2017-12-26,58.400001525878906,60.0099983215332,58.31999969482422,59.970001220703125,437785,57.58650016784668,55.98260032653808,63.459337676462354,True,0.0,0.0
2017-12-27,59.790000915527344,59.93000030517578,59.33000183105469,59.63999938964844,402396,57.66900005340576,56.13800033569336,74.86483616411009,True,0.0,0.0
2017-12-28,59.52999877929688,59.93999862670898,59.43999862670898,59.84000015258789,345962,57.79600009918213,56.29720031738281,72.925740672052,True,0.0,0.0
2017-12-29,59.90999984741211,60.5099983215332,59.81999969482422,60.41999816894531,464478,57.94699993133545,56.46480026245117,72.56633234646416,True,0.0,0.0
2018-01-02,60.20000076293945,60.7400016784668,60.09999847412109,60.369998931884766,510313,58.04749984741211,56.64640022277832,69.19351206612461,True,0.0,0.0
2018-01-03,60.38999938964844,61.970001220703125,60.27999877929688,61.630001068115234,673859,58.255499839782715,56.84960021972656,83.9636813362165,True,0.0,0.0
2018-01-04,61.959999084472656,62.209999084472656,61.59000015258789,62.0099983215332,654363,58.474999809265135,57.05180015563965,91.93797835263058,True,0.0,0.0
2018-01-05,61.900001525878906,62.040000915527344,61.09000015258789,61.43999862670898,563036,58.748999786376956,57.23120010375977,83.43464314307951,True,0.0,0.0
2018-01-08,61.61000061035156,61.970001220703125,61.34000015258789,61.72999954223633,616474,59.00099983215332,57.42220008850098,83.5098327996989,True,0.0,0.0
2018-01-09,61.91999816894531,63.47999954223633,61.79999923706055,62.959999084472656,844720,59.280999755859376,57.62860008239746,87.66232897648703,True,0.0,0.0
2018-01-10,63.40999984741211,63.66999816894531,63.09000015258789,63.56999969482422,697844,59.55999965667725,57.82200004577637,88.13981885669594,True,0.0,0.0
2018-01-11,63.5,64.7699966430664,63.43000030517578,63.79999923706055,876642,59.89299964904785,58.015,87.51641673133098,True,0.0,0.0
2018-01-12,63.56999969482422,64.5,63.060001373291016,64.30000305175781,678727,60.27799987792969,58.21340003967285,87.88264946161213,True,0.0,0.0
2018-01-16,64.43000030517578,64.88999938964844,63.38999938964844,63.72999954223633,867771,60.61249980926514,58.40200004577637,81.68671066280535,True,0.0,0.0
2018-01-17,63.88999938964844,64.16999816894531,63.310001373291016,63.970001220703125,444384,60.94599990844726,58.59060005187988,78.4090564271068,True,0.0,0.0
2018-01-18,64.06999969482422,64.3499984741211,63.470001220703125,63.95000076293945,204504,61.28549995422363,58.7568000793457,82.02077845814969,True,0.0,0.0
2018-01-19,63.7400016784668,63.77000045776367,62.84999847412109,63.369998931884766,142711,61.58099994659424,58.87720008850098,74.82415392688017,True,0.0,0.0
2018-01-22,63.61000061035156,64.13999938964844,63.16999816894531,63.4900016784668,625662,61.851000022888186,59.00300010681153,73.08268813447896,True,0.0,0.0
2018-01-23,63.880001068115234,64.87999725341797,63.70000076293945,64.47000122070312,662456,62.156500053405765,59.156200103759765,77.04482261437147,True,0.0,0.0
2018-01-24,64.41999816894531,66.05000305175781,64.33999633789062,65.61000061035156,887018,62.51350002288818,59.32500015258789,76.67556250086285,True,0.0,0.0
2018-01-25,65.87999725341797,66.66000366210938,65.08000183105469,65.51000213623047,771758,62.79050006866455,59.500400161743165,74.3732457335762,True,0.0,0.0
2018-01-26,65.25,66.3499984741211,64.91000366210938,66.13999938964844,678186,63.11550006866455,59.688000183105466,82.45852707562207,True,0.0,0.0
2018-01-29,66.18000030517578,66.45999908447266,64.9800033569336,65.55999755859375,656168,63.40149993896485,59.885200119018556,75.43155920599692,True,0.0,0.0
2018-01-30,65.52999877929688,65.55999755859375,63.88999938964844,64.5,688380,63.605500030517575,60.06860008239746,60.46195102887868,True,0.0,0.0
2018-01-31,64.02999877929688,64.94000244140625,63.66999816894531,64.7300033569336,613258,63.82350025177002,60.26040016174316,58.30946874139236,True,0.0,0.0
2018-02-01,64.76000213623047,66.25,64.62999725341797,65.80000305175781,685750,64.03200035095215,60.44540023803711,62.78772996079453,True,0.0,0.0
2018-02-02,65.98999786376953,66.30000305175781,64.47000122070312,65.44999694824219,857572,64.2040002822876,60.632600173950195,57.496687635031094,True,0.0,0.0
2018-02-05,65.0999984741211,65.4000015258789,63.41999816894531,64.1500015258789,891063,64.3395004272461,60.77900016784668,52.5000102179326,True,0.0,0.0
2018-02-06,63.43000030517578,64.29000091552734,63.119998931884766,63.38999938964844,797814,64.4225004196167,60.88640014648438,46.74887077336522,True,0.0,0.0
2018-02-07,63.91999816894531,64.18000030517578,61.25,61.790000915527344,1029408,64.36400051116944,60.94320014953613,39.7142901777394,True,0.0,0.0
2018-02-08,61.70000076293945,62.09000015258789,60.27000045776367,61.150001525878906,929578,64.24300060272216,61.00400016784668,39.48865001276984,True,0.0,0.0
2018-02-09,60.43000030517578,60.77000045776367,58.06999969482422,59.20000076293945,933307,64.01300067901612,61.02820014953613,32.687646784262384,True,0.0,0.0
2018-02-12,59.119998931884766,60.83000183105469,59.09999847412109,59.290000915527344,736917,63.76250057220459,61.06800018310547,27.478259542714,True,0.0,0.0
2018-02-13,59.34999847412109,59.72999954223633,58.38999938964844,59.18999862670898,580600,63.53550052642822,61.10380012512207,19.311662503687955,True,0.0,0.0
2018-02-14,58.97999954223633,60.900001525878906,58.20000076293945,60.59999847412109,650324,63.36700038909912,61.14860008239746,29.141878165679003,True,0.0,0.0
2018-02-15,60.709999084472656,61.63999938964844,59.720001220703125,61.34000015258789,340401,63.236500358581544,61.22600006103516,29.79799779916536,True,0.0,0.0
2018-02-16,61.45000076293945,61.9900016784668,60.880001068115234,61.68000030517578,181179,63.152000427246094,61.30720008850098,33.33335518152903,True,0.0,0.0
2018-02-20,61.630001068115234,62.7400016784668,61.58000183105469,61.900001525878906,794481,63.0725004196167,61.426000137329105,37.962981931774934,True,1.0,1.0
2018-02-21,61.630001068115234,61.86000061035156,60.91999816894531,61.68000030517578,466924,62.93300037384033,61.525800170898435,35.866540146563466,True,1.0,0.0
2018-02-22,61.34000015258789,63.09000015258789,60.75,62.77000045776367,592603,62.79100036621094,61.63400016784668,35.985198563473034,True,1.0,0.0
2018-02-23,62.59999847412109,63.72999954223633,62.33000183105469,63.54999923706055,460597,62.69300022125244,61.745200119018556,41.54805414832994,True,1.0,0.0
2018-02-26,63.59999847412109,64.23999786376953,63.060001373291016,63.90999984741211,469853,62.58150024414063,61.880600128173825,48.83494408509362,True,1.0,0.0
2018-02-27,64.05999755859375,64.08000183105469,62.63999938964844,63.0099983215332,562670,62.454000282287595,62.00880012512207,48.18007260343798,True,1.0,0.0
2018-02-28,62.790000915527344,63.43999862670898,61.36000061035156,61.63999938964844,768409,62.31100025177002,62.100800094604494,49.265419063460676,True,1.0,0.0
2018-03-01,61.54999923706055,61.83000183105469,60.18000030517578,60.9900016784668,812505,62.12400016784668,62.17460014343262,49.21722226722053,False,1.0,0.0
2018-03-02,61.34000015258789,61.59999847412109,60.130001068115234,61.25,613514,61.89650001525879,62.256400146484374,62.016404534882085,False,0.0,-1.0
2018-03-05,61.54999923706055,62.790000915527344,61.09999847412109,62.56999969482422,599266,61.75250015258789,62.35860015869141,66.80326875708903,False,0.0,0.0
2018-03-06,62.58000183105469,63.27999877929688,62.16999816894531,62.59999847412109,634953,61.675,62.44880012512207,67.59546094265158,False,0.0,0.0
2018-03-07,62.29999923706055,62.58000183105469,60.58000183105469,61.150001525878906,879119,61.56300010681152,62.50460014343262,52.82632730352148,False,0.0,0.0
2018-03-08,61.33000183105469,61.400001525878906,59.95000076293945,60.119998931884766,720510,61.4795000076294,62.53760009765625,43.91216751780382,False,0.0,0.0
2018-03-09,60.27000045776367,62.18000030517578,60.13999938964844,62.040000915527344,659722,61.523999977111814,62.579000091552736,51.5517269728729,False,0.0,0.0
2018-03-12,62.09999847412109,62.33000183105469,60.66999816894531,61.36000061035156,537990,61.63199996948242,62.6134001159668,47.761189780911074,False,0.0,0.0
2018-03-13,61.369998931884766,61.970001220703125,60.27000045776367,60.709999084472656,747738,61.702999877929685,62.630800094604496,46.11688796394087,False,0.0,0.0
2018-03-14,60.869998931884766,61.33000183105469,60.11000061035156,60.959999084472656,665017,61.79149990081787,62.641600112915036,42.23175223650996,False,0.0,0.0
2018-03-15,60.95000076293945,61.540000915527344,60.81999969482422,61.18999862670898,430201,61.82099990844726,62.65800010681152,39.36936515868107,False,0.0,0.0
2018-03-16,61.18999862670898,62.540000915527344,61.08000183105469,62.34000015258789,202493,61.87099990844727,62.67220008850098,43.397814232896096,False,0.0,0.0
2018-03-19,62.22999954223633,62.34999847412109,61.36000061035156,62.060001373291016,115962,61.88999996185303,62.673200149536136,45.78528291387446,False,0.0,0.0
2018-03-20,62.09999847412109,63.810001373291016,62.08000183105469,63.400001525878906,717709,61.964999961853025,62.71240020751953,57.82919248545224,False,0.0,0.0
2018-03-21,63.720001220703125,65.55000305175781,63.58000183105469,65.16999816894531,763768,62.13949985504151,62.78120018005371,66.90937529995227,False,0.0,0.0
2018-03-22,65.5,65.73999786376953,64.13999938964844,64.30000305175781,689172,62.21599998474121,62.808000259399414,61.75792042719926,False,0.0,0.0
2018-03-23,64.27999877929688,66.0,64.11000061035156,65.87999725341797,752994,62.33249988555908,62.85420021057129,62.509450250593844,False,0.0,0.0
2018-03-26,65.9000015258789,66.55000305175781,65.08000183105469,65.55000305175781,585899,62.414500045776364,62.88920028686523,60.90173012097655,False,0.0,0.0
2018-03-27,65.52999877929688,66.41000366210938,64.52999877929688,65.25,670811,62.526500129699706,62.90820022583008,66.55897379011137,False,0.0,0.0
2018-03-28,64.69999694824219,65.12999725341797,63.720001220703125,64.37999725341797,697678,62.663500022888186,62.92120018005371,67.43044961333234,False,0.0,0.0
2018-03-29,64.69000244140625,65.26000213623047,64.16000366210938,64.94000244140625,562819,62.861000061035156,62.94060020446777,63.35176519434244,False,0.0,0.0
2018-04-02,64.91000366210938,65.41999816894531,62.79999923706055,63.0099983215332,582742,62.94899997711182,62.92180015563965,56.812543962743845,True,0.0,0.0
2018-04-03,62.88999938964844,63.86000061035156,62.86000061035156,63.5099983215332,527289,62.99599990844727,62.92460014343262,61.705687058825774,True,0.0,0.0
2018-04-04,63.59000015258789,63.63999938964844,62.060001373291016,63.369998931884766,760596,63.034499931335446,62.92220008850098,60.16878031035876,True,0.0,0.0
2018-04-05,63.59999847412109,64.12000274658203,63.06999969482422,63.540000915527344,588597,63.15399990081787,62.90360008239746,59.966085100448886,True,0.0,0.0
2018-04-06,63.70000076293945,63.790000915527344,61.810001373291016,62.060001373291016,753262,63.251000022888185,62.83260009765625,48.8448890589906,True,0.0,0.0
2018-04-09,62.0,63.61000061035156,61.93000030517578,63.41999816894531,655831,63.319999885559085,62.79080001831055,55.151505693583125,True,0.0,0.0
2018-04-10,63.29999923706055,65.86000061035156,63.20000076293945,65.51000213623047,840280,63.527499961853025,62.77820007324219,57.562727856429525,True,0.0,0.0
2018-04-11,65.58999633789062,67.44999694824219,65.1500015258789,66.81999969482422,963017,63.8329999923706,62.803400115966795,56.115647839761195,True,0.0,0.0
2018-04-12,66.75,67.33000183105469,66.0,67.06999969482422,687468,64.13850002288818,62.854800109863284,60.761445423164545,True,0.0,0.0
2018-04-13,67.18000030517578,67.76000213623047,66.69999694824219,67.38999938964844,624203,64.44850006103516,62.90800003051758,56.50301922724343,True,0.0,0.0
2018-04-16,67.23999786376953,67.73999786376953,66.12999725341797,66.22000122070312,560076,64.64250011444092,62.91639999389648,52.690753060334046,True,0.0,0.0
2018-04-17,66.41999816894531,66.75,65.55999755859375,66.5199966430664,486076,64.8654998779297,62.93779998779297,55.10038624944618,True,0.0,0.0
2018-04-18,66.68000030517578,68.91000366210938,66.55999755859375,68.47000122070312,221664,65.1189998626709,63.024199981689456,65.11456773833388,True,0.0,0.0
2018-04-19,68.75,69.55999755859375,67.9800033569336,68.29000091552734,125993,65.275,63.12220001220703,62.73763530570081,True,0.0,0.0
2018-04-20,68.26000213623047,68.62000274658203,67.5,68.37999725341797,724906,65.478999710083,63.253999938964846,73.74006146016978,True,0.0,0.0
2018-04-23,68.22000122070312,69.02999877929688,67.13999938964844,68.63999938964844,740941,65.61699981689453,63.40379989624024,73.17074515503975,True,0.0,0.0
2018-04-24,68.94999694824219,69.37999725341797,67.54000091552734,67.69999694824219,832296,65.72449951171875,63.57379981994629,68.23925192076612,True,0.0,0.0
2018-04-25,67.75,68.18000030517578,67.11000061035156,68.05000305175781,764049,65.86449966430663,63.7489998626709,68.71369707069313,True,0.0,0.0
2018-04-26,68.02999877929688,68.77999877929688,67.70999908447266,68.19000244140625,660549,66.05499992370605,63.92899993896484,78.6181111519136,True,0.0,0.0
2018-04-27,68.20999908447266,68.36000061035156,67.63999938964844,68.0999984741211,542549,66.2129997253418,64.07899993896484,74.78811076511269,True,0.0,0.0
2018-04-30,68.1500015258789,69.33999633789062,67.16999816894531,68.56999969482422,755186,66.49099979400634,64.22359992980957,69.56518345652225,True,0.0,0.0
2018-05-01,68.55999755859375,68.9000015258789,66.8499984741211,67.25,694771,66.6779998779297,64.33499992370605,52.74584792871446,True,0.0,0.0
2018-05-02,67.48999786376953,68.13999938964844,66.91999816894531,67.93000030517578,789367,66.90599994659424,64.455599899292,55.205808677918,True,0.0,0.0
2018-05-03,67.68000030517578,68.5999984741211,67.20999908447266,68.43000030517578,691219,67.15049991607665,64.59059989929199,56.16113551289086,True,0.0,0.0
2018-05-04,68.5,69.97000122070312,68.12000274658203,69.72000122070312,690876,67.53349990844727,64.72959991455077,70.44389462181968,True,0.0,0.0
2018-05-07,69.8499984741211,70.83999633789062,69.51000213623047,70.7300033569336,758916,67.89900016784668,64.87319999694824,72.70764748485647,True,0.0,0.0
2018-05-08,70.02999877929688,70.4000015258789,67.62999725341797,69.05999755859375,1253566,68.07649993896484,64.97619995117188,53.28139586197533,True,0.0,0.0
2018-05-09,70.05000305175781,71.36000061035156,69.8499984741211,71.13999938964844,863386,68.29249992370606,65.13879997253417,63.08536567424023,True,0.0,0.0
2018-05-10,71.2300033569336,71.88999938964844,70.55999755859375,71.36000061035156,749808,68.50699996948242,65.33319999694824,63.5208530500541,True,0.0,0.0
2018-05-11,71.44999694824219,71.62999725341797,70.44999694824219,70.69999694824219,634145,68.67249984741211,65.52739990234375,59.01923110326647,True,0.0,0.0
2018-05-14,70.54000091552734,71.26000213623047,70.26000213623047,70.95999908447266,592826,68.90949974060058,65.7215998840332,65.1768785913646,True,0.0,0.0
2018-05-15,71.1500015258789,71.91999816894531,70.41999816894531,71.30999755859375,815289,69.14899978637695,65.8963998413086,65.17685385404442,True,0.0,0.0
2018-05-16,71.0199966430664,71.58999633789062,70.66000366210938,71.48999786376953,574279,69.29999961853028,66.07419982910156,65.30607045215042,True,0.0,0.0
2018-05-17,71.55999755859375,72.30000305175781,71.08999633789062,71.48999786376953,562639,69.45999946594239,66.28099975585937,65.85591102242282,True,0.0,0.0
2018-05-18,71.5999984741211,71.75,70.98999786376953,71.27999877929688,211785,69.60499954223633,66.50419975280762,62.99134727006334,True,0.0,0.0
2018-05-21,71.47000122070312,72.58999633789062,71.25,72.23999786376953,119892,69.78499946594238,66.70819969177246,74.77651665243576,True,0.0,0.0
2018-05-22,72.52999877929688,72.83000183105469,71.9000015258789,72.12999725341797,723458,70.00649948120117,66.9235996246338,72.1052115908788,True,0.0,0.0
2018-05-23,72.11000061035156,72.26000213623047,71.19000244140625,71.83999633789062,702791,70.19599914550781,67.14619956970215,68.35301450896432,True,0.0,0.0
2018-05-24,71.83000183105469,72.0,70.5199966430664,70.70999908447266,640725,70.32199897766114,67.34119956970216,55.4216676179024,True,0.0,0.0
2018-05-25,70.6500015258789,70.80000305175781,67.41999816894531,67.87999725341797,955354,70.31099891662598,67.47499954223633,36.98628800758061,True,0.0,0.0
2018-05-29,66.48999786376953,67.3499984741211,65.91999816894531,66.7300033569336,1059750,70.21899909973145,67.56279960632324,38.830325342828985,True,0.0,0.0
2018-05-30,66.8499984741211,68.66999816894531,66.3499984741211,68.20999908447266,726886,70.26699905395508,67.68579956054687,35.096632586614646,True,0.0,0.0
2018-05-31,68.23999786376953,68.30000305175781,66.55999755859375,67.04000091552734,917563,70.22249908447266,67.75859954833984,29.96287921412926,True,0.0,0.0
2018-06-01,67.06999969482422,67.33999633789062,65.51000213623047,65.80999755859375,781103,70.09149894714355,67.77139953613282,28.458135092151053,True,0.0,0.0
2018-06-04,65.70999908447266,66.04000091552734,64.56999969482422,64.75,696050,69.8429988861084,67.78039947509765,24.444419327067806,True,0.0,0.0
2018-06-05,64.94000244140625,65.56999969482422,64.22000122070312,65.5199966430664,714674,69.58249855041504,67.77319946289063,26.968941588627644,True,0.0,0.0
2018-06-06,65.51000213623047,65.95999908447266,64.2699966430664,64.7300033569336,708829,69.36599884033203,67.75679946899415,24.355060357991718,True,0.0,0.0
2018-06-07,65.06999969482422,66.06999969482422,64.80999755859375,65.94999694824219,675041,69.10649871826172,67.77079940795899,30.763846981588216,True,0.0,0.0
2018-06-08,65.9800033569336,66.23999786376953,65.1500015258789,65.73999786376953,571224,68.82549858093262,67.79799942016602,30.763846981588216,True,1.0,1.0
2018-06-11,65.55999755859375,66.3499984741211,64.8499984741211,66.0999984741211,558281,68.59549865722656,67.82119934082031,27.753581123292363,True,1.0,0.0
2018-06-12,66.05000305175781,66.69999694824219,65.87000274658203,66.36000061035156,524411,68.36549873352051,67.88819938659668,29.31896999153929,True,1.0,0.0
2018-06-13,66.01000213623047,66.88999938964844,65.5199966430664,66.63999938964844,626398,68.13199882507324,67.95079940795898,31.348610396576063,True,1.0,0.0
2018-06-14,66.62000274658203,67.16000366210938,66.36000061035156,66.88999938964844,460168,67.9019989013672,68.02119941711426,35.375164228001324,False,1.0,0.0
2018-06-15,66.62000274658203,67.16000366210938,64.29000091552734,65.05999755859375,512591,67.5804988861084,68.05159934997559,38.30843442091446,False,0.0,-1.0
2018-06-18,64.4000015258789,65.9800033569336,63.59000015258789,65.8499984741211,218933,67.3089988708496,68.12739929199219,46.239289487069136,False,0.0,0.0
2018-06-19,65.81999969482422,65.9000015258789,64.38999938964844,65.06999969482422,122646,66.95049896240235,68.16039932250976,35.72725570298033,False,0.0,0.0
2018-06-20,65.11000061035156,66.52999877929688,65.01000213623047,66.22000122070312,801625,66.65499916076661,68.17459930419922,46.26593541133808,False,0.0,0.0
2018-06-21,65.33999633789062,66.22000122070312,64.33999633789062,65.54000091552734,760719,66.33999938964844,68.14899932861329,48.70567099633599,False,0.0,0.0
2018-06-22,65.93000030517578,69.37999725341797,65.70999908447266,68.58000183105469,1136232,66.23349952697754,68.17919937133789,65.43112574557267,False,0.0,0.0
2018-06-25,68.75,69.44000244140625,67.77999877929688,68.08000183105469,816207,66.24349975585938,68.19299942016602,60.54368585475357,False,0.0,0.0
2018-06-26,68.20999908447266,70.91000366210938,67.72000122070312,70.52999877929688,848537,66.43349952697754,68.2791993713379,71.01448313875606,False,0.0,0.0
2018-06-27,70.68000030517578,73.05999755859375,70.55999755859375,72.76000213623047,775155,66.66099967956544,68.40399948120117,72.99123160845198,False,0.0,0.0
2018-06-28,72.2699966430664,74.02999877929688,72.19999694824219,73.44999694824219,717347,66.98149948120117,68.50359939575195,75.21255272340427,False,0.0,0.0
2018-06-29,73.33000183105469,74.45999908447266,72.93000030517578,74.1500015258789,602399,67.39849967956543,68.62079940795898,75.75176115463016,False,0.0,0.0
2018-07-02,73.62000274658203,74.3499984741211,72.51000213623047,73.94000244140625,652167,67.85799980163574,68.73199951171875,74.32606206741877,False,0.0,0.0
2018-07-03,74.08000183105469,75.2699966430664,72.7300033569336,74.13999938964844,667235,68.28899993896485,68.84199951171875,74.19354838709677,False,0.0,0.0
2018-07-05,74.3499984741211,74.80000305175781,72.52999877929688,72.94000244140625,841632,68.69949989318847,68.94679962158203,68.3890704381082,False,0.0,0.0
2018-07-06,73.16000366210938,74.01000213623047,72.13999938964844,73.80000305175781,611419,69.09200019836426,69.06179962158203,78.22999969442985,True,0.0,0.0
2018-07-09,73.87000274658203,74.27999877929688,72.98999786376953,73.8499984741211,533003,69.49750022888183,69.17499954223632,77.13706004140786,True,0.0,0.0
2018-07-10,74.04000091552734,74.69999694824219,73.6500015258789,74.11000061035156,586829,69.89800033569335,69.29519958496094,81.78623414096575,True,0.0,0.0
2018-07-11,74.19999694824219,74.26000213623047,70.0199966430664,70.37999725341797,861726,70.09900016784668,69.3313995361328,62.38094394709559,True,0.0,0.0
2018-07-12,70.5999984741211,71.23999786376953,69.2300033569336,70.33000183105469,707887,70.28350028991699,69.39299957275391,64.81139059361631,True,0.0,0.0
2018-07-13,70.37999725341797,71.66000366210938,69.83999633789062,71.01000213623047,530277,70.4895004272461,69.454599609375,58.79798000445278,True,0.0,0.0
2018-07-16,70.5199966430664,70.87000274658203,67.58000183105469,68.05999755859375,530480,70.63950042724609,69.44719955444336,49.938486226263706,True,0.0,0.0
2018-07-17,68.02999877929688,68.44000244140625,67.02999877929688,68.08000183105469,440727,70.75100059509278,69.41439956665039,41.14245616822399,True,0.0,0.0
2018-07-18,67.61000061035156,69.05999755859375,67.04000091552734,68.76000213623047,187313,70.93550071716308,69.37499954223632,33.71335342987294,True,0.0,0.0
2018-07-19,69.0,70.16999816894531,67.80000305175781,69.45999908447266,103220,71.09750061035156,69.3829995727539,33.767300380228136,True,0.0,0.0
2018-07-20,69.38999938964844,71.0999984741211,69.37000274658203,70.45999908447266,500967,71.34350051879883,69.36939956665039,35.34549835292292,True,0.0,0.0
2018-07-23,68.16999816894531,69.30999755859375,67.5999984741211,67.88999938964844,555915,71.30900039672852,69.29999954223632,29.765871950665627,True,0.0,0.0
2018-07-24,67.80000305175781,69.05000305175781,67.55999755859375,68.5199966430664,524591,71.3310001373291,69.25639953613282,31.729506663815982,True,0.0,0.0
2018-07-25,68.7699966430664,69.69999694824219,68.19999694824219,69.30000305175781,622913,71.26950035095214,69.22319961547852,37.83423209872514,True,1.0,1.0
2018-07-26,69.37999725341797,69.91999816894531,68.91999816894531,69.61000061035156,489059,71.1120002746582,69.18919967651367,35.46148030335439,True,1.0,0.0
2018-07-27,69.58000183105469,69.7699966430664,68.26000213623047,68.69000244140625,460450,70.8740005493164,69.1331997680664,33.11520330979772,True,1.0,0.0
2018-07-30,69.01000213623047,70.43000030517578,68.80000305175781,70.12999725341797,463011,70.67300033569336,69.10599975585937,37.91007418497343,True,1.0,0.0
2018-07-31,70.05000305175781,70.22000122070312,67.9800033569336,68.76000213623047,519070,70.41400032043457,69.05559982299805,44.255332733803215,True,1.0,0.0
2018-08-01,68.43000030517578,68.5199966430664,67.30999755859375,67.66000366210938,576561,70.09000053405762,68.96399993896485,41.18812130490397,True,1.0,0.0
2018-08-02,67.86000061035156,69.36000061035156,66.91999816894531,68.95999908447266,531071,69.89100036621093,68.90059997558593,43.50030285379225,True,1.0,0.0
2018-08-03,68.98999786376953,69.23999786376953,67.87000274658203,68.48999786376953,476615,69.62550010681153,68.83360000610351,51.61776060667817,True,1.0,0.0
2018-08-06,68.6500015258789,69.91999816894531,68.5,69.01000213623047,495605,69.383500289917,68.79960006713867,53.3720133157693,True,1.0,0.0
2018-08-07,68.9000015258789,69.83000183105469,68.80999755859375,69.16999816894531,485027,69.13650016784668,68.82540008544922,51.54482519922982,True,1.0,0.0
2018-08-08,69.08999633789062,69.37000274658203,66.31999969482422,66.94000244140625,760313,68.9645004272461,68.82960006713867,41.486486416824285,True,1.0,0.0
2018-08-09,66.79000091552734,67.41000366210938,66.48999786376953,66.80999755859375,509401,68.78850021362305,68.8016000366211,36.898760071441444,False,1.0,0.0
2018-08-10,66.73999786376953,67.87000274658203,66.13999938964844,67.62999725341797,524490,68.61949996948242,68.81339996337891,48.932666439079085,False,0.0,-1.0
2018-08-13,67.77999877929688,67.94999694824219,65.70999908447266,67.19999694824219,578219,68.57649993896484,68.84119995117187,44.49081383048844,False,0.0,0.0
2018-08-14,67.41999816894531,68.37000274658203,66.58000183105469,67.04000091552734,538484,68.52449989318848,68.88699996948242,40.05278799173929,False,0.0,0.0
2018-08-15,66.62000274658203,66.9000015258789,64.51000213623047,65.01000213623047,573473,68.33699989318848,68.8768000793457,32.415879665356016,False,0.0,0.0
2018-08-16,64.94999694824219,65.5199966430664,64.43000030517578,65.45999908447266,383380,68.13699989318847,68.89139999389648,37.192668265958375,False,0.0,0.0
2018-08-17,65.47000122070312,66.38999938964844,65.30000305175781,65.91000366210938,171403,67.90950012207031,68.89060012817383,31.841660347131253,False,0.0,0.0
2018-08-20,65.91000366210938,66.68000030517578,65.58999633789062,66.43000030517578,112709,67.83650016784668,68.90440017700195,39.182895970938844,False,0.0,0.0
2018-08-21,66.62000274658203,68.0999984741211,66.5199966430664,67.3499984741211,437164,67.77800025939942,68.92940017700195,48.536328996557046,False,0.0,0.0
2018-08-22,66.08000183105469,68.1500015258789,65.9800033569336,67.86000061035156,581899,67.7060001373291,68.95940017700195,44.38776026562761,False,0.0,0.0
2018-08-23,68.06999969482422,68.12000274658203,67.31999969482422,67.83000183105469,450690,67.61700019836425,68.98320022583007,46.47437752326519,False,0.0,0.0
2018-08-24,67.9000015258789,69.30999755859375,67.77999877929688,68.72000122070312,517796,67.61850013732911,69.01980026245117,48.50975709013125,False,0.0,0.0
2018-08-27,68.56999969482422,68.97000122070312,68.33999633789062,68.87000274658203,332612,67.55550041198731,69.09600036621094,48.456812653500464,False,0.0,0.0
2018-08-28,68.93000030517578,69.19999694824219,68.20999908447266,68.52999877929688,426833,67.54400024414062,69.14960037231445,60.15323094551854,False,0.0,0.0
2018-08-29,68.54000091552734,69.76000213623047,68.37000274658203,69.51000213623047,497095,67.63650016784668,69.23840042114257,65.55302121375928,False,0.0,0.0
2018-08-30,69.70999908447266,70.5,69.55000305175781,70.25,445584,67.70100021362305,69.31900039672851,65.23257681071735,False,0.0,0.0
2018-08-31,70.05999755859375,70.36000061035156,69.63999938964844,69.80000305175781,419739,67.76650047302246,69.40420043945312,65.08125044254052,False,0.0,0.0
2018-09-04,70.12000274658203,71.4000015258789,69.08000183105469,69.87000274658203,785981,67.80950050354004,69.43000045776367,66.58852424412635,False,0.0,0.0
2018-09-05,69.43000030517578,69.58999633789062,68.55999755859375,68.72000122070312,542104,67.78700065612793,69.44280044555664,74.24835519262473,False,0.0,0.0
2018-09-06,68.63999938964844,69.0199966430664,67.0,67.7699966430664,633824,67.82850036621093,69.38760040283204,64.171748243369,False,0.0,0.0
2018-09-07,67.87999725341797,68.08000183105469,66.86000061035156,67.75,530895,67.87550048828125,69.28740036010743,61.91707284291751,False,0.0,0.0
2018-09-10,67.81999969482422,68.5199966430664,67.33000183105469,67.54000091552734,571174,67.87100067138672,69.16920043945312,57.48987895935522,False,0.0,0.0
2018-09-11,67.52999877929688,70.01000213623047,67.4800033569336,69.25,676869,67.9735008239746,69.07120040893555,61.585368690284895,False,0.0,0.0
2018-09-12,69.88999938964844,71.26000213623047,69.5,70.37000274658203,800543,68.14000091552734,68.99980041503906,64.2451796717024,False,0.0,0.0
2018-09-13,70.23999786376953,70.27999877929688,68.3499984741211,68.58999633789062,684937,68.31900062561036,68.8888003540039,53.59845447149889,False,0.0,0.0
2018-09-14,68.79000091552734,69.91000366210938,67.94000244140625,68.98999786376953,611075,68.4955005645752,68.80980026245118,51.340597031435024,False,0.0,0.0
2018-09-17,68.93000030517578,69.72000122070312,68.52999877929688,68.91000366210938,422294,68.6455005645752,68.71200027465821,50.20000442504546,False,0.0,0.0
2018-09-18,68.80000305175781,70.41999816894531,68.52999877929688,69.8499984741211,234202,68.81650047302246,68.6320002746582,56.22641455112882,True,0.0,0.0
2018-09-19,69.70999908447266,71.5,69.6500015258789,71.12000274658203,125208,69.0050006866455,68.57220031738281,57.392106063302265,True,0.0,0.0
2018-09-20,71.38999938964844,71.80999755859375,70.7300033569336,70.80000305175781,607520,69.15200080871583,68.58060043334962,52.62656632107286,True,0.0,0.0
2018-09-21,70.19999694824219,71.80000305175781,69.9800033569336,70.77999877929688,855943,69.29950065612793,68.58960037231445,54.88045265675961,True,0.0,0.0
2018-09-24,71.13999938964844,72.73999786376953,71.13999938964844,72.08000183105469,576894,69.46750068664551,68.61100036621093,59.80477706553623,True,0.0,0.0
2018-09-25,72.25,72.77999877929688,71.88999938964844,72.27999877929688,551280,69.63800048828125,68.695400390625,67.24803794586091,True,0.0,0.0
2018-09-26,72.08999633789062,72.37999725341797,71.47000122070312,71.56999969482422,464463,69.79000053405761,68.76520034790039,68.84921806289103,True,0.0,0.0
2018-09-27,72.01000213623047,72.5999984741211,71.70999908447266,72.12000274658203,454549,69.92050056457519,68.83240036010743,70.59377640354504,True,0.0,0.0
2018-09-28,72.18000030517578,73.7300033569336,71.87999725341797,73.25,544047,70.0705005645752,68.90820037841797,74.76147402731891,True,0.0,0.0
2018-10-01,73.29000091552734,75.7699966430664,72.94999694824219,75.30000305175781,601451,70.34550056457519,69.00500045776367,75.4844050684331,True,0.0,0.0
2018-10-02,75.41999816894531,75.91000366210938,74.93000030517578,75.2300033569336,463615,70.61350059509277,69.15180053710938,72.4583979692568,True,0.0,0.0
2018-10-03,75.12000274658203,76.9000015258789,74.30000305175781,76.41000366210938,698817,70.99800071716308,69.30960067749024,88.25834828853739,True,0.0,0.0
2018-10-04,76.18000030517578,76.47000122070312,73.87999725341797,74.33000183105469,687949,71.3260009765625,69.41020065307617,72.43698858219582,True,0.0,0.0
2018-10-05,74.66999816894531,75.22000122070312,73.83999633789062,74.33999633789062,613218,71.65550079345704,69.50480056762696,72.95009228792802,True,0.0,0.0
2018-10-08,74.4000015258789,74.58000183105469,73.06999969482422,74.29000091552734,554938,71.99300079345703,69.61680053710937,70.29251120000447,True,0.0,0.0
2018-10-09,74.20999908447266,75.27999877929688,74.0,74.95999908447266,623537,72.27850074768067,69.71340057373047,68.5686542451619,True,0.0,0.0
2018-10-10,74.66000366210938,75.08000183105469,72.37999725341797,73.16999816894531,652737,72.41850051879882,69.80160049438477,60.033851003901916,True,0.0,0.0
2018-10-11,72.68000030517578,72.76000213623047,70.51000213623047,70.97000122070312,783962,72.53750076293946,69.86780044555664,50.67906566846413,True,0.0,0.0
2018-10-12,70.98999786376953,72.01000213623047,70.63999938964844,71.33999633789062,626668,72.65500068664551,69.915400390625,47.166897028738205,True,0.0,0.0
2018-10-15,71.8499984741211,72.69999694824219,70.8499984741211,71.77999877929688,568610,72.79850044250489,69.98120040893555,48.120299026648986,True,0.0,0.0
2018-10-16,71.72000122070312,72.29000091552734,71.0199966430664,71.91999816894531,535003,72.9020004272461,70.03940032958984,51.37470071229725,True,0.0,0.0
2018-10-17,72.16999816894531,72.43000030517578,69.43000030517578,69.75,651584,72.833500289917,70.05100036621094,41.74214104985908,True,0.0,0.0
2018-10-18,70.02999877929688,70.02999877929688,68.47000122070312,68.6500015258789,215337,72.72600021362305,70.0852003479004,33.93853535711412,True,0.0,0.0
2018-10-19,68.68000030517578,69.7699966430664,68.55999755859375,69.12000274658203,108311,72.6430004119873,70.13140045166016,25.74564857427741,True,0.0,0.0
2018-10-22,69.41000366210938,69.6500015258789,68.2699966430664,69.16999816894531,513770,72.49750022888183,70.1622004699707,26.17918431317038,True,0.0,0.0
2018-10-23,69.55000305175781,69.66000366210938,65.73999786376953,66.43000030517578,853265,72.20500030517579,70.14680053710937,15.05595165904883,True,0.0,0.0
2018-10-24,66.16999816894531,67.72000122070312,66.05000305175781,66.81999969482422,775963,71.96750030517578,70.14240051269532,20.174670477938022,True,0.0,0.0
2018-10-25,66.36000061035156,67.6500015258789,65.98999786376953,67.33000183105469,573096,71.72800025939941,70.1888005065918,23.22381726728564,True,0.0,0.0
2018-10-26,66.94999694824219,67.87999725341797,66.19999694824219,67.58999633789062,595211,71.44500007629395,70.23140045166015,24.811975299081325,True,0.0,0.0
2018-10-29,67.55000305175781,67.94999694824219,66.29000091552734,67.04000091552734,477487,71.03199996948243,70.25400039672851,19.95443194487376,True,0.0,0.0
2018-10-30,66.68000030517578,67.26000213623047,65.33000183105469,66.18000030517578,680441,70.57949981689453,70.24900039672852,21.469343167070363,True,0.0,0.0
2018-10-31,66.31999969482422,67.0,64.80999755859375,65.30999755859375,666487,70.02449951171874,70.20820037841797,24.08419175800529,False,0.0,0.0
2018-11-01,64.87999725341797,65.38999938964844,63.11000061035156,63.68999862670898,790286,69.49249935150146,70.12480033874512,18.57022984438086,False,0.0,0.0
2018-11-02,63.5,63.95000076293945,62.630001068115234,63.13999938964844,708906,68.93249950408935,70.03100028991699,14.820802180966012,False,0.0,0.0
2018-11-05,62.9900016784668,64.13999938964844,62.52000045776367,63.09999847412109,609129,68.37299938201905,69.91860023498535,13.793060249114447,False,0.0,0.0
2018-11-06,62.70000076293945,63.31999969482422,61.310001373291016,62.209999084472656,761240,67.73549938201904,69.78540016174317,15.412796260612055,False,0.0,0.0
2018-11-07,61.7400016784668,63.18000030517578,61.20000076293945,61.66999816894531,866628,67.16049938201904,69.64820014953614,16.247529113845587,False,0.0,0.0
2018-11-08,61.63999938964844,62.41999816894531,60.400001525878906,60.66999816894531,764546,66.64549922943115,69.47140007019043,11.131488940874576,False,0.0,0.0
2018-11-09,60.75,60.790000915527344,59.2599983215332,60.18999862670898,821729,66.08799934387207,69.27020004272461,10.265459240942192,False,0.0,0.0
2018-11-12,60.70000076293945,61.27999877929688,58.68000030517578,59.93000030517578,806219,65.49549942016601,69.07279998779296,13.151894288675095,False,0.0,0.0
2018-11-13,58.880001068115234,59.34999847412109,54.75,55.68999862670898,1095643,64.6839994430542,68.7891999053955,6.0773242792190985,False,0.0,0.0
2018-11-14,55.27000045776367,57.369998931884766,55.130001068115234,56.25,844696,64.0089994430542,68.53979988098145,6.446511739496884,False,0.0,0.0
2018-11-15,56.02000045776367,57.2599983215332,55.59000015258789,56.459999084472656,256499,63.399499320983885,68.31359992980957,6.077352557563756,False,0.0,0.0
2018-11-16,56.58000183105469,57.959999084472656,55.88999938964844,56.459999084472656,159001,62.76649913787842,68.08779991149902,6.353137650738788,False,0.0,0.0
2018-11-19,56.720001220703125,57.33000183105469,55.08000183105469,56.7599983215332,699684,62.145999145507815,67.87219985961914,9.256051623803629,False,0.0,0.0
2018-11-20,57.38999938964844,57.43999862670898,52.77000045776367,53.43000030517578,983120,61.49599914550781,67.55579986572266,7.631954001596668,False,0.0,0.0
2018-11-21,53.38999938964844,55.86000061035156,53.38999938964844,54.630001068115234,734277,60.88649921417236,67.24099983215332,16.691181709197778,False,0.0,0.0
2018-11-23,53.869998931884766,54.119998931884766,50.150001525878906,50.41999816894531,1014667,60.040999031066896,66.87759986877441,13.151797084652273,False,0.0,0.0
2018-11-26,50.619998931884766,52.25,50.09999847412109,51.630001068115234,663108,59.24299926757813,66.53039993286133,18.882271182897426,False,0.0,0.0
2018-11-27,51.540000915527344,52.380001068115234,50.29999923706055,51.560001373291016,764010,58.46899929046631,66.18339988708496,19.76151324518449,False,0.0,0.0
2018-11-28,52.09000015258789,52.560001373291016,50.060001373291016,50.290000915527344,831688,57.674499320983884,65.79219993591309,18.97493241081746,False,0.0,0.0
2018-11-29,50.310001373291016,52.20000076293945,49.40999984741211,51.45000076293945,812721,56.98149948120117,65.39879989624023,25.08109323015097,False,0.0,0.0
2018-11-30,51.27000045776367,51.790000915527344,49.650001525878906,50.93000030517578,796714,56.34349956512451,65.0013998413086,25.02697961441943,False,0.0,0.0
2018-12-03,52.45000076293945,53.84999847412109,52.02999877929688,52.95000076293945,758010,55.83399963378906,64.64479988098145,32.807888716110526,False,0.0,0.0
2018-12-04,53.130001068115234,54.54999923706055,52.43000030517578,53.25,738130,55.341499710083006,64.26819984436035,42.542793500186676,False,0.0,0.0
2018-12-06,52.93000030517578,53.29999923706055,50.08000183105469,51.4900016784668,987266,54.80549983978271,63.85239990234375,36.44647508748712,False,0.0,0.0
2018-12-07,51.7599983215332,54.220001220703125,50.59999847412109,52.61000061035156,987717,54.35249996185303,63.473199920654295,39.57769837663679,False,0.0,0.0
2018-12-10,52.02999877929688,52.810001373291016,50.52999877929688,51.0,733225,53.86900005340576,63.05079986572266,36.4043859895757,False,0.0,0.0
2018-12-11,50.88999938964844,52.43000030517578,50.70000076293945,51.650001525878906,665262,53.442000198364255,62.61879989624023,37.493891910957544,False,0.0,0.0
2018-12-12,51.95000076293945,52.880001068115234,50.93999862670898,51.150001525878906,730810,53.003000259399414,62.13579986572265,43.52273298688958,False,0.0,0.0
2018-12-13,51.20000076293945,53.27000045776367,50.34999847412109,52.58000183105469,733627,52.8475004196167,61.68279983520508,44.251265877896785,False,0.0,0.0
2018-12-14,52.83000183105469,52.95000076293945,50.84000015258789,51.20000076293945,526839,52.595000457763675,61.17859977722168,52.60000798543091,False,0.0,0.0
2018-12-17,51.25,51.869998931884766,49.0099983215332,49.880001068115234,211257,52.2660005569458,60.68959976196289,44.20913325840269,False,0.0,0.0
2018-12-18,49.15999984741211,49.59000015258789,45.790000915527344,46.2400016784668,120101,51.75500068664551,60.12759986877441,35.76017235569806,False,0.0,0.0
2018-12-19,45.93000030517578,48.0,45.93000030517578,47.20000076293945,817721,51.27700080871582,59.585799865722656,41.589547272034444,False,0.0,0.0
2018-12-20,47.38999938964844,47.5099983215332,45.66999816894531,45.880001068115234,794130,50.89950084686279,59.00419990539551,34.97031823594223,False,0.0,0.0
2018-12-21,46.25,46.77000045776367,45.130001068115234,45.59000015258789,694003,50.44750080108643,58.45259994506836,35.40983504039306,False,0.0,0.0
2018-12-24,45.45000076293945,46.2400016784668,42.36000061035156,42.52999877929688,415859,50.053000831604,57.883799896240234,23.0610085278405,False,0.0,0.0
2018-12-26,42.84999847412109,47.0,42.52000045776367,46.220001220703125,698408,49.7825008392334,57.38139999389649,34.535860666398804,False,0.0,0.0
2018-12-27,46.58000183105469,46.70000076293945,44.369998931884766,44.61000061035156,665590,49.435000801086424,56.83800003051758,34.765280451978995,False,0.0,0.0
2018-12-28,45.43999862670898,46.220001220703125,44.41999816894531,45.33000183105469,564385,49.187000846862794,56.306200103759764,33.58882737830292,False,0.0,0.0
2018-12-31,45.220001220703125,46.52999877929688,44.72999954223633,45.40999984741211,476970,48.88500080108643,55.81940010070801,36.46489417219704,False,0.0,0.0
2019-01-02,45.79999923706055,47.77999877929688,44.34999847412109,46.540000915527344,850480,48.66550083160401,55.37720008850098,37.908188761214795,False,0.0,0.0
2019-01-03,46.2599983215332,47.4900016784668,45.34999847412109,47.09000015258789,788718,48.372500801086424,54.936600036621094,40.4154849302377,False,0.0,0.0
2019-01-04,46.900001525878906,49.220001220703125,46.650001525878906,47.959999084472656,817277,48.10800075531006,54.51240005493164,38.79727902231283,False,0.0,0.0
2019-01-07,48.29999923706055,49.790000915527344,48.11000061035156,48.52000045776367,819939,47.9595006942749,54.154200057983395,43.23232350477376,False,0.0,0.0
2019-01-08,48.72999954223633,49.95000076293945,48.310001373291016,49.77999877929688,765981,47.818000602722165,53.81340003967285,49.74670141764111,False,0.0,0.0
2019-01-09,49.79999923706055,52.58000183105469,49.709999084472656,52.36000061035156,891922,47.886000633239746,53.51400001525879,66.3811498450739,False,0.0,0.0
2019-01-10,52.18000030517578,52.77999877929688,51.369998931884766,52.59000015258789,821782,47.933000564575195,53.214000091552734,65.01392204758447,False,0.0,0.0
2019-01-11,52.27999877929688,53.310001373291016,51.18000030517578,51.59000015258789,812339,47.955000495910646,52.905000076293945,66.19398043967459,False,0.0,0.0
2019-01-14,51.72999954223633,52.11000061035156,50.380001068115234,50.5099983215332,791527,47.85150032043457,52.591600036621095,63.355039685678996,False,0.0,0.0
2019-01-15,50.77999877929688,52.29999923706055,50.63999938964844,52.11000061035156,664183,47.897000312805176,52.32760009765625,78.2429187460807,False,0.0,0.0
2019-01-16,52.0,52.52000045776367,51.2599983215332,52.310001373291016,694182,48.018500328063965,52.10000015258789,72.60578276170952,False,0.0,0.0
2019-01-17,52.29999923706055,52.58000183105469,50.97999954223633,52.06999969482422,288560,48.31000022888183,51.878600158691405,80.82642694826895,False,0.0,0.0
2019-01-18,52.22999954223633,53.91999816894531,52.09000015258789,53.79999923706055,193099,48.64000015258789,51.6926001739502,82.30356425289426,False,0.0,0.0
2019-01-22,53.72999954223633,54.2400016784668,51.79999923706055,52.56999969482422,951158,48.97450008392334,51.49980018615722,75.10517832899744,False,0.0,0.0
2019-01-23,52.95000076293945,53.63999938964844,51.86000061035156,52.619998931884766,702866,49.32600002288818,51.31880020141602,73.06523564431171,False,0.0,0.0
2019-01-24,52.45000076293945,53.470001220703125,52.06999969482422,53.130001068115234,714415,49.856000137329104,51.16800025939941,72.98324843652655,False,0.0,0.0
2019-01-25,53.16999816894531,53.93999862670898,52.90999984741211,53.68999862670898,593385,50.2295000076294,51.03800025939941,72.3304638378454,False,0.0,0.0
2019-01-28,53.560001373291016,53.63999938964844,51.33000183105469,51.9900016784668,650667,50.59850006103515,50.879200286865235,62.41947357728463,False,0.0,0.0
2019-01-29,52.119998931884766,53.93000030517578,51.84000015258789,53.310001373291016,660527,50.997500038146974,50.83160034179687,62.58019223569223,True,0.0,0.0
2019-01-30,53.2400016784668,54.93000030517578,53.09000015258789,54.22999954223633,731312,51.438500022888185,50.7912003326416,57.55860587451095,True,0.0,0.0
2019-01-31,54.27999877929688,55.369998931884766,53.619998931884766,53.790000915527344,718650,51.80100002288818,50.73780036926269,54.76947914212357,True,0.0,0.0
2019-02-01,54.0099983215332,55.65999984741211,53.369998931884766,55.2599983215332,689566,52.20949993133545,50.71380035400391,64.0613005988346,True,0.0,0.0
2019-02-04,55.31999969482422,55.75,53.290000915527344,54.560001373291016,622472,52.539500045776364,50.66980041503906,65.98266012557501,True,0.0,0.0
2019-02-05,54.86000061035156,55.209999084472656,53.470001220703125,53.65999984741211,609756,52.796500015258786,50.67440040588379,56.474521975320144,True,0.0,0.0
2019-02-06,53.72999954223633,54.29999923706055,52.86000061035156,54.0099983215332,606720,53.00799999237061,50.66200035095215,57.01319597051727,True,0.0,0.0
2019-02-07,53.93999862670898,54.209999084472656,51.79999923706055,52.63999938964844,749010,53.02199993133545,50.70640037536621,52.15094472166209,True,0.0,0.0
2019-02-08,52.59000015258789,52.9900016784668,52.08000183105469,52.720001220703125,621003,53.02849998474121,50.72820037841797,45.344830931441585,True,0.0,0.0
2019-02-11,52.65999984741211,52.77999877929688,51.22999954223633,52.40999984741211,750242,53.06949996948242,50.74520034790039,49.25093626270005,True,0.0,0.0
2019-02-12,52.470001220703125,54.04999923706055,52.290000915527344,53.09999847412109,708312,53.19899997711182,50.80140029907226,52.120141521371565,True,0.0,0.0
2019-02-13,53.34999847412109,54.59999847412109,53.27000045776367,53.900001525878906,706552,53.288500022888186,50.850400314331054,53.316111870290975,True,0.0,0.0
2019-02-14,53.959999084472656,54.68000030517578,53.08000183105469,54.40999984741211,623546,53.39349994659424,50.92000030517578,53.1141948440824,True,0.0,0.0
2019-02-15,54.47999954223633,55.869998931884766,54.2400016784668,55.59000015258789,276907,53.56949996948242,50.97280029296875,66.30435083073377,True,0.0,0.0
2019-02-19,55.77999877929688,56.33000183105469,55.290000915527344,56.09000015258789,153728,53.68400001525879,51.029600296020504,63.600785335428554,True,0.0,0.0
2019-02-20,55.93999862670898,57.54999923706055,55.47999954223633,56.91999816894531,685111,53.90149993896485,51.138200225830076,63.27739570110076,True,0.0,0.0
2019-02-21,57.2400016784668,57.61000061035156,56.63999938964844,56.959999084472656,546202,54.11849994659424,51.2252001953125,66.28982302619713,True,0.0,0.0
2019-02-22,56.84000015258789,57.810001373291016,56.709999084472656,57.2599983215332,513439,54.32499980926514,51.35040016174317,61.682246322559486,True,0.0,0.0
2019-02-25,57.16999816894531,57.52999877929688,55.08000183105469,55.47999954223633,723012,54.414499855041505,51.42700012207031,54.771775037315976,True,0.0,0.0
2019-02-26,55.459999084472656,56.08000183105469,55.02000045776367,55.5,538919,54.589999771118165,51.51400009155273,60.50228598825718,True,0.0,0.0
2019-02-27,55.95000076293945,57.38999938964844,55.720001220703125,56.93999862670898,577227,54.77149963378906,51.60120002746582,64.87310029983135,True,0.0,0.0
2019-02-28,57.0,57.43000030517578,56.43000030517578,57.220001220703125,496678,54.920999717712405,51.72160003662109,76.14155658771058,True,0.0,0.0
2019-03-01,57.220001220703125,57.880001068115234,55.56999969482422,55.79999923706055,684186,55.02149963378906,51.84,65.24751147713732,True,0.0,0.0
2019-03-04,55.83000183105469,57.0,55.810001373291016,56.59000015258789,549396,55.087999725341795,52.04699996948242,69.75425133153824,True,0.0,0.0
2019-03-05,56.45000076293945,57.18999862670898,56.09000015258789,56.560001373291016,538399,55.1879997253418,52.23419998168945,67.4395272545068,True,0.0,0.0
2019-03-06,56.27999877929688,56.400001525878906,55.41999816894531,56.220001220703125,637677,55.315999794006345,52.44099998474121,62.26215602193975,True,0.0,0.0
2019-03-07,56.20000076293945,56.9900016784668,56.08000183105469,56.65999984741211,628824,55.448499870300296,52.662399978637694,61.98083144968256,True,0.0,0.0
2019-03-08,56.43000030517578,56.5099983215332,54.52000045776367,56.06999969482422,747358,55.61999988555908,52.93319999694824,52.72727036279074,True,0.0,0.0
2019-03-11,56.06999969482422,57.0099983215332,55.959999084472656,56.790000915527344,597156,55.823499870300296,53.144599990844725,53.88027010761928,True,0.0,0.0
2019-03-12,56.7599983215332,57.54999923706055,56.7400016784668,56.869998931884766,652798,56.04649982452393,53.38979995727539,49.69770716872446,True,0.0,0.0
2019-03-13,57.09000015258789,58.47999954223633,57.0099983215332,58.2599983215332,610616,56.304499816894534,53.64839988708496,56.756753541581986,True,0.0,0.0
2019-03-14,58.34999847412109,58.7400016784668,58.0,58.61000061035156,567604,56.53999977111816,53.91239990234375,56.98036200562303,True,0.0,0.0
2019-03-15,58.5099983215332,58.95000076293945,57.7400016784668,58.52000045776367,507393,56.745499801635745,54.151999893188474,69.04761677127601,True,0.0,0.0
2019-03-18,58.45000076293945,59.22999954223633,58.04999923706055,59.09000015258789,157241,56.92049980163574,54.391999893188476,71.0433708139524,True,0.0,0.0
2019-03-19,59.0099983215332,59.56999969482422,58.619998931884766,59.02999877929688,114822,57.06749973297119,54.61339988708496,64.61537476571651,True,0.0,0.0
2019-03-20,59.02000045776367,60.119998931884766,58.38999938964844,59.83000183105469,786342,57.21299991607666,54.83959991455078,67.01433270700068,True,0.0,0.0
2019-03-21,59.9900016784668,60.38999938964844,59.65999984741211,59.97999954223633,655380,57.363999938964845,55.043599929809574,82.65624459833043,True,0.0,0.0
2019-03-22,59.869998931884766,60.06999969482422,58.27999877929688,59.040000915527344,738840,57.45300006866455,55.17719993591309,68.7022980787319,True,0.0,0.0
2019-03-25,58.97999954223633,59.34999847412109,58.16999816894531,58.81999969482422,705399,57.62000007629395,55.30179992675781,66.76556200834142,True,0.0,0.0
2019-03-26,59.119998931884766,60.380001068115234,59.040000915527344,59.93999862670898,685988,57.842000007629395,55.468799896240235,74.73402380026005,True,0.0,0.0
2019-03-27,60.02999877929688,60.220001220703125,58.810001373291016,59.40999984741211,732150,57.965500068664554,55.646799926757815,68.06832969408242,True,0.0,0.0
2019-03-28,59.400001525878906,59.560001373291016,58.20000076293945,59.29999923706055,712209,58.06949996948242,55.79059989929199,72.65076478515991,True,0.0,0.0
2019-03-29,59.52999877929688,60.72999954223633,59.40999984741211,60.13999938964844,705559,58.286499977111816,55.94719985961914,73.10343775255936,True,0.0,0.0
2019-04-01,60.2400016784668,61.79999923706055,60.130001068115234,61.59000015258789,670808,58.536499977111816,56.137599868774416,77.37818861238006,True,0.0,0.0
2019-04-02,61.810001373291016,62.75,61.59999847412109,62.58000183105469,793227,58.8375,56.3131999206543,76.27737751325523,True,0.0,0.0
2019-04-03,62.63999938964844,62.9900016784668,62.04999923706055,62.459999084472656,799672,59.14949989318848,56.51099990844727,74.09258965726004,True,0.0,0.0
2019-04-04,62.5,62.77000045776367,61.88999938964844,62.09999847412109,684973,59.42149982452393,56.700599899291994,71.67067455898946,True,0.0,0.0
2019-04-05,62.18000030517578,63.34000015258789,61.81999969482422,63.08000183105469,686862,59.77199993133545,56.899599914550784,73.01036478937134,True,0.0,0.0
2019-04-08,63.33000183105469,64.4800033569336,63.130001068115234,64.4000015258789,895767,60.152499961853025,57.11379997253418,77.03926714845267,True,0.0,0.0
2019-04-09,64.4000015258789,64.79000091552734,63.68000030517578,63.97999954223633,790677,60.50799999237061,57.35359992980957,71.72772108551426,True,0.0,0.0
2019-04-10,64.22000122070312,64.69999694824219,64.05000305175781,64.61000061035156,722216,60.825500106811525,57.57959991455078,73.08073952566208,True,0.0,0.0
2019-04-11,64.4800033569336,64.48999786376953,63.310001373291016,63.58000183105469,760504,61.07400016784668,57.76659996032715,72.43081156470278,True,0.0,0.0
2019-04-12,63.709999084472656,64.6500015258789,63.65999984741211,63.88999938964844,625588,61.34250011444092,57.96859992980957,74.82858159112749,True,0.0,0.0
2019-04-15,63.7599983215332,63.84000015258789,63.02999877929688,63.400001525878906,555858,61.55800018310547,58.13139999389649,68.05845960385311,True,0.0,0.0
2019-04-16,63.56999969482422,64.37000274658203,62.9900016784668,64.05000305175781,547469,61.809000396728514,58.32120002746582,73.91752159726346,True,0.0,0.0
2019-04-17,64.31999969482422,64.61000061035156,63.65999984741211,63.7599983215332,235376,62.00550022125244,58.52319999694824,72.57081698511108,True,0.0,0.0
2019-04-18,63.75,64.16000366210938,63.459999084472656,64.0,148238,62.20650024414063,58.723000030517575,70.79738562091501,True,0.0,0.0
2019-04-22,64.0,65.91999816894531,64.0,65.69999694824219,763527,62.539500045776364,58.98419998168945,71.56344379131664,True,0.0,0.0
2019-04-23,65.75,66.5999984741211,65.58000183105469,66.30000305175781,700598,62.913500213623045,59.255800018310545,70.35008347245406,True,0.0,0.0
2019-04-24,66.16999816894531,66.43000030517578,65.66000366210938,65.88999938964844,678386,63.21100025177002,59.52540000915528,68.18660998971689,True,0.0,0.0
2019-04-25,65.80999755859375,66.27999877929688,64.9000015258789,65.20999908447266,603001,63.501000213623044,59.767600021362306,65.94869611895265,True,0.0,0.0
2019-04-26,65.12999725341797,65.18000030517578,62.27999877929688,63.29999923706055,1000836,63.70100021362305,59.95559997558594,51.029949269582715,True,0.0,0.0
2019-04-29,62.95000076293945,63.68999862670898,62.459999084472656,63.5,654076,63.86900024414062,60.137399978637696,45.29288535972228,True,0.0,0.0
2019-04-30,63.58000183105469,64.75,63.29999923706055,63.90999984741211,750494,63.98500022888184,60.30379997253418,49.633509861081265,True,0.0,0.0
2019-05-01,63.400001525878906,63.93000030517578,62.77000045776367,63.59999847412109,676872,64.03600006103515,60.45399993896484,44.528705666079205,True,0.0,0.0
2019-05-02,63.61000061035156,63.68000030517578,60.95000076293945,61.810001373291016,914661,64.00350017547608,60.55180000305176,41.14114710398305,True,0.0,0.0
2019-05-03,61.54999923706055,62.52000045776367,61.29999923706055,61.93999862670898,646866,63.99550018310547,60.65139999389648,40.061167311846305,True,0.0,0.0
2019-05-06,61.43000030517578,62.95000076293945,60.040000915527344,62.25,768810,63.954000091552736,60.75120002746582,44.02907564023847,True,0.0,0.0
2019-05-07,62.16999816894531,62.4900016784668,60.65999984741211,61.400001525878906,842810,63.80400009155274,60.86960006713867,36.52085973802407,True,0.0,0.0
2019-05-08,61.43999862670898,62.369998931884766,61.06999969482422,62.119998931884766,791769,63.71100006103516,61.00200004577637,42.00780190943033,True,0.0,0.0
2019-05-09,62.02000045776367,62.209999084472656,60.91999816894531,61.70000076293945,769583,63.56550006866455,61.097200088500976,38.984676534456696,True,0.0,0.0
2019-05-10,61.63999938964844,62.4900016784668,61.41999816894531,61.65999984741211,786494,63.46949996948242,61.18600006103516,26.993189594308376,True,0.0,0.0
2019-05-13,61.650001525878906,63.33000183105469,60.63999938964844,61.040000915527344,1003106,63.327000045776366,61.29080009460449,20.113608679481175,True,0.0,0.0
2019-05-14,60.86000061035156,62.11000061035156,60.68999862670898,61.77999877929688,751668,63.24599990844727,61.39460006713867,27.49175640059302,True,0.0,0.0
2019-05-15,61.369998931884766,62.34000015258789,60.84999847412109,62.02000045776367,723001,63.14449977874756,61.503800048828126,31.645558506937363,True,0.0,0.0
2019-05-16,62.119998931884766,63.47999954223633,62.08000183105469,62.869998931884766,545679,63.099999809265135,61.63680000305176,47.18216979075632,True,1.0,1.0
2019-05-17,63.119998931884766,63.63999938964844,62.52000045776367,62.7599983215332,215802,63.0379997253418,61.75879997253418,45.09282021367394,True,1.0,0.0
2019-05-20,63.52999877929688,63.810001373291016,62.45000076293945,63.09999847412109,131888,62.90799980163574,61.89939994812012,44.57829664086588,True,1.0,0.0
2019-05-21,63.27999877929688,63.59999847412109,62.75,62.9900016784668,641680,62.74249973297119,62.02339996337891,45.80469025067391,True,1.0,0.0
2019-05-22,62.63999938964844,62.77999877929688,61.02999877929688,61.41999816894531,766728,62.51899967193604,62.114399948120116,47.23401653470323,True,1.0,0.0
2019-05-23,61.27000045776367,61.290000915527344,57.33000183105469,57.90999984741211,1108052,62.153999710083006,62.107399978637694,30.68072095268751,True,1.0,0.0
2019-05-24,58.209999084472656,59.09999847412109,57.5,58.630001068115234,758099,61.92049980163574,62.107799987792966,33.30257643564153,False,1.0,0.0
2019-05-28,58.93999862670898,59.56999969482422,58.130001068115234,59.13999938964844,1020323,61.70249977111816,62.12019996643066,39.238077245859216,False,0.0,-1.0
2019-05-29,59.06999969482422,59.13999938964844,56.880001068115234,58.810001373291016,1124959,61.44749984741211,62.114599990844724,33.63006994748466,False,0.0,0.0
2019-05-30,59.119998931884766,59.70000076293945,56.33000183105469,56.59000015258789,842281,61.096999931335446,62.06580001831055,28.54742941846824,False,0.0,0.0
2019-05-31,56.459999084472656,56.61000061035156,53.04999923706055,53.5,1031488,60.6814998626709,61.939199981689455,22.727264613852284,False,0.0,0.0
2019-06-03,53.41999816894531,54.630001068115234,52.11000061035156,53.25,984308,60.24699993133545,61.80459999084473,23.30362278674292,False,0.0,0.0
2019-06-04,52.88999938964844,53.77999877929688,52.43000030517578,53.47999954223633,831625,59.80849990844727,61.69339996337891,20.525566738652756,False,0.0,0.0
2019-06-05,52.86000061035156,53.40999984741211,50.59999847412109,51.68000030517578,943186,59.32249984741211,61.55059997558594,16.94372417487024,False,0.0,0.0
2019-06-06,51.65999984741211,53.29999923706055,51.16999816894531,52.59000015258789,790067,58.84599990844727,61.40360000610352,17.261144020643073,False,0.0,0.0
2019-06-07,53.09999847412109,54.31999969482422,52.619998931884766,53.9900016784668,828133,58.460499954223636,61.29520004272461,24.19070704603186,False,0.0,0.0
2019-06-10,54.2400016784668,54.84000015258789,53.04999923706055,53.2599983215332,687146,58.04049987792969,61.17440002441406,21.691600840462485,False,0.0,0.0
2019-06-11,53.43000030517578,54.040000915527344,52.90999984741211,53.27000045776367,642940,57.6519998550415,61.03700004577637,21.875006898683182,False,0.0,0.0
2019-06-12,53.040000915527344,53.04999923706055,50.720001220703125,51.13999938964844,786105,57.11999988555908,60.82800003051758,21.18835063560455,False,0.0,0.0
2019-06-13,51.06999969482422,53.45000076293945,50.91999816894531,52.27999877929688,945024,56.63299980163574,60.621999969482424,31.80349309766882,False,0.0,0.0
2019-06-14,52.18000030517578,52.97999954223633,51.70000076293945,52.5099983215332,574229,56.114999771118164,60.422999954223634,29.572759095046052,False,0.0,0.0
2019-06-17,52.5,52.7400016784668,51.58000183105469,51.93000030517578,397868,55.573499870300296,60.21959999084473,26.046519526683625,False,0.0,0.0
2019-06-18,51.95000076293945,54.310001373291016,51.5,53.900001525878906,181640,55.11350002288818,60.03599998474121,35.2905991403792,False,0.0,0.0
2019-06-19,54.09000015258789,54.41999816894531,53.27999877929688,53.7599983215332,122838,54.6519998550415,59.8231999206543,40.314852036305666,False,0.0,0.0
2019-06-20,54.119998931884766,57.02000045776367,54.11000061035156,56.650001525878906,854514,54.413500022888186,59.676599960327145,60.929906514841306,False,0.0,0.0
2019-06-21,57.2599983215332,57.97999954223633,56.65999984741211,57.43000030517578,676047,54.389500045776366,59.532999954223634,63.9892820867146,False,0.0,0.0
2019-06-24,57.720001220703125,58.220001220703125,56.75,57.900001525878906,597164,54.35300006866455,59.419399948120116,64.55862504143266,False,0.0,0.0
2019-06-25,57.7400016784668,58.84000015258789,57.20000076293945,57.83000183105469,673140,54.28750019073486,59.29819999694824,72.8624384543825,False,0.0,0.0
2019-06-26,58.84000015258789,59.93000030517578,58.650001525878906,59.380001068115234,686817,54.31600017547608,59.21779998779297,74.09508632742151,False,0.0,0.0
2019-06-27,59.27000045776367,59.72999954223633,58.61000061035156,59.43000030517578,531405,54.45800018310547,59.12539993286133,71.35005750487242,False,0.0,0.0
2019-06-28,59.220001220703125,59.79999923706055,57.75,58.470001220703125,556101,54.70650024414063,59.019599990844725,70.08481448137343,False,0.0,0.0
2019-07-01,59.27000045776367,60.27999877929688,58.34000015258789,59.09000015258789,674887,54.99850025177002,58.921399993896486,71.42856741563565,False,0.0,0.0
2019-07-02,59.13999938964844,59.43000030517578,56.09000015258789,56.25,878938,55.137000274658206,58.73240005493164,67.87963709924992,False,0.0,0.0
2019-07-03,56.4900016784668,57.47999954223633,56.040000915527344,57.34000015258789,600131,55.42000026702881,58.553199996948244,67.76685666035615,False,0.0,0.0
2019-07-05,57.380001068115234,57.81999969482422,56.290000915527344,57.5099983215332,698015,55.66600017547607,58.38559997558594,67.63046506485254,False,0.0,0.0
2019-07-08,57.77000045776367,58.459999084472656,57.29999923706055,57.65999984741211,540861,55.84950008392334,58.23459999084473,70.83635619108549,False,0.0,0.0
2019-07-09,57.560001373291016,59.09999847412109,57.290000915527344,57.83000183105469,551872,56.07800025939942,58.12520004272461,66.44350962229085,False,0.0,0.0
2019-07-10,58.400001525878906,60.52999877929688,58.34999847412109,60.43000030517578,690656,56.43600025177002,58.06380004882813,73.14365737082379,False,0.0,0.0
2019-07-11,60.43999862670898,60.93999862670898,60.13999938964844,60.20000076293945,573019,56.88900032043457,57.989600067138674,65.10638463653714,False,0.0,0.0
2019-07-12,60.459999084472656,60.7400016784668,59.93000030517578,60.209999084472656,469029,57.28550033569336,57.9218000793457,62.65938005933976,False,0.0,0.0
2019-07-15,60.25,60.91999816894531,59.20000076293945,59.58000183105469,566818,57.639000511169435,57.87720008850098,57.54040192008854,False,0.0,0.0
2019-07-16,59.2599983215332,60.060001373291016,57.06999969482422,57.619998931884766,712540,57.92350044250488,57.79080009460449,49.19415586982011,True,0.0,0.0
2019-07-17,57.52000045776367,58.36000061035156,56.209999084472656,56.77999877929688,504432,58.067500305175784,57.68140007019043,39.44803913038499,True,0.0,0.0
2019-07-18,56.59999847412109,57.31999969482422,54.720001220703125,55.29999923706055,215361,58.14450035095215,57.55940002441406,34.9818101312284,True,0.0,0.0
2019-07-19,55.720001220703125,56.36000061035156,54.9900016784668,55.630001068115234,105217,58.09350032806397,57.42960006713867,39.17682780565628,True,0.0,0.0
2019-07-22,56.220001220703125,56.84000015258789,55.720001220703125,56.220001220703125,619483,58.03300037384033,57.320000076293944,39.03743736275906,True,0.0,0.0
2019-07-23,56.16999816894531,57.470001220703125,55.7400016784668,56.77000045776367,521876,57.97650032043457,57.222200088500976,52.40740969674921,True,0.0,0.0
2019-07-24,57.22999954223633,57.63999938964844,55.33000183105469,55.880001068115234,745248,57.8790002822876,57.119000091552735,43.11321087433594,True,0.0,0.0
2019-07-25,55.900001525878906,56.9900016784668,55.810001373291016,56.02000045776367,559282,57.71100025177002,57.00380012512207,42.95176013818083,True,0.0,0.0
2019-07-26,55.93000030517578,56.56999969482422,55.68000030517578,56.20000076293945,476785,57.5495002746582,56.88740013122558,43.11321087433594,True,0.0,0.0
2019-07-29,56.20000076293945,57.09999847412109,55.810001373291016,56.869998931884766,529742,57.46950016021729,56.767400131225585,45.67566053576933,True,0.0,0.0
2019-07-30,57.06999969482422,58.470001220703125,56.959999084472656,58.04999923706055,547401,57.41750011444092,56.673200149536136,37.70660159610459,True,0.0,0.0
2019-07-31,58.34000015258789,58.81999969482422,57.810001373291016,58.58000183105469,614001,57.53400020599365,56.582800216674805,41.88377251407291,True,0.0,0.0
2019-08-01,57.84999847412109,57.9900016784668,53.59000015258789,53.95000076293945,886748,57.36450023651123,56.402000198364256,28.56165294464536,True,0.0,0.0
2019-08-02,54.540000915527344,56.04999923706055,54.150001525878906,55.65999984741211,739810,57.272000312805176,56.2868002319336,37.4999969589475,True,0.0,0.0
2019-08-05,55.380001068115234,55.61000061035156,54.220001220703125,54.68999862670898,823844,57.12350025177002,56.222400207519534,40.02723002646655,True,1.0,1.0
2019-08-06,54.95000076293945,55.41999816894531,53.290000915527344,53.630001068115234,682794,56.913500213623045,56.12240020751953,39.43662728565224,True,1.0,0.0
2019-08-07,53.41999816894531,53.77000045776367,50.52000045776367,51.09000015258789,1063214,56.44650020599365,55.96140022277832,36.81903956583637,True,1.0,0.0
2019-08-08,52.33000183105469,53.060001373291016,51.93999862670898,52.540000915527344,724762,56.063500213623044,55.836000213623045,40.95962514628772,True,1.0,0.0
2019-08-09,52.880001068115234,54.91999816894531,52.369998931884766,54.5,726386,55.77800025939941,55.79420021057129,45.3412749024731,False,1.0,0.0
2019-08-12,54.31999969482422,55.18000030517578,53.540000915527344,54.93000030517578,611027,55.54550018310547,55.82280021667481,44.98364193762492,False,0.0,-1.0
2019-08-13,54.72999954223633,57.470001220703125,54.209999084472656,57.09999847412109,783486,55.519500160217284,55.89980018615723,53.109065933798846,False,0.0,0.0
2019-08-14,56.7400016784668,56.84999847412109,53.970001220703125,55.22999954223633,718293,55.442000198364255,55.934800186157226,48.149880627661574,False,0.0,0.0
2019-08-15,54.900001525878906,55.33000183105469,53.77000045776367,54.470001220703125,527866,55.40050029754639,55.990600204467775,46.05563196741173,False,0.0,0.0
2019-08-16,54.7400016784668,55.66999816894531,54.2599983215332,54.869998931884766,168345,55.36250019073486,56.03620018005371,45.38319398355558,False,0.0,0.0
2019-08-19,54.959999084472656,56.40999984741211,54.84000015258789,56.209999084472656,113571,55.36200008392334,56.08060012817383,45.78368354720059,False,0.0,0.0
2019-08-20,56.09999847412109,56.59999847412109,55.27999877929688,56.34000015258789,659258,55.340500068664554,56.14220016479492,44.7712365339103,False,0.0,0.0
2019-08-21,56.04999923706055,57.130001068115234,55.54999923706055,55.68000030517578,704035,55.33050003051758,56.19040016174316,54.95702069621641,False,0.0,0.0
2019-08-22,55.93999862670898,56.459999084472656,54.84999847412109,55.34999847412109,621573,55.29699993133545,56.27460014343261,49.03546529942056,False,0.0,0.0
2019-08-23,55.34999847412109,55.59999847412109,53.2400016784668,54.16999816894531,807151,55.19549980163574,56.31240013122558,48.402946503072044,False,0.0,0.0
2019-08-26,53.25,55.2599983215332,52.959999084472656,53.63999938964844,679022,55.033999824523924,56.33500015258788,50.03174071096771,False,0.0,0.0
2019-08-27,53.7599983215332,55.720001220703125,53.68999862670898,54.93000030517578,596624,54.87799987792969,56.39500015258788,63.24138332008714,False,0.0,0.0
2019-08-28,55.709999084472656,56.75,55.34000015258789,55.77999877929688,674048,54.737999725341794,56.43260009765625,61.65467369229928,False,0.0,0.0
2019-08-29,55.880001068115234,56.88999938964844,55.43000030517578,56.709999084472656,630760,54.87599964141846,56.49160011291504,58.58585828646225,False,0.0,0.0
2019-08-30,56.630001068115234,56.720001220703125,54.54999923706055,55.09999847412109,708268,54.847999572753906,56.46060005187987,50.60497588730428,False,0.0,0.0
2019-09-03,55.0,55.2400016784668,52.84000015258789,53.93999862670898,970804,54.810499572753905,56.390800018310536,37.883433474034454,False,0.0,0.0
2019-09-04,53.91999816894531,56.58000183105469,53.84000015258789,56.2599983215332,682298,54.941999435424805,56.35799995422362,53.81763877836915,False,0.0,0.0
2019-09-05,55.95000076293945,57.7599983215332,55.75,56.29999923706055,712466,55.20249938964844,56.32739990234374,57.165222986522494,False,0.0,0.0
2019-09-06,56.18999862670898,56.95000076293945,54.83000183105469,56.52000045776367,714294,55.401499366760255,56.27019989013671,56.55282369317118,False,0.0,0.0
2019-09-09,56.79999923706055,58.15999984741211,56.58000183105469,57.84999847412109,646993,55.56899929046631,56.238599853515616,56.518279614236484,False,0.0,0.0
2019-09-10,58.02999877929688,58.7599983215332,57.20000076293945,57.400001525878906,755472,55.69249935150147,56.21719985961913,54.10853318358426,False,0.0,0.0
2019-09-11,57.88999938964844,58.29999923706055,55.61000061035156,55.75,858772,55.62499942779541,56.150399856567375,50.25197875414014,False,0.0,0.0
2019-09-12,55.93000030517578,56.34000015258789,54.0,55.09000015258789,845977,55.61799945831299,56.12719985961913,49.0858003904298,False,0.0,0.0
2019-09-13,55.150001525878906,55.68000030517578,54.43999862670898,54.84999847412109,599470,55.63699932098389,56.0773998260498,52.56024234819914,False,0.0,0.0
2019-09-16,61.47999954223633,63.380001068115234,58.77000045776367,62.900001525878906,1404916,56.038499450683595,56.18519989013671,72.25961725387319,False,0.0,0.0
2019-09-17,61.959999084472656,62.59000015258789,58.459999084472656,59.34000015258789,993237,56.19499950408935,56.21879989624023,59.55786557551238,False,0.0,0.0
2019-09-18,58.810001373291016,59.43000030517578,57.66999816894531,58.11000061035156,216961,56.283499526977536,56.224399871826165,54.96801999193788,True,0.0,0.0
2019-09-19,58.20000076293945,59.540000915527344,58.0099983215332,58.130001068115234,112327,56.40599956512451,56.17839988708495,53.14995937365188,True,0.0,0.0
2019-09-20,58.650001525878906,59.09999847412109,57.790000915527344,58.09000015258789,576019,56.54299964904785,56.13619987487792,57.129234526694795,True,0.0,0.0
2019-09-23,59.25,59.38999938964844,57.369998931884766,58.63999938964844,526785,56.76649971008301,56.10479988098144,61.5422390506877,True,0.0,0.0
2019-09-24,58.43999862670898,58.4900016784668,56.68999862670898,57.290000915527344,591529,56.94899978637695,56.05899986267089,52.656014501749276,True,0.0,0.0
2019-09-25,56.70000076293945,57.02000045776367,55.54999923706055,56.4900016784668,563550,57.0269998550415,56.03639991760253,50.4714700422286,True,0.0,0.0
2019-09-26,56.68999862670898,56.84000015258789,55.40999984741211,56.40999984741211,599653,57.05849990844727,56.02899993896484,49.72513593551199,True,0.0,0.0
2019-09-27,56.5099983215332,56.7599983215332,54.75,55.90999984741211,712966,57.01849994659424,56.04119995117187,44.942653258611976,True,0.0,0.0
2019-09-30,56.540000915527344,56.56999969482422,53.97999954223633,54.06999969482422,532522,56.967000007629395,56.00999992370605,41.905686326290216,True,0.0,0.0
2019-10-01,54.27999877929688,54.84000015258789,53.04999923706055,53.619998931884766,589176,56.95100002288818,55.95799987792968,44.5018060232021,True,0.0,0.0
2019-10-02,54.0,54.41999816894531,52.16999816894531,52.63999938964844,590306,56.77000007629395,55.87539985656738,43.77856784027176,True,0.0,0.0
2019-10-03,52.470001220703125,52.90999984741211,50.9900016784668,52.45000076293945,642466,56.57750015258789,55.80679985046386,43.89002719039631,True,0.0,0.0
2019-10-04,52.290000915527344,53.34999847412109,52.040000915527344,52.810001373291016,541104,56.39200019836426,55.742599868774406,7.782428835151137,True,0.0,0.0
2019-10-07,52.68999862670898,54.060001373291016,52.59000015258789,52.75,549019,56.137000274658206,55.67359985351562,11.005919777600923,True,0.0,0.0
2019-10-08,52.810001373291016,53.27000045776367,51.810001373291016,52.630001068115234,658324,55.89850025177002,55.588799896240225,12.670303621831494,True,0.0,0.0
2019-10-09,52.56999969482422,53.7400016784668,52.310001373291016,52.59000015258789,632666,55.74050025939941,55.479599914550775,12.364127336242731,True,0.0,0.0
2019-10-10,52.68999862670898,53.970001220703125,51.380001068115234,53.54999923706055,613944,55.663500213623045,55.37899986267089,22.584531492449855,True,0.0,0.0
2019-10-11,53.880001068115234,54.93000030517578,53.63999938964844,54.70000076293945,467643,55.65600032806397,55.39399986267089,27.815325716254435,True,0.0,0.0
2019-10-14,54.900001525878906,54.900001525878906,52.77000045776367,53.59000015258789,467643,55.190500259399414,55.352599868774405,28.58796648895658,False,0.0,0.0
2019-10-15,53.5099983215332,53.790000915527344,52.38999938964844,52.810001373291016,511249,54.86400032043457,55.31499992370605,28.654297374586335,False,0.0,0.0
2019-10-16,52.91999816894531,53.7400016784668,52.52000045776367,53.36000061035156,451643,54.62650032043457,55.30959991455077,33.223326810438934,False,0.0,0.0
2019-10-17,52.9900016784668,54.15999984741211,52.619998931884766,53.93000030517578,418422,54.4165002822876,55.36639991760253,39.19214205666324,False,0.0,0.0
2019-10-18,54.09000015258789,54.619998931884766,53.34999847412109,53.77999877929688,174477,54.20100021362305,55.39119987487792,48.05889646494569,False,0.0,0.0
2019-10-21,53.709999084472656,54.02999877929688,52.709999084472656,53.310001373291016,95979,53.93450031280518,55.36739990234374,47.930589806351854,False,0.0,0.0
2019-10-22,53.38999938964844,54.619998931884766,53.09999847412109,54.15999984741211,506573,53.77800025939941,55.35199989318847,60.32609456203266,False,0.0,0.0
2019-10-23,54.29999923706055,56.06999969482422,53.619998931884766,55.970001220703125,620202,53.75200023651123,55.32939994812012,69.59911267928122,False,0.0,0.0
2019-10-24,55.900001525878906,56.5099983215332,55.40999984741211,56.22999954223633,480764,53.743000221252444,55.349399948120116,69.25675240287339,False,0.0,0.0
2019-10-25,56.06999969482422,56.7400016784668,55.59999847412109,56.65999984741211,445020,53.78050022125244,55.3931999206543,71.13514302646246,False,0.0,0.0
2019-10-28,56.650001525878906,56.91999816894531,55.58000183105469,55.810001373291016,437020,53.86750030517578,55.41199996948242,65.93187207686275,False,0.0,0.0
2019-10-29,55.79999923706055,55.90999984741211,54.61000061035156,55.540000915527344,521457,53.96350040435791,55.398600006103514,64.44663138910715,False,0.0,0.0
2019-10-30,55.52999877929688,55.72999954223633,54.41999816894531,55.060001373291016,659328,54.08450050354004,55.37300003051758,57.75952106513609,False,0.0,0.0
2019-10-31,54.900001525878906,55.59000015258789,53.709999084472656,54.18000030517578,677419,54.171000480651855,55.34300003051758,47.25158182993458,False,0.0,0.0
2019-11-01,54.150001525878906,56.33000183105469,54.06999969482422,56.20000076293945,538117,54.34050045013428,55.36000007629394,62.58438688184953,False,0.0,0.0
2019-11-04,56.40999984741211,57.43000030517578,55.83000183105469,56.540000915527344,580350,54.53000049591064,55.407400131225586,68.7814746249552,False,0.0,0.0
2019-11-05,56.560001373291016,57.5,56.29999923706055,57.22999954223633,435319,54.7600004196167,55.47920013427734,69.21549411714345,False,0.0,0.0
2019-11-06,57.2599983215332,57.84999847412109,56.11000061035156,56.34999847412109,623258,54.94800033569336,55.50760009765625,61.657027019676896,False,0.0,0.0
2019-11-07,56.34999847412109,57.880001068115234,56.27000045776367,57.150001525878906,678165,55.12800045013428,55.53500015258789,65.27653272685512,False,0.0,0.0
2019-11-08,57.08000183105469,57.47999954223633,55.7599983215332,57.2400016784668,636941,55.25500049591064,55.545600204467775,68.4507030145775,False,0.0,0.0
2019-11-11,57.400001525878906,57.400001525878906,56.25,56.86000061035156,498981,55.41850051879883,55.580800247192386,63.26129504048335,False,0.0,0.0
2019-11-12,56.88999938964844,57.54999923706055,56.540000915527344,56.79999923706055,586568,55.6180004119873,55.63800025939941,54.92288025340798,False,0.0,0.0
2019-11-13,56.790000915527344,57.52999877929688,56.20000076293945,57.119998931884766,547635,55.806000328063966,55.65520027160645,55.2414535559785,True,0.0,0.0
2019-11-14,57.38999938964844,57.790000915527344,56.630001068115234,56.77000045776367,516832,55.94800033569336,55.66460029602051,50.65398669709956,True,0.0,0.0
2019-11-15,56.90999984741211,57.970001220703125,56.43000030517578,57.720001220703125,375993,56.14500045776367,55.688600311279295,61.22208291290257,True,0.0,0.0
2019-11-18,57.880001068115234,58.09000015258789,56.54999923706055,57.04999923706055,159328,56.33200035095215,55.67260032653809,58.473608610676415,True,0.0,0.0
2019-11-19,56.900001525878906,57.11000061035156,55.040000915527344,55.209999084472656,121214,56.38450031280517,55.62880027770996,50.73027065757232,True,0.0,0.0
2019-11-20,55.15999984741211,57.25,54.7599983215332,57.11000061035156,674891,56.4415002822876,55.65600028991699,62.976076561490565,True,0.0,0.0
2019-11-21,57.0,58.66999816894531,56.59999847412109,58.58000183105469,593533,56.559000396728514,55.725800323486325,61.08006985791506,True,0.0,0.0
2019-11-22,58.310001373291016,58.7400016784668,57.5,57.77000045776367,508244,56.61450042724609,55.78420036315918,55.48616586533144,True,0.0,0.0
2019-11-25,57.91999816894531,58.150001525878906,57.209999084472656,58.0099983215332,420642,56.724500274658205,55.68640029907227,53.62452635400358,True,0.0,0.0
2019-11-26,57.91999816894531,58.560001373291016,57.7599983215332,58.40999984741211,443816,56.868000221252444,55.66780029296875,60.01945196807386,True,0.0,0.0
2019-11-27,58.27000045776367,58.68000030517578,57.5099983215332,58.11000061035156,454256,57.02050018310547,55.66780029296875,54.90796756339297,True,0.0,0.0
2019-11-29,58.130001068115234,58.29999923706055,55.02000045776367,55.16999816894531,718724,57.070000076293944,55.60860023498535,41.80521740286044,True,0.0,0.0
2019-12-02,55.470001220703125,56.66999816894531,55.41999816894531,55.959999084472656,616423,57.057999992370604,55.56600021362305,46.549076165178626,True,0.0,0.0
2019-12-03,55.959999084472656,56.79999923706055,55.34999847412109,56.09999847412109,560554,57.035999870300294,55.5152001953125,47.332315499729425,True,0.0,0.0
2019-12-04,56.43000030517578,58.65999984741211,56.27999877929688,58.43000030517578,760541,57.09599990844727,55.53800018310547,54.3291494389776,True,0.0,0.0
2019-12-05,58.36000061035156,59.119998931884766,58.09999847412109,58.43000030517578,649461,57.2,55.576800155639646,55.61569248709056,True,0.0,0.0
2019-12-06,58.31999969482422,59.84999847412109,57.70000076293945,59.20000076293945,679609,57.30249996185303,55.632600173950195,55.06848813982685,True,0.0,0.0
2019-12-09,59.11000061035156,59.25,58.22999954223633,59.02000045776367,511561,57.39149990081787,55.694800186157224,56.98086488409653,True,0.0,0.0
2019-12-10,58.91999816894531,59.52000045776367,58.52000045776367,59.2400016784668,566822,57.51049995422363,55.79820022583008,66.13290468669875,True,0.0,0.0
2019-12-11,59.060001373291016,59.220001220703125,58.11000061035156,58.7599983215332,589650,57.608499908447264,55.90100021362305,57.452556688859886,True,0.0,0.0
2019-12-12,58.880001068115234,59.720001220703125,58.75,59.18000030517578,530851,57.711499977111814,56.031800231933595,52.994000805577826,True,0.0,0.0
2019-12-13,59.36000061035156,60.47999954223633,59.27000045776367,60.06999969482422,512288,57.87649993896484,56.18420021057129,61.386123655745436,True,0.0,0.0
2019-12-16,59.869998931884766,60.34000015258789,59.709999084472656,60.209999084472656,347395,58.00099983215332,56.33220016479492,60.99999122620633,True,0.0,0.0
2019-12-17,60.22999954223633,61.060001373291016,60.02999877929688,60.93999862670898,163744,58.19549980163574,56.496000137329105,62.245868646023716,True,0.0,0.0
2019-12-18,60.54999923706055,61.18000030517578,60.31999969482422,60.93000030517578,131071,58.4814998626709,56.66200012207031,64.04381122887862,True,0.0,0.0
2019-12-19,60.86000061035156,61.470001220703125,60.790000915527344,61.220001220703125,426341,58.68699989318848,56.83460014343262,90.9336759502924,True,0.0,0.0
2019-12-20,61.11000061035156,61.20000076293945,60.02000045776367,60.43999862670898,552517,58.77999973297119,56.972400131225584,80.3522646507721,True,0.0,0.0
2019-12-23,60.40999984741211,60.77000045776367,60.09999847412109,60.52000045776367,314711,58.917499732971194,57.08880012512207,80.19122443778902,True,0.0,0.0
2019-12-24,60.630001068115234,61.15999984741211,60.470001220703125,61.11000061035156,204535,59.07249984741211,57.23920013427735,74.01429893776586,True,0.0,0.0
2019-12-26,61.20000076293945,61.83000183105469,61.060001373291016,61.68000030517578,265091,59.23599987030029,57.41660011291504,76.42272489312661,True,0.0,0.0
2019-12-27,61.72999954223633,61.970001220703125,61.2400016784668,61.720001220703125,351899,59.41649990081787,57.58380012512207,73.24719546347434,True,0.0,0.0
2019-12-30,61.709999084472656,62.34000015258789,61.09000015258789,61.68000030517578,427149,59.74200000762939,57.73880012512207,75.18934372162012,True,0.0,0.0
2019-12-31,61.68000030517578,61.880001068115234,60.630001068115234,61.060001373291016,494535,59.99700012207031,57.88440017700195,66.02110169377696,True,0.0,0.0
2020-01-02,61.59999847412109,61.59999847412109,60.63999938964844,61.18000030517578,486873,60.251000213623044,58.04180015563965,72.74436454140843,True,0.0,0.0
2020-01-03,61.18000030517578,64.08999633789062,61.130001068115234,63.04999923706055,885861,60.48200016021728,58.219600143432615,78.58196949932807,True,0.0,0.0
2020-01-06,63.709999084472656,64.72000122070312,62.63999938964844,63.27000045776367,724236,60.72400016784668,58.36560012817383,76.22950460859032,True,0.0,0.0
2020-01-07,62.90999984741211,63.150001525878906,62.11000061035156,62.70000076293945,582649,60.89900016784668,58.49500015258789,69.06585520162683,True,0.0,0.0
2020-01-08,62.84000015258789,65.6500015258789,59.150001525878906,59.61000061035156,1205710,60.928500175476074,58.55400016784668,42.519698892193475,True,0.0,0.0
2020-01-09,59.9900016784668,60.310001373291016,58.65999984741211,59.560001373291016,750933,60.94450016021729,58.62900016784668,42.32923684303832,True,0.0,0.0
2020-01-10,59.61000061035156,59.77999877929688,58.84999847412109,59.040000915527344,596186,60.95850028991699,58.69900016784668,38.100439772784085,True,0.0,0.0
2020-01-13,59.040000915527344,59.27000045776367,57.90999984741211,58.08000183105469,584002,60.903500366210935,58.75940017700195,37.366184383838636,True,0.0,0.0
2020-01-14,58.02999877929688,58.720001220703125,57.720001220703125,58.22999954223633,507714,60.81150035858154,58.84040016174316,37.832083522852116,True,0.0,0.0
2020-01-15,58.20000076293945,58.36000061035156,57.36000061035156,57.810001373291016,433169,60.69150047302246,58.8726001739502,32.142849770601956,True,0.0,0.0
2020-01-16,58.09999847412109,58.869998931884766,57.560001373291016,58.52000045776367,182871,60.5705005645752,58.912200164794925,33.15563935062258,True,0.0,0.0
2020-01-17,58.59000015258789,58.97999954223633,58.27000045776367,58.540000915527344,122561,60.45100059509277,58.938400192260744,33.012806143949504,True,0.0,0.0
2020-01-21,59.16999816894531,59.72999954223633,57.68000030517578,58.34000015258789,648335,60.30700054168701,58.97820022583008,32.457969177062594,True,0.0,0.0
2020-01-22,58.2599983215332,58.380001068115234,56.02999877929688,56.7400016784668,620119,60.1220006942749,58.97000022888184,29.42855793439442,True,0.0,0.0
2020-01-23,56.11000061035156,56.27000045776367,54.77000045776367,55.59000015258789,703995,59.87550067901611,58.93700019836426,25.75887860423707,True,0.0,0.0
2020-01-24,55.68999862670898,55.95000076293945,53.84999847412109,54.18999862670898,586195,59.529500579833986,58.88360015869141,9.945738851148135,True,0.0,0.0
2020-01-27,53.70000076293945,53.709999084472656,52.130001068115234,53.13999938964844,712880,59.10250053405762,58.81040016174316,7.401157114573465,True,0.0,0.0
2020-01-28,52.77000045776367,54.060001373291016,52.68000030517578,53.47999954223633,633963,58.69050045013428,58.7376001739502,10.463103096972517,False,0.0,0.0
2020-01-29,53.970001220703125,54.369998931884766,52.810001373291016,53.33000183105469,624979,58.27300052642822,58.66880020141602,13.990806222860726,False,0.0,0.0
2020-01-30,53.09000015258789,53.20000076293945,51.65999984741211,52.13999938964844,720123,57.82700042724609,58.55720016479492,12.37320286497011,False,0.0,0.0
2020-01-31,52.91999816894531,53.36000061035156,50.970001220703125,51.560001373291016,827907,57.34600048065185,58.44740020751953,12.298367946987995,False,0.0,0.0
2020-02-03,51.0099983215332,51.970001220703125,49.79999923706055,50.11000061035156,876044,56.69900054931641,58.34540023803711,11.719480028348244,False,0.0,0.0
2020-02-04,49.93999862670898,51.54999923706055,49.310001373291016,49.61000061035156,859357,56.0160005569458,58.19540023803711,9.94423663322425,False,0.0,0.0
2020-02-05,49.5099983215332,51.880001068115234,49.470001220703125,50.75,887946,55.41850051879883,58.03880020141602,19.250863872788486,False,0.0,0.0
2020-02-06,51.16999816894531,52.20000076293945,50.2400016784668,50.95000076293945,750659,54.985500526428225,57.902400207519534,15.496814710750698,False,0.0,0.0
2020-02-07,51.11000061035156,51.47999954223633,50.09000015258789,50.31999969482422,768345,54.52350044250488,57.74860023498535,14.507772362094428,False,0.0,0.0
2020-02-10,50.119998931884766,50.4900016784668,49.41999816894531,49.56999969482422,715894,54.05000038146973,57.571800231933594,13.849960076193298,False,0.0,0.0
2020-02-11,49.61000061035156,50.68999862670898,49.58000183105469,49.93999862670898,725733,53.64300022125244,57.40840019226074,18.80732981727948,False,0.0,0.0
2020-02-12,49.959999084472656,51.72999954223633,49.95000076293945,51.16999816894531,795256,53.29000015258789,57.328400192260744,29.87248557415539,False,0.0,0.0
2020-02-13,51.720001220703125,51.959999084472656,50.59999847412109,51.41999816894531,745400,52.970499992370605,57.2376001739502,35.91047295658504,False,0.0,0.0
2020-02-14,51.5099983215332,52.34000015258789,51.31999969482422,52.04999923706055,607343,52.64699993133545,57.15660018920899,44.20828814950694,False,0.0,0.0
2020-02-18,52.22999954223633,52.40999984741211,50.880001068115234,52.04999923706055,221774,52.32249984741211,57.02900016784668,42.11686685065818,False,0.0,0.0
2020-02-19,52.119998931884766,53.65999984741211,51.93000030517578,53.290000915527344,113683,52.069999885559085,56.92620018005371,49.80314517170637,False,0.0,0.0
2020-02-20,53.5,54.5,53.220001220703125,53.77999877929688,676179,51.92199974060058,56.81780014038086,58.66807372286265,False,0.0,0.0
2020-02-21,53.7400016784668,53.86000061035156,52.54999923706055,53.380001068115234,707555,51.811499786376956,56.70500015258789,59.80603412839088,False,0.0,0.0
2020-02-24,52.59999847412109,52.63999938964844,50.45000076293945,51.43000030517578,765515,51.67349987030029,56.54880012512207,56.748465539783616,False,0.0,0.0
2020-02-25,51.369998931884766,52.02000045776367,49.68999862670898,49.900001525878906,764989,51.51149997711182,56.37160018920898,51.34135513886772,False,0.0,0.0
2020-02-26,50.08000183105469,50.43999862670898,48.29999923706055,48.72999954223633,884482,51.273999977111814,56.162600173950196,40.682654846266665,False,0.0,0.0
2020-02-27,48.630001068115234,48.77999877929688,45.880001068115234,47.09000015258789,1011915,50.96199989318848,55.90300018310547,34.28338357468236,False,0.0,0.0
2020-02-28,46.4900016784668,47.02999877929688,43.84999847412109,44.7599983215332,1101659,50.59299983978271,55.59400016784668,30.114443650398016,False,0.0,0.0
2020-03-02,43.70000076293945,47.560001373291016,43.31999969482422,46.75,949471,50.35249977111816,55.3102001953125,40.73587559576444,False,0.0,0.0
2020-03-03,47.720001220703125,48.65999984741211,46.470001220703125,47.18000030517578,1011933,50.205999755859374,55.0352001953125,40.96859341300761,False,0.0,0.0
2020-03-04,46.93999862670898,48.40999984741211,46.650001525878906,46.77999877929688,745856,50.06449966430664,54.746400146484376,34.8096955054169,False,0.0,0.0
2020-03-05,47.130001068115234,47.56999969482422,45.650001525878906,45.900001525878906,704591,49.82199974060059,54.45560020446777,31.697626084836045,False,0.0,0.0
2020-03-06,46.09000015258789,46.380001068115234,41.04999923706055,41.27999877929688,1276180,49.33849964141846,54.07080017089844,21.761933729098956,False,0.0,0.0
2020-03-09,32.869998931884766,34.880001068115234,27.34000015258789,31.1299991607666,1774383,48.378999614715575,53.471200141906735,14.202604659870246,False,0.0,0.0
2020-03-10,30.3700008392334,35.02000045776367,30.200000762939453,34.36000061035156,1064632,47.61849966049194,52.924800148010256,19.673184000762703,False,0.0,0.0
2020-03-11,34.619998931884766,36.34999847412109,32.560001373291016,32.97999954223633,874646,46.77049970626832,52.35000011444092,17.601253454617705,False,0.0,0.0
2020-03-12,33.06999969482422,33.630001068115234,30.020000457763672,31.5,1025036,45.78699979782105,51.746400108337404,17.028336594641956,False,0.0,0.0
2020-03-13,30.770000457763672,33.869998931884766,30.32999992370605,31.729999542236328,743129,44.802499866485604,51.15980007171631,18.690405977796672,False,0.0,0.0
2020-03-16,33.75,33.75,28.100000381469727,28.700000762939453,698829,43.634999942779544,50.510200080871584,17.839811218818667,False,0.0,0.0
2020-03-17,28.690000534057617,30.299999237060547,26.6299991607666,26.950000762939453,545820,42.38000001907349,49.78820011138916,17.53131230230595,False,0.0,0.0
2020-03-18,26.940000534057617,27.21999931335449,20.059999465942383,20.3700008392334,309481,40.73400001525879,48.93020011901856,15.280670922677288,False,0.0,0.0
2020-03-19,22.299999237060547,27.709999084472656,21.36000061035156,25.21999931335449,136722,39.30600004196167,48.18060009002686,26.170734025409317,False,0.0,0.0
2020-03-20,24.729999542236328,27.88999938964844,19.459999084472656,22.43000030517578,1133808,37.758500003814696,47.43700008392334,20.909090743162352,False,0.0,0.0
2020-03-23,22.520000457763672,24.06999969482422,20.799999237060547,23.36000061035156,852951,36.355000019073486,46.71300006866455,21.843971484100322,False,0.0,0.0
2020-03-24,23.8700008392334,25.15999984741211,23.09000015258789,24.01000022888184,659697,35.06049995422363,46.01240005493164,23.243243267473545,False,0.0,0.0
2020-03-25,24.3700008392334,25.239999771118164,22.90999984741211,24.489999771118164,618725,33.84849996566773,45.34060001373291,24.602607415744387,False,0.0,0.0
2020-03-26,24.25,24.649999618530277,22.3799991607666,22.600000381469727,633877,32.623999977111815,44.628000030517576,26.306443214930766,False,0.0,0.0
2020-03-27,23.290000915527344,23.440000534057617,20.8799991607666,21.51000022888184,603124,31.461500072479247,43.9020000076294,34.156785330652994,False,0.0,0.0
2020-03-30,20.93000030517578,20.93000030517578,19.270000457763672,20.09000015258789,758711,30.128500080108644,43.13340000152588,25.008751758702644,False,0.0,0.0
2020-03-31,20.229999542236328,21.88999938964844,20.01000022888184,20.479999542236328,660082,28.79350004196167,42.37219997406006,27.322200947944182,False,0.0,0.0
2020-04-01,20.100000381469727,21.549999237060547,19.899999618530277,20.309999465942383,703286,27.470000076293946,41.61159996032715,28.685708622314877,False,0.0,0.0
2020-04-02,21.21999931335449,27.38999938964844,20.76000022888184,25.31999969482422,1095972,26.44099998474121,40.9831999206543,39.671284422177756,False,0.0,0.0
2020-04-03,24.809999465942383,29.1299991607666,23.520000457763672,28.34000015258789,1007577,25.79400005340576,40.4381999206543,49.41972816036389,False,0.0,0.0
2020-04-06,26.09000015258789,28.239999771118164,25.280000686645508,26.07999992370605,752710,25.541500091552734,39.87599994659424,48.62036009269726,False,0.0,0.0
2020-04-07,26.34000015258789,27.239999771118164,23.540000915527344,23.6299991607666,797707,25.005000019073485,39.2857999420166,55.94890254352619,False,0.0,0.0
2020-04-08,24.299999237060547,26.450000762939453,23.739999771118164,25.09000015258789,823554,24.610500049591064,38.717999954223636,49.729281217144226,False,0.0,0.0
2020-04-09,26.280000686645508,28.36000061035156,22.56999969482422,22.76000022888184,1122149,24.173500061035156,38.10659992218017,50.70063674664492,False,0.0,0.0
2020-04-13,24.600000381469727,24.739999771118164,22.030000686645508,22.40999984741211,775120,23.707500076293947,37.51199993133545,47.93208377785543,False,0.0,0.0
2020-04-14,22.36000061035156,23.07999992370605,19.950000762939453,20.11000061035156,785478,23.27800006866455,36.88299991607666,42.079611117812384,False,0.0,0.0
2020-04-15,20.71999931335449,20.88999938964844,19.200000762939453,19.8700008392334,544797,22.92400007247925,36.278199920654295,40.52502311427928,False,0.0,0.0
2020-04-16,20.149999618530277,20.530000686645508,19.420000076293945,19.8700008392334,350942,22.899000072479247,35.68339992523193,43.93063730882202,False,0.0,0.0
2020-04-17,20.0,20.21999931335449,17.309999465942383,18.270000457763672,240628,22.551500129699708,35.033799934387204,42.95652282080253,False,0.0,0.0
2020-04-20,17.729999542236328,17.850000381469727,0.01,0.01,247947,21.430500114440918,34.01499991912842,24.799198043440356,False,0.0,0.0
2020-04-21,0.01,13.859999656677246,0.01,10.010000228881836,2288230,20.76300009536743,33.20879992980957,39.413550403381954,False,0.0,0.0
2020-04-22,13.119999885559082,16.18000030517578,10.260000228881836,13.779999732971191,1235218,20.2515000705719,32.49299993057251,43.84542938890825,False,0.0,0.0
2020-04-23,14.199999809265137,18.26000022888184,13.350000381469728,16.5,833584,19.85200008201599,31.82419995803833,41.312057482176144,False,0.0,0.0
2020-04-24,16.780000686645508,17.969999313354492,15.640000343322754,16.940000534057617,600220,19.569000089645385,31.139600005340576,38.16936593326459,False,0.0,0.0
2020-04-27,16.84000015258789,16.979999542236328,11.880000114440918,12.779999732971191,623201,19.132500064849854,30.366800036621093,36.721246675709224,False,0.0,0.0
2020-04-28,12.960000038146973,13.6899995803833,10.06999969482422,12.34000015258789,897087,18.745000064849854,29.57260005493164,38.256710500967245,False,0.0,0.0
2020-04-29,13.350000381469728,16.780000686645508,12.670000076293944,15.0600004196167,554134,18.474000108718872,28.832800078582764,39.833773098009694,False,0.0,0.0
2020-04-30,15.640000343322754,19.440000534057617,15.449999809265137,18.84000015258789,545344,18.400500143051147,28.143800063323976,46.14021269402282,False,0.0,0.0
2020-05-01,19.040000915527344,20.479999542236328,18.06999969482422,19.780000686645508,403201,18.12350019264221,27.463800101470948,47.44014104110959,False,0.0,0.0
2020-05-04,19.11000061035156,21.420000076293945,18.049999237060547,20.38999938964844,311488,17.72600015449524,26.80400006790161,50.2818023097795,False,0.0,0.0
2020-05-05,21.239999771118164,25.489999771118164,21.1299991607666,24.559999465942383,387240,17.650000131607054,26.266600051116942,54.37418255294382,False,0.0,0.0
2020-05-06,25.520000457763672,26.07999992370605,22.57999992370605,23.989999771118164,381165,17.668000162124635,25.74840001602173,53.80213997219335,False,0.0,0.0
2020-05-07,24.09000015258789,26.739999771118164,22.940000534057617,23.549999237060547,310261,17.591000116348265,25.24480000991821,54.97925187488123,False,0.0,0.0
2020-05-08,23.350000381469727,24.989999771118164,23.26000022888184,24.739999771118164,205181,17.690000093460082,24.797800002288817,84.3949917786432,False,0.0,0.0
2020-05-11,24.489999771118164,25.57999992370605,23.670000076293945,24.13999938964844,179591,17.7765000705719,24.385400023651123,76.61016676404563,False,0.0,0.0
2020-05-12,24.489999771118164,26.229999542236328,24.21999931335449,25.780000686645508,212335,18.060000074386597,23.966000037384035,74.57002356731248,False,0.0,0.0
2020-05-13,25.299999237060547,26.450000762939453,24.790000915527344,25.290000915527344,150864,18.331000078201292,23.528200049591064,69.80621890136732,False,0.0,0.0
2020-05-14,25.559999465942383,27.959999084472656,25.18000030517578,27.559999465942383,160507,18.715500009536743,23.143800063323976,72.10657520710456,False,0.0,0.0
2020-05-15,27.63999938964844,29.920000076293945,27.239999771118164,29.43000030517578,108016,19.273500001907347,22.814400038909913,88.31109110038435,False,0.0,0.0
2020-05-18,29.530000686645508,33.31999969482422,29.530000686645508,31.81999969482422,89376,20.863999986648558,22.625200057220457,91.13175526010984,False,0.0,0.0
2020-05-19,32.83000183105469,33.439998626708984,31.34000015258789,32.5,430823,21.98849997520447,22.652600074005125,90.29574700483911,False,0.0,0.0
2020-05-20,31.88999938964844,33.779998779296875,31.559999465942383,33.4900016784668,406431,22.97400007247925,22.63520009536743,88.85941577463137,True,0.0,0.0
2020-05-21,33.529998779296875,34.65999984741211,33.2599983215332,33.91999816894531,372814,23.844999980926513,22.65400006790161,88.5496151450568,True,0.0,0.0
2020-05-22,33.95000076293945,34.0,30.71999931335449,33.25,429036,24.66049995422363,22.68900006790161,84.94565817944795,True,0.0,0.0
2020-05-26,33.29999923706055,34.810001373291016,32.47999954223633,34.349998474121094,466737,25.73899989128113,22.741400046539308,81.93085940323738,True,0.0,0.0
2020-05-27,34.13999938964844,34.31999969482422,31.75,32.810001373291016,415246,26.762499952316283,22.823600058746337,77.05523040254084,True,0.0,0.0
2020-05-28,32.099998474121094,34.209999084472656,31.13999938964844,33.709999084472656,440168,27.69499988555908,22.958800025177002,80.31027890778512,True,0.0,0.0
2020-05-29,33.68000030517578,35.77000045776367,32.36000061035156,35.4900016784668,443647,28.527499961853028,23.26120004196167,80.97984552778229,True,0.0,0.0
2020-06-01,35.209999084472656,35.900001525878906,34.27000045776367,35.439998626708984,385710,29.3104998588562,23.46560002822876,83.6309592740084,True,0.0,0.0
2020-06-02,35.560001373291016,37.060001373291016,35.279998779296875,36.810001373291016,343483,30.13149995803833,23.753200049591065,83.36358975773206,True,0.0,0.0
2020-06-03,36.86000061035156,38.18000030517578,35.880001068115234,37.290000915527344,494253,30.768000030517577,24.03180005569458,86.31961997109882,True,0.0,0.0
2020-06-04,36.7599983215332,37.619998931884766,36.380001068115234,37.40999984741211,307612,31.439000034332274,24.299800048065187,84.27279895970503,True,0.0,0.0
2020-06-05,37.33000183105469,39.68000030517578,37.04999923706055,39.54999923706055,396856,32.23900003433228,24.601000037384033,84.56284832899793,True,0.0,0.0
2020-06-08,39.40999984741211,40.43999862670898,37.959999084472656,38.18999862670898,416639,32.911499977111816,24.91280000228882,73.40191194577912,True,0.0,0.0
2020-06-09,38.220001220703125,39.09999847412109,37.06999969482422,38.93999862670898,396033,33.65149993896485,25.26139997024536,73.53801271510306,True,0.0,0.0
2020-06-10,38.5,39.90999984741211,37.72999954223633,39.59999847412109,385868,34.342499828338624,25.651599936676025,72.8838922843359,True,0.0,0.0
2020-06-11,39.09000015258789,39.09000015258789,35.40999984741211,36.34000015258789,513912,34.89499979019165,25.968799948883056,57.478376108013016,True,0.0,0.0
2020-06-12,36.2599983215332,36.9900016784668,34.47999954223633,36.2599983215332,406508,35.32999973297119,26.28779992599487,59.653618640387094,True,0.0,0.0
2020-06-15,36.02999877929688,37.2599983215332,34.36000061035156,37.119998931884766,387546,35.71449966430664,26.523799910736084,59.02280144864039,True,0.0,0.0
2020-06-16,37.04999923706055,39.060001373291016,36.380001068115234,38.380001068115234,366323,36.042499732971194,26.72459992904663,68.4804146905515,True,0.0,0.0
2020-06-17,37.93000030517578,38.75,37.209999084472656,37.959999084472656,239516,36.31549968719482,26.962199912261962,64.56475881406149,True,0.0,0.0
2020-06-18,37.7400016784668,38.970001220703125,37.11000061035156,38.84000015258789,113384,36.58299961090088,27.266399932098388,62.23519360758637,True,0.0,0.0
2020-06-19,38.84999847412109,40.4900016784668,38.400001525878906,39.75,64113,36.87449970245361,27.55959992904663,64.81099429316315,True,0.0,0.0
2020-06-22,39.18000030517578,40.70000076293945,39.119998931884766,40.459999084472656,315264,37.234999656677246,27.913599906158446,63.138937613922515,True,0.0,0.0
2020-06-23,40.68000030517578,41.630001068115234,39.7599983215332,40.369998931884766,368730,37.53599967956543,28.2727998878479,61.407396837193,True,0.0,0.0
2020-06-24,39.9900016784668,40.540000915527344,37.310001373291016,38.0099983215332,499490,37.79599952697754,28.630799842071532,51.90596653343506,True,0.0,0.0
2020-06-25,38.04999923706055,39.22999954223633,37.08000183105469,38.720001220703125,451640,38.04649963378906,29.007799849700927,47.0999388742465,True,0.0,0.0
2020-06-26,39.09000015258789,39.34999847412109,37.790000915527344,38.4900016784668,356712,38.19649963378906,29.380199866485597,51.13809890421588,True,0.0,0.0
2020-06-29,37.959999084472656,39.88999938964844,37.5,39.70000076293945,343913,38.40949974060059,29.808799872589113,52.785930150803544,True,0.0,0.0
2020-06-30,39.63999938964844,40.08000183105469,38.84999847412109,39.27000045776367,370059,38.53249969482422,30.593999881744384,48.76958302622812,True,0.0,0.0
2020-07-01,39.84000015258789,40.58000183105469,39.04999923706055,39.81999969482422,407170,38.658999633789065,31.190199871063232,66.26166734939,True,0.0,0.0
2020-07-02,39.77999877929688,40.7400016784668,39.459999084472656,40.650001525878906,347096,38.820999717712404,31.727599906921387,69.17030561866181,True,0.0,0.0
2020-07-06,40.380001068115234,41.08000183105469,39.84000015258789,40.630001068115234,373236,38.874999809265134,32.21019992828369,66.54099627878549,True,0.0,0.0
2020-07-07,40.68000030517578,40.95000076293945,39.900001525878906,40.619998931884766,256596,38.99649982452392,32.68379989624023,61.96579002066292,True,0.0,0.0
2020-07-08,40.47999954223633,41.08000183105469,40.29999923706055,40.900001525878906,286740,39.09449996948242,33.24619993209839,65.94359880346053,True,0.0,0.0
2020-07-09,40.869998931884766,40.9900016784668,39.27000045776367,39.619998931884766,367386,39.095499992370605,33.79179990768433,54.05404333681757,True,0.0,0.0
2020-07-10,39.58000183105469,40.77000045776367,38.540000915527344,40.54999923706055,393149,39.30599994659424,34.3015998840332,54.149368973012635,True,0.0,0.0
2020-07-13,40.34999847412109,40.720001220703125,39.470001220703125,40.09999847412109,370715,39.49799995422363,34.72679985046387,48.081022760454374,True,0.0,0.0
2020-07-14,39.59999847412109,40.56999969482422,39.06999969482422,40.290000915527344,426971,39.656500053405765,35.1369998550415,49.57807019273446,True,0.0,0.0
2020-07-15,40.54999923706055,41.2599983215332,40.08000183105469,41.20000076293945,352542,39.79750003814697,35.55319988250732,69.86299417582727,True,0.0,0.0
2020-07-16,40.970001220703125,41.18000030517578,40.52000045776367,40.75,200101,39.93700008392334,35.876999893188476,63.06303519826083,True,0.0,0.0
2020-07-17,40.720001220703125,40.900001525878906,40.02000045776367,40.59000015258789,88220,40.02450008392334,36.20899990081787,63.63633210998991,True,0.0,0.0
2020-07-20,40.63999938964844,40.90999984741211,39.83000183105469,40.810001373291016,60179,40.07750015258789,36.55419994354248,58.271223827309974,True,0.0,0.0
2020-07-21,40.650001525878906,42.400001525878906,40.63999938964844,41.959999084472656,389117,40.15250015258789,36.89859992980957,68.10225015441024,True,0.0,0.0
2020-07-22,41.540000915527344,42.02999877929688,41.13999938964844,41.900001525878906,333647,40.2290002822876,37.25379997253418,64.98558222419611,True,0.0,0.0
2020-07-23,41.95000076293945,42.36000061035156,40.83000183105469,41.06999969482422,389412,40.38200035095215,37.55959995269775,53.025919016403165,True,0.0,0.0
2020-07-24,41.060001373291016,41.66999816894531,40.65999984741211,41.290000915527344,353159,40.51050033569336,37.87959995269775,54.62184065809304,True,0.0,0.0
2020-07-27,41.2599983215332,41.81999969482422,40.47999954223633,41.59999847412109,377714,40.66600017547607,38.16039993286133,56.58601289099968,True,0.0,0.0
2020-07-28,41.650001525878906,41.93000030517578,40.84999847412109,41.040000915527344,276804,40.73300018310547,38.39259994506836,50.90673165486681,True,0.0,0.0
2020-07-29,41.130001068115234,41.56999969482422,40.93000030517578,41.27000045776367,295855,40.83300018310547,38.58159996032715,62.3688304260795,True,0.0,0.0
2020-07-30,41.31999969482422,41.38999938964844,38.720001220703125,39.91999816894531,487325,40.83800010681152,38.72999992370605,45.55711527110982,True,0.0,0.0
2020-07-31,40.34000015258789,40.54999923706055,39.65999984741211,40.27000045776367,318788,40.81900005340576,38.86559989929199,51.21603678698883,True,0.0,0.0
2020-08-03,40.38999938964844,41.2400016784668,39.58000183105469,41.0099983215332,338326,40.83799991607666,39.00739990234375,54.77452044329431,True,0.0,0.0
2020-08-04,40.77999877929688,42.08000183105469,40.13999938964844,41.70000076293945,451575,40.89200000762939,39.17639991760254,53.41530068883431,True,0.0,0.0
2020-08-05,41.560001373291016,43.52000045776367,41.470001220703125,42.18999862670898,491268,40.956499862670896,39.333199920654295,59.782603625311545,True,0.0,0.0
2020-08-06,42.18999862670898,42.650001525878906,41.61000061035156,41.95000076293945,359610,41.07299995422363,39.51599990844726,59.13979542133466,True,0.0,0.0
2020-08-07,41.970001220703125,42.220001220703125,41.060001373291016,41.220001220703125,398997,41.10650005340576,39.666199951171876,52.57861761969404,True,0.0,0.0
2020-08-10,41.5,42.33000183105469,41.16999816894531,41.93999862670898,367796,41.198500061035155,39.79519989013672,49.867018106132846,True,0.0,0.0
2020-08-11,41.97999954223633,42.93999862670898,41.47999954223633,41.61000061035156,432843,41.264500045776366,39.918599929809574,48.138631800597416,True,0.0,0.0
2020-08-12,41.619998931884766,42.900001525878906,41.52999877929688,42.66999816894531,397831,41.33799991607666,40.03579986572266,59.97506649568687,True,0.0,0.0
2020-08-13,42.56999969482422,42.84000015258789,42.09000015258789,42.2400016784668,329507,41.4125,40.13479988098145,55.77158309311822,True,0.0,0.0
2020-08-14,42.33000183105469,42.56999969482422,41.619998931884766,42.0099983215332,310866,41.483499908447264,40.22679985046387,52.515339548255085,True,0.0,0.0
2020-08-17,42.2400016784668,42.970001220703125,41.79999923706055,42.88999938964844,208429,41.58749980926514,40.29359985351562,60.92089654010753,True,0.0,0.0
2020-08-18,42.790000915527344,42.9900016784668,42.11000061035156,42.88999938964844,111628,41.633999824523926,40.387599868774416,59.83009770539316,True,0.0,0.0
2020-08-19,42.59999847412109,43.02999877929688,42.36000061035156,42.93000030517578,81299,41.68549976348877,40.46739990234375,71.71721008270148,True,0.0,0.0
2020-08-20,42.7400016784668,42.790000915527344,41.5,42.58000183105469,377070,41.760999870300296,40.526999969482425,66.66670336415011,True,0.0,0.0
2020-08-21,42.75,42.959999084472656,41.459999084472656,42.34000015258789,345368,41.81349983215332,40.64699996948242,60.342172208563966,True,0.0,0.0
2020-08-24,42.47999954223633,42.88999938964844,42.22999954223633,42.619998931884766,294731,41.8644998550415,40.774199981689456,57.64119475015592,True,0.0,0.0
2020-08-25,42.36000061035156,43.56999969482422,42.310001373291016,43.34999847412109,330800,41.979999732971194,40.89879997253418,59.26518827630884,True,0.0,0.0
2020-08-26,43.38999938964844,43.77999877929688,43.0,43.38999938964844,262243,42.08599967956543,40.99899993896484,61.88118905369603,True,0.0,0.0
2020-08-27,43.45000076293945,43.5,42.36000061035156,43.040000915527344,320968,42.241999816894534,41.100599975585936,66.02114473302461,True,0.0,0.0
2020-08-28,42.97999954223633,43.41999816894531,42.68999862670898,42.970001220703125,272800,42.376999855041504,41.18319999694824,60.23860462329646,True,0.0,0.0
2020-08-31,42.90999984741211,43.56999969482422,42.560001373291016,42.61000061035156,236877,42.456999969482425,41.24040000915527,59.88142769260461,True,0.0,0.0
2020-09-01,42.83000183105469,43.43000030517578,42.720001220703125,42.7599983215332,285146,42.50999984741211,41.28639999389648,51.084339785843696,True,0.0,0.0
2020-09-02,43.02000045776367,43.209999084472656,41.22999954223633,41.5099983215332,421771,42.47599983215332,41.30919998168945,42.65590364552952,True,0.0,0.0
2020-09-03,41.630001068115234,41.790000915527344,40.220001220703125,41.369998931884766,417634,42.44699974060059,41.376399993896484,43.44262551377279,True,0.0,0.0
2020-09-04,41.25,41.869998931884766,39.34999847412109,39.77000045776367,444184,42.37449970245361,41.397399978637694,22.142840112942395,True,0.0,0.0
2020-09-08,39.47999954223633,39.59000015258789,36.130001068115234,36.7599983215332,720975,42.11549968719483,41.362799911499025,14.401838853127018,True,0.0,0.0
2020-09-09,36.790000915527344,38.45000076293945,36.15999984741211,38.04999923706055,455356,41.937499618530275,41.32979988098145,25.25353623712104,True,0.0,0.0
2020-09-10,37.79999923706055,38.18000030517578,36.93000030517578,37.29999923706055,367555,41.668999671936035,41.29039985656738,24.26898899723639,True,0.0,0.0
2020-09-11,37.0099983215332,37.81999969482422,36.66999816894531,37.33000183105469,363787,41.42349967956543,41.24059989929199,25.07463332405912,True,0.0,0.0
2020-09-14,37.31999969482422,37.68000030517578,36.81999969482422,37.2599983215332,347563,41.18599967956543,41.172799835205076,22.764235521795328,True,0.0,0.0
2020-09-15,37.27999877929688,38.56999969482422,37.060001373291016,38.27999877929688,348861,40.95549964904785,41.12579978942871,24.97533439778283,False,0.0,0.0
2020-09-16,38.34999847412109,40.34000015258789,38.34999847412109,40.15999984741211,367612,40.818999671936034,41.116599807739256,36.50794409574664,False,0.0,0.0
2020-09-17,40.18999862670898,41.220001220703125,39.41999816894531,40.970001220703125,280669,40.7209997177124,41.11799980163574,41.673377419707265,False,0.0,0.0
2020-09-18,40.970001220703125,41.4900016784668,40.29999923706055,41.11000061035156,85906,40.64749965667725,41.14779983520508,42.56000209960809,False,0.0,0.0
2020-09-21,40.97999954223633,41.27000045776367,38.65999984741211,39.310001373291016,66195,40.4959997177124,41.122999877929686,38.163566154729416,False,0.0,0.0
2020-09-22,39.630001068115234,40.02000045776367,39.0,39.59999847412109,287807,40.34499969482422,41.11299987792969,38.778414132363956,False,0.0,0.0
2020-09-23,39.7599983215332,40.75,39.2599983215332,39.93000030517578,318754,40.17399978637695,41.10579986572266,43.996971433557206,False,0.0,0.0
2020-09-24,39.59999847412109,40.369998931884766,39.119998931884766,40.310001373291016,269992,40.01999988555908,41.08799987792969,46.044787931444816,False,0.0,0.0
2020-09-25,40.150001525878906,40.63999938964844,39.709999084472656,40.25,229025,39.880499839782715,41.077999877929685,52.023604782326075,False,0.0,0.0
2020-09-28,40.06999969482422,40.79999923706055,39.77999877929688,40.59999847412109,226425,39.761999702453615,41.07819984436035,70.86954700925932,False,0.0,0.0
2020-09-29,40.58000183105469,40.70000076293945,38.40999984741211,39.290000915527344,379599,39.5959997177124,41.047799835205076,56.72451736037989,False,0.0,0.0
2020-09-30,39.15999984741211,40.369998931884766,38.68000030517578,40.220001220703125,340294,39.4689998626709,41.01299987792969,65.53191662050483,False,0.0,0.0
2020-10-01,39.900001525878906,40.470001220703125,37.61000061035156,38.720001220703125,443442,39.32950000762939,40.949399871826174,56.39373982718409,False,0.0,0.0
2020-10-02,38.59999847412109,38.650001525878906,36.630001068115234,37.04999923706055,391428,39.11350002288818,40.8689998626709,49.15798290330554,False,0.0,0.0
2020-10-05,37.0,39.720001220703125,37.0,39.220001220703125,378579,39.08600006103516,40.82759986877441,53.450815902523004,False,0.0,0.0
2020-10-06,39.34999847412109,40.86000061035156,39.09999847412109,40.66999816894531,400531,39.281500053405765,40.8089998626709,51.933276628628626,False,0.0,0.0
2020-10-07,39.83000183105469,40.34999847412109,39.27999877929688,39.95000076293945,433065,39.37650012969971,40.78719985961914,46.106866894674994,False,0.0,0.0
2020-10-08,39.9900016784668,41.33000183105469,39.7599983215332,41.18999862670898,409787,39.57100009918213,40.785599822998044,50.281683292396934,False,0.0,0.0
2020-10-09,41.310001373291016,41.470001220703125,40.380001068115234,40.59999847412109,331703,39.73449993133545,40.79919982910156,54.96534908313603,False,0.0,0.0
2020-10-12,40.400001525878906,40.45000076293945,39.040000915527344,39.43000030517578,322035,39.84300003051758,40.782399826049804,49.38717293153677,False,0.0,0.0
2020-10-13,39.52999877929688,40.52999877929688,39.34999847412109,40.20000076293945,375470,39.93900012969971,40.76619987487793,50.94339823830752,False,0.0,0.0
2020-10-14,40.18999862670898,41.15999984741211,39.81999969482422,41.040000915527344,328295,39.98300018310547,40.75299987792969,52.47122510728034,False,0.0,0.0
2020-10-15,41.130001068115234,41.290000915527344,39.220001220703125,40.959999084472656,248251,39.982500076293945,40.72839988708496,52.40026844751295,False,0.0,0.0
2020-10-16,40.880001068115234,41.04999923706055,40.08000183105469,40.880001068115234,96488,39.97100009918213,40.706999893188474,50.96419673654067,False,0.0,0.0
2020-10-19,40.68999862670898,41.220001220703125,40.540000915527344,40.83000183105469,75335,40.047000122070315,40.69919990539551,55.806944017712176,False,0.0,0.0
2020-10-20,40.650001525878906,41.70000076293945,40.25,41.459999084472656,360574,40.14000015258789,40.68959991455078,54.78394552985475,False,0.0,0.0
2020-10-21,41.220001220703125,41.59000015258789,39.77999877929688,40.02999877929688,366899,40.14500007629395,40.65799987792969,55.081452273046125,False,0.0,0.0
2020-10-22,40.040000915527344,41.02000045776367,39.709999084472656,40.63999938964844,307494,40.161499977111816,40.61739990234375,65.17330122492837,False,0.0,0.0
2020-10-23,40.61000061035156,40.91999816894531,39.56999969482422,39.84999847412109,268931,40.14149990081787,40.569599838256835,53.01434400646561,False,0.0,0.0
2020-10-26,39.68999862670898,39.7400016784668,38.27999877929688,38.560001373291016,360184,40.039500045776364,40.50059989929199,39.747332582256085,False,0.0,0.0
2020-10-27,38.59000015258789,39.83000183105469,38.5099983215332,39.56999969482422,339535,40.05349998474121,40.43419990539551,48.20415211065083,False,0.0,0.0
2020-10-28,38.970001220703125,39.0099983215332,36.970001220703125,37.38999938964844,489954,39.91199989318848,40.32419990539551,33.50693748826532,False,0.0,0.0
2020-10-29,37.38999938964844,37.7599983215332,34.91999816894531,36.16999816894531,568816,39.78449974060059,40.1889998626709,31.76953691121767,False,0.0,0.0
2020-10-30,36.06999969482422,36.59999847412109,35.209999084472656,35.790000915527344,388971,39.721499824523924,40.05319984436035,33.97886602680899,False,0.0,0.0
2020-11-02,35.2400016784668,37.150001525878906,33.63999938964844,36.810001373291016,489204,39.60099983215332,39.942599868774415,35.400510598030536,False,0.0,0.0
2020-11-03,37.02999877929688,38.31999969482422,36.56999969482422,37.65999984741211,410611,39.45049991607666,39.84339988708496,35.456094672846774,False,0.0,0.0
2020-11-04,38.150001525878906,39.25,37.2599983215332,39.150001525878906,437000,39.41049995422363,39.75939994812012,43.054494290246254,False,0.0,0.0
2020-11-05,39.16999816894531,39.34999847412109,38.27000045776367,38.790000915527344,298366,39.29050006866455,39.6673999786377,42.14875606704813,False,0.0,0.0
2020-11-06,38.540000915527344,38.61000061035156,37.060001373291016,37.13999938964844,411026,39.117500114440915,39.54939994812012,37.62574304745013,False,0.0,0.0
2020-11-09,37.34000015258789,41.33000183105469,37.15999984741211,40.290000915527344,622921,39.1605001449585,39.4957999420166,46.64372303941416,False,0.0,0.0
2020-11-10,39.90999984741211,41.84000015258789,39.40999984741211,41.36000061035156,457045,39.2185001373291,39.470799942016605,53.89572892452351,False,0.0,0.0
2020-11-11,41.790000915527344,43.060001373291016,41.31999969482422,41.45000076293945,443772,39.239000129699704,39.44459999084473,52.4471341710916,False,0.0,0.0
2020-11-12,41.470001220703125,42.18999862670898,40.869998931884766,41.119998931884766,401031,39.24700012207031,39.43680000305176,53.94655203766239,False,0.0,0.0
2020-11-13,40.93999862670898,40.93999862670898,40.060001373291016,40.130001068115234,338187,39.20950012207031,39.41200004577637,54.97149969535573,False,0.0,0.0
2020-11-16,40.16999816894531,42.09000015258789,40.150001525878906,41.34000015258789,378785,39.23500003814697,39.44340003967285,55.53471004367458,False,0.0,0.0
2020-11-17,41.43999862670898,41.68999862670898,40.56999969482422,41.43000030517578,243677,39.23350009918213,39.5368000793457,64.532375798685,False,0.0,0.0
2020-11-18,41.34999847412109,42.459999084472656,41.08000183105469,41.81999969482422,107013,39.3230001449585,39.61220008850098,71.61439042770725,False,0.0,0.0
2020-11-19,41.61000061035156,41.97999954223633,41.08000183105469,41.7400016784668,88144,39.378000259399414,39.7010001373291,73.29679150215723,False,0.0,0.0
2020-11-20,41.70000076293945,42.31999969482422,41.5099983215332,42.150001525878906,276340,39.4930004119873,39.79740013122559,71.9572377450496,False,0.0,0.0
2020-11-23,42.459999084472656,43.36000061035156,42.290000915527344,43.060001373291016,300717,39.718000411987305,39.913400192260745,72.09493038646438,False,0.0,0.0
2020-11-24,42.84000015258789,45.20000076293945,42.81999969482422,44.90999984741211,418527,39.985000419616696,40.046000213623046,72.89347865573444,False,0.0,0.0
2020-11-25,44.81999969482422,46.2599983215332,44.72999954223633,45.709999084472656,417182,40.40100040435791,40.15700019836426,76.57450058802607,True,0.0,0.0
2020-11-27,45.900001525878906,46.09000015258789,44.54999923706055,45.52999877929688,365128,40.86900043487549,40.24820014953613,86.32035807305863,True,0.0,0.0
2020-11-30,45.34000015258789,45.79999923706055,44.41999816894531,45.34000015258789,370755,41.346500396728516,40.33280014038086,79.39466608047286,True,0.0,0.0
2020-12-01,45.08000183105469,45.70000076293945,44.119998931884766,44.54999923706055,314919,41.73350028991699,40.43760009765625,69.19374866588781,True,0.0,0.0
2020-12-02,44.380001068115234,45.91999816894531,43.91999816894531,45.27999877929688,368854,42.11450023651123,40.55120010375977,71.39665337843917,True,0.0,0.0
2020-12-03,44.9900016784668,45.84000015258789,44.65999984741211,45.63999938964844,350768,42.43900012969971,40.66540008544922,75.16706307552386,True,0.0,0.0
2020-12-04,45.63999938964844,46.68000030517578,45.61000061035156,46.2599983215332,335453,42.8125,40.78440002441406,85.59815476607159,True,0.0,0.0
2020-12-07,46.150001525878906,46.540000915527344,45.36000061035156,45.7599983215332,348871,43.24349994659424,40.894599990844725,77.97469356851201,True,0.0,0.0
2020-12-08,45.65999984741211,45.93000030517578,45.13999938964844,45.59999847412109,332641,43.508999824523926,40.994599990844726,76.16061180709575,True,0.0,0.0
2020-12-09,45.59999847412109,46.2400016784668,44.95000076293945,45.52000045776367,434976,43.71699981689453,41.119199981689455,74.15146554742206,True,0.0,0.0
2020-12-10,45.68999862670898,47.7400016784668,45.52000045776367,46.77999877929688,447529,43.983499717712405,41.25039993286133,78.50679504313332,True,0.0,0.0
2020-12-11,46.970001220703125,47.290000915527344,46.34000015258789,46.56999969482422,367305,44.25599975585938,41.40739990234375,75.57871750108829,True,0.0,0.0
2020-12-14,46.72999954223633,47.43999862670898,45.68999862670898,46.9900016784668,403543,44.59899978637695,41.606199951171874,74.11044937635499,True,0.0,0.0
2020-12-15,46.9900016784668,47.72999954223633,46.540000915527344,47.619998931884766,311169,44.9129997253418,41.774199905395506,69.55268361208722,True,0.0,0.0
2020-12-16,47.59999847412109,47.93999862670898,47.16999816894531,47.81999969482422,275331,45.23249969482422,41.91719993591309,66.66668675461165,True,0.0,0.0
2020-12-17,47.84999847412109,48.59000015258789,47.810001373291016,48.36000061035156,96536,45.559499740600586,42.08539993286133,71.151001686679,True,0.0,0.0
2020-12-18,48.43000030517578,49.27999877929688,48.09999847412109,49.09999847412109,83711,45.9274995803833,42.24359992980957,75.96686058060365,True,0.0,0.0
2020-12-21,48.540000915527344,48.61000061035156,46.18000030517578,47.7400016784668,478098,46.20699958801269,42.38639999389648,70.4225771756746,True,0.0,0.0
2020-12-22,47.93000030517578,47.959999084472656,46.59999847412109,47.02000045776367,295737,46.404999542236325,42.538199996948244,61.15386891414522,True,0.0,0.0
2020-12-23,46.790000915527344,48.5,46.15999984741211,48.119998931884766,344306,46.565499496459964,42.69659996032715,64.51992154399838,True,0.0,0.0
2020-12-24,48.09000015258789,48.619998931884766,47.560001373291016,48.22999954223633,167390,46.69149951934814,42.84039993286133,62.26652174284826,True,0.0,0.0
2020-12-28,48.22999954223633,48.959999084472656,47.5,47.619998931884766,238462,46.79599952697754,42.97359992980957,61.42507673922722,True,0.0,0.0
2020-12-29,47.720001220703125,48.34999847412109,47.68000030517578,48.0,213778,46.928999519348146,43.115999908447264,64.35408816338605,True,0.0,0.0
2020-12-30,48.130001068115234,48.65999984741211,47.61000061035156,48.400001525878906,266957,47.121499633789064,43.26739990234375,66.58987461155336,True,0.0,0.0
2020-12-31,48.34999847412109,48.58000183105469,47.77000045776367,48.52000045776367,181894,47.2834997177124,43.40859992980957,61.538477105483466,True,0.0,0.0
2021-01-04,48.400001525878906,49.83000183105469,47.18000030517578,47.619998931884766,528525,47.38249969482422,43.56039993286133,56.379096570248606,True,0.0,0.0
2021-01-05,47.380001068115234,50.20000076293945,47.2400016784668,49.93000030517578,643191,47.565999794006345,43.746199951171874,64.52568644768344,True,0.0,0.0
2021-01-06,49.81999969482422,50.93999862670898,49.47999954223633,50.630001068115234,509365,47.80949993133545,43.961800003051756,64.7693886902302,True,0.0,0.0
2021-01-07,50.52999877929688,51.27999877929688,50.38999938964844,50.83000183105469,369292,48.07100009918213,44.20720001220703,64.7693886902302,True,0.0,0.0
2021-01-08,50.93000030517578,52.75,50.810001373291016,52.2400016784668,499416,48.40700016021729,44.46060005187988,67.5406898116899,True,0.0,0.0
2021-01-11,52.58000183105469,52.70000076293945,51.5,52.25,394822,48.680500221252444,44.757800064086915,65.24685850688422,True,0.0,0.0
2021-01-12,52.18000030517578,53.45000076293945,52.06999969482422,53.209999084472656,400200,49.01250019073486,45.09860008239746,77.54277510851523,True,0.0,0.0
2021-01-13,53.310001373291016,53.93000030517578,52.58000183105469,52.90999984741211,429898,49.308500099182126,45.441000061035155,80.96739256876282,True,0.0,0.0
2021-01-14,52.84000015258789,53.75,52.2400016784668,53.56999969482422,390087,49.606000137329104,45.77620002746582,80.04409401395581,True,0.0,0.0
2021-01-15,53.79999923706055,53.83000183105469,51.83000183105469,52.36000061035156,165668,49.83300018310547,46.07020004272461,70.30481938330948,True,0.0,0.0
2021-01-19,52.0,53.130001068115234,51.7599983215332,52.97999954223633,125964,50.06400012969971,46.346800003051754,76.32613187460514,True,0.0,0.0
2021-01-20,53.130001068115234,53.790000915527344,53.04999923706055,53.2400016784668,400301,50.27100028991699,46.63580001831055,76.04374236160064,True,0.0,0.0
2021-01-21,52.93000030517578,53.40999984741211,52.75,53.130001068115234,352397,50.540500259399415,46.955600051879884,74.20675189670878,True,0.0,0.0
2021-01-22,53.09999847412109,53.15999984741211,51.43999862670898,52.27000045776367,437484,50.80300025939941,47.19520004272461,67.84014860983169,True,0.0,0.0
2021-01-25,52.16999816894531,52.95000076293945,51.81999969482422,52.77000045776367,349076,51.03550033569336,47.42340003967285,75.46983785839663,True,0.0,0.0
2021-01-26,52.90999984741211,53.25,52.290000915527344,52.61000061035156,314538,51.25450038909912,47.646600036621095,66.83417470740406,True,0.0,0.0
2021-01-27,52.7599983215332,53.29999923706055,51.84999847412109,52.84999847412109,442376,51.51600036621094,47.88120002746582,64.79999023437,True,0.0,0.0
2021-01-28,52.650001525878906,53.58000183105469,52.040000915527344,52.34000015258789,411406,51.73300037384033,48.12540000915527,59.66709046798706,True,0.0,0.0
2021-01-29,52.150001525878906,53.25,51.93000030517578,52.20000076293945,410914,51.92300033569336,48.3426000213623,49.69418228905403,True,0.0,0.0
2021-02-01,51.9900016784668,53.7400016784668,51.63999938964844,53.54999923706055,416067,52.1745002746582,48.585,58.248732991785346,True,0.0,0.0
2021-02-02,53.47999954223633,55.2599983215332,53.45000076293945,54.7599983215332,463718,52.531500244140624,48.84379997253418,59.53259832706858,True,0.0,0.0
2021-02-03,55.04999923706055,56.33000183105469,54.810001373291016,55.68999862670898,448693,52.81950016021729,49.12279991149902,65.86758289133331,True,0.0,0.0
2021-02-04,55.959999084472656,56.58000183105469,55.29999923706055,56.22999954223633,381404,53.09950008392334,49.40439987182617,65.39352551941062,True,0.0,0.0
2021-02-05,56.459999084472656,57.290000915527344,56.43000030517578,56.84999847412109,400833,53.40049991607666,49.680199813842776,77.88820134789209,True,0.0,0.0
2021-02-08,57.060001373291016,58.13999938964844,57.0,57.970001220703125,399724,53.68699989318848,49.941399841308595,79.1812989692286,True,0.0,0.0
2021-02-09,58.11000061035156,58.619998931884766,57.27000045776367,58.36000061035156,514698,53.992499923706056,50.19439987182617,79.49309332959486,True,0.0,0.0
2021-02-10,58.45000076293945,58.90999984741211,58.08000183105469,58.68000030517578,457535,54.265999984741214,50.45739990234375,81.21485939036049,True,0.0,0.0
2021-02-11,58.400001525878906,58.709999084472656,57.84000015258789,58.2400016784668,380445,54.53250007629394,50.71539993286133,85.24206456796612,True,0.0,0.0
2021-02-12,57.93999862670898,59.81999969482422,57.40999984741211,59.470001220703125,480822,54.82750015258789,51.01379997253418,86.4130748017082,True,0.0,0.0
2021-02-16,59.97999954223633,60.95000076293945,59.33000183105469,60.04999923706055,602332,55.21200008392334,51.30919998168945,88.66946649308859,True,0.0,0.0
2021-02-17,60.2400016784668,61.72999954223633,59.43000030517578,61.13999938964844,335419,55.62000007629395,51.619199981689455,89.58933137461085,True,0.0,0.0
2021-02-18,61.68000030517578,62.2599983215332,59.790000915527344,60.52000045776367,132035,55.984000015258786,51.90440002441406,88.6578676191156,True,0.0,0.0
2021-02-19,60.20000076293945,60.290000915527344,58.59000015258789,59.2400016784668,102427,56.289500045776364,52.174000091552735,80.03415002184013,True,0.0,0.0
2021-02-22,58.880001068115234,61.84000015258789,58.81999969482422,61.4900016784668,505773,56.75050010681152,52.49180015563965,81.4580250137837,True,0.0,0.0
2021-02-23,62.15999984741211,63.0,60.66999816894531,61.66999816894531,570677,57.19549999237061,52.814800109863285,79.81019976321872,True,0.0,0.0
2021-02-24,61.290000915527344,63.5099983215332,60.970001220703125,63.220001220703125,489933,57.726000022888186,53.143600158691406,80.83540340361108,True,0.0,0.0
2021-02-25,63.38999938964844,63.810001373291016,62.650001525878906,63.52999877929688,510357,58.26000003814697,53.48280014038086,80.46746312589498,True,0.0,0.0
2021-02-26,63.459999084472656,63.56999969482422,61.34000015258789,61.5,472723,58.71800003051758,53.77300010681152,67.36372063977555,True,0.0,0.0
2021-03-01,61.95000076293945,62.91999816894531,59.959999084472656,60.63999938964844,456679,59.13999996185303,54.0334001159668,60.16755627917678,True,0.0,0.0
2021-03-02,60.22999954223633,61.209999084472656,59.380001068115234,59.75,464133,59.45,54.27200012207031,55.099047864271675,True,0.0,0.0
2021-03-03,59.54999923706055,61.9900016784668,59.2400016784668,61.27999877929688,465311,59.776000022888184,54.530400085449216,58.76010934102855,True,0.0,0.0
2021-03-04,61.08000183105469,64.86000061035156,60.52000045776367,63.83000183105469,694628,60.18300018310547,54.82500015258789,66.4896826463162,True,0.0,0.0
2021-03-05,64.16000366210938,66.41999816894531,63.81999969482422,66.08999633789062,573168,60.67600002288818,55.19200004577637,68.4093423228424,True,0.0,0.0
2021-03-08,66.68000030517578,67.9800033569336,64.56999969482422,65.05000305175781,533376,61.08600025177002,55.55260009765625,63.557506302841304,True,0.0,0.0
2021-03-09,64.7300033569336,65.9800033569336,63.630001068115234,64.01000213623047,554564,61.388000297546384,55.87040016174316,57.80316808910675,True,0.0,0.0
2021-03-10,63.84000015258789,64.95999908447266,63.130001068115234,64.44000244140625,498488,61.69200038909912,56.19460021972656,60.76924479623526,True,0.0,0.0
2021-03-11,64.69999694824219,66.20999908447266,64.54000091552734,66.0199966430664,441063,62.059000205993655,56.562600173950194,68.32432960750435,True,0.0,0.0
2021-03-12,65.95999908447266,66.23999786376953,65.41000366210938,65.61000061035156,321714,62.42750015258789,56.91480018615723,62.36495987349657,True,0.0,0.0
2021-03-15,65.55999755859375,66.4000015258789,64.12999725341797,65.38999938964844,378009,62.72350006103515,57.25460014343262,61.137740417561325,True,0.0,0.0
2021-03-16,65.33000183105469,65.43000030517578,63.79999923706055,64.80000305175781,317537,62.96100025177002,57.5802001953125,55.01907351665237,True,0.0,0.0
2021-03-17,64.75,65.33999633789062,63.59999847412109,64.5999984741211,254724,63.13400020599365,57.919800186157225,53.42290763735974,True,0.0,0.0
2021-03-18,64.41999816894531,64.81999969482422,58.20000076293945,60.0,143597,63.10800018310547,58.12120018005371,45.879116733207354,True,0.0,0.0
2021-03-19,59.560001373291016,61.720001220703125,58.93999862670898,61.41999816894531,84171,63.217000007629395,58.337000122070314,52.07889030415127,True,0.0,0.0
2021-03-22,61.54999923706055,61.900001525878906,60.38999938964844,61.54999923706055,404370,63.21999988555908,58.55140007019043,55.00000317891776,True,0.0,0.0
2021-03-23,61.27999877929688,61.34999847412109,57.25,57.7599983215332,712317,63.02449989318848,58.66180000305176,41.31292349341454,True,0.0,0.0
2021-03-24,57.400001525878906,61.34000015258789,57.290000915527344,61.18000030517578,566291,62.92249984741211,58.840400009155275,43.72928588734122,True,0.0,0.0
2021-03-25,60.79999923706055,60.86000061035156,57.43999862670898,58.560001373291016,580105,62.67399997711182,58.94740005493164,32.48022400399327,True,0.0,0.0
2021-03-26,58.47999954223633,61.36000061035156,58.31999969482422,60.970001220703125,471996,62.64750003814697,59.10860008239746,41.07610874059884,True,0.0,0.0
2021-03-29,60.93000030517578,61.77000045776367,59.40999984741211,61.560001373291016,449360,62.6935001373291,59.2684001159668,44.53368671638882,True,0.0,0.0
2021-03-30,61.959999084472656,62.27000045776367,59.93999862670898,60.54999923706055,388188,62.73350009918213,59.43220008850098,41.53979075409399,True,0.0,0.0
2021-03-31,60.45000076293945,61.16999816894531,58.84999847412109,59.15999984741211,414162,62.62750015258789,59.55580009460449,34.956146874549816,True,0.0,0.0
2021-04-01,59.4900016784668,61.75,58.86000061035156,61.45000076293945,605567,62.50850009918213,59.72000007629394,41.57212489267302,True,0.0,0.0
2021-04-05,61.5,61.5,57.630001068115234,58.650001525878906,438864,62.13650035858154,59.83040008544922,37.63756908365829,True,0.0,0.0
2021-04-06,58.79999923706055,60.900001525878906,58.619998931884766,59.33000183105469,457348,61.85050029754639,59.97160011291504,39.99999999999999,True,0.0,0.0
2021-04-07,59.2599983215332,60.040000915527344,58.119998931884766,59.77000045776367,475537,61.63850021362305,60.11160011291504,41.24683220434057,True,0.0,0.0
2021-04-08,59.52000045776367,59.93000030517578,58.81999969482422,59.59999847412109,419913,61.39650001525879,60.25140007019043,49.13643898395981,True,0.0,0.0
2021-04-09,59.7599983215332,59.95000076293945,59.09999847412109,59.31999969482422,351436,61.06150016784668,60.380800094604496,45.23161201937769,True,0.0,0.0
2021-04-12,59.34999847412109,60.77000045776367,58.72999954223633,59.70000076293945,410218,60.76600017547607,60.528000106811525,45.84643439783979,True,0.0,0.0
2021-04-13,59.63999938964844,60.59000015258789,59.63999938964844,60.18000030517578,349733,60.50550022125244,60.68760009765625,56.38186079536024,False,0.0,0.0
2021-04-14,60.43999862670898,63.43999862670898,60.380001068115234,63.150001525878906,419813,60.42300014495849,60.87960014343262,55.32145054928748,False,0.0,0.0
2021-04-15,62.83000183105469,63.56999969482422,62.52999877929688,63.459999084472656,243370,60.366000175476074,61.05360015869141,65.12344901363,False,0.0,0.0
2021-04-16,63.31999969482422,63.880001068115234,62.83000183105469,63.130001068115234,87795,60.52250022888184,61.20240020751953,57.64872525073127,False,0.0,0.0
2021-04-19,62.97999954223633,63.630001068115234,62.630001068115234,63.380001068115234,74384,60.62050037384033,61.34540023803711,56.60377306258762,False,0.0,0.0
2021-04-20,63.470001220703125,64.25,61.5,62.43999862670898,476046,60.66500034332275,61.45720024108887,56.89277722778611,False,0.0,0.0
2021-04-21,62.38999938964844,62.560001373291016,60.86000061035156,61.34999847412109,431486,60.844500350952146,61.52480018615723,58.16554307094793,False,0.0,0.0
2021-04-22,61.11000061035156,61.869998931884766,60.61000061035156,61.43000030517578,344700,60.85700035095215,61.58620018005371,49.91071224820871,False,0.0,0.0
2021-04-23,61.650001525878906,62.43000030517578,61.25,62.13999938964844,345407,61.03600025177002,61.65540016174317,69.1547619645815,False,0.0,0.0
2021-04-26,62.060001373291016,62.310001373291016,60.65999984741211,61.90999984741211,366865,61.08300018310547,61.72880012512207,64.89606271256693,False,0.0,0.0
2021-04-27,61.970001220703125,63.29999923706055,61.90999984741211,62.93999862670898,361536,61.15200004577637,61.798200073242185,67.13512523754218,False,0.0,0.0
2021-04-28,63.040000915527344,64.52999877929688,62.66999816894531,63.86000061035156,387683,61.31750011444092,61.87440010070801,71.30001068115236,False,0.0,0.0
2021-04-29,63.70000076293945,65.47000122070312,63.650001525878906,65.01000213623047,384489,61.61000022888184,61.951800155639646,76.17295769863264,False,0.0,0.0
2021-04-30,64.87999725341797,64.94999694824219,63.08000183105469,63.58000183105469,400515,61.7165002822876,62.01300018310547,66.27516955718474,False,0.0,0.0
2021-05-03,63.63999938964844,64.68000030517578,62.90999984741211,64.48999786376953,285969,62.00850009918213,62.11800010681152,67.44938498423771,False,0.0,0.0
2021-05-04,64.52999877929688,66.19000244140625,64.29000091552734,65.69000244140625,370208,62.32650012969971,62.20200012207031,62.00378296755992,True,0.0,0.0
2021-05-05,66.44999694824219,66.76000213623047,64.91999816894531,65.62999725341797,460066,62.61949996948242,62.281200103759765,60.50336970771246,True,0.0,0.0
2021-05-06,65.2699966430664,65.9800033569336,64.5,64.70999908447266,389214,62.875,62.31100006103516,57.23441678325586,True,0.0,0.0
2021-05-07,64.9000015258789,65.23999786376953,63.900001525878906,64.9000015258789,431417,63.15400009155273,62.3384001159668,56.99815271909281,True,0.0,0.0
2021-05-10,65.56999969482422,65.75,63.95000076293945,64.91999816894531,448337,63.41499996185303,62.4068000793457,62.47483894043591,True,0.0,0.0
2021-05-11,64.9000015258789,65.5,63.68000030517578,65.27999877929688,514949,63.66999988555908,62.49960006713867,71.33549098969993,True,0.0,0.0
2021-05-12,65.45999908447266,66.62999725341797,64.97000122070312,66.08000183105469,508519,63.816499900817874,62.626200103759764,73.41388625526874,True,0.0,0.0
2021-05-13,65.75,65.80999755859375,63.09000015258789,63.81999969482422,547691,63.83449993133545,62.67700012207031,57.31706749748123,True,0.0,0.0
2021-05-14,63.83000183105469,65.62000274658203,63.33000183105469,65.37000274658203,383749,63.94650001525879,62.70780014038086,63.5156210186005,True,0.0,0.0
2021-05-17,65.5,66.43000030517578,64.83000183105469,66.2699966430664,268476,64.09099979400635,62.71140014648437,63.1412608121897,True,0.0,0.0
2021-05-18,66.33000183105469,67.01000213623047,64.11000061035156,65.48999786376953,167348,64.24349975585938,62.720200042724606,56.504375178480856,True,0.0,0.0
2021-05-19,65.27999877929688,65.3499984741211,61.95000076293945,63.36000061035156,101902,64.3439998626709,62.70720001220703,43.89340760556207,True,0.0,0.0
2021-05-20,63.38999938964844,63.959999084472656,61.88999938964844,62.04999923706055,524168,64.37499980926513,62.65939994812012,44.28677286089976,True,0.0,0.0
2021-05-21,61.88999938964844,64.06999969482422,61.560001373291016,63.58000183105469,530831,64.44699993133545,62.610600051879885,46.75233619412739,True,0.0,0.0
2021-05-24,63.869998931884766,66.13999938964844,63.630001068115234,66.05000305175781,466647,64.65400009155273,62.619400100708006,51.178011974349666,True,0.0,0.0
2021-05-25,66.0199966430664,66.51000213623047,65.41000366210938,66.06999969482422,497394,64.8105001449585,62.63300010681152,51.443577766018855,True,0.0,0.0
2021-05-26,66.04000091552734,66.43000030517578,65.25,66.20999908447266,376207,64.92800006866455,62.66120002746582,55.18672232009586,True,0.0,0.0
2021-05-27,66.16000366210938,66.91999816894531,65.47000122070312,66.8499984741211,337542,65.01999988555909,62.70620002746582,56.539226918516924,True,0.0,0.0
2021-05-28,66.94999694824219,67.5199966430664,66.16999816894531,66.31999969482422,390461,65.15699977874756,62.8326000213623,54.53956450104644,True,0.0,0.0
2021-06-01,66.68000030517578,68.87000274658203,66.41000366210938,67.72000122070312,570985,65.31849994659424,62.95860008239746,57.41191548336111,True,0.0,0.0
2021-06-02,67.98999786376953,69.0,67.77999877929688,68.83000183105469,332995,65.47549991607666,63.10420013427734,58.199166817177016,True,0.0,0.0
2021-06-03,68.76000213623047,69.4000015258789,68.19000244140625,68.80999755859375,351367,65.63449993133545,63.325200119018554,67.17136367168712,True,0.0,0.0
2021-06-04,68.91000366210938,69.76000213623047,68.33000183105469,69.62000274658203,326250,65.88000011444092,63.49400016784668,65.40971616330555,True,0.0,0.0
2021-06-07,69.5199966430664,70.0,68.93000030517578,69.2300033569336,365621,66.09650020599365,63.707400207519534,61.14459821318288,True,0.0,0.0
2021-06-08,69.29000091552734,70.2699966430664,68.47000122070312,70.05000305175781,441302,66.35300045013427,63.889000244140625,67.11712717941668,True,0.0,0.0
2021-06-09,70.01000213623047,70.62000274658203,69.45999908447266,69.95999908447266,410820,66.58700046539306,64.05700019836426,79.25527597677096,True,0.0,0.0
2021-06-10,69.76000213623047,70.6500015258789,68.68000030517578,70.29000091552734,492464,66.7975004196167,64.2518002319336,89.99995185340325,True,0.0,0.0
2021-06-11,70.0999984741211,71.23999786376953,69.68000030517578,70.91000366210938,563575,67.15200061798096,64.48680030822754,89.03083278083278,True,0.0,0.0
2021-06-14,70.6500015258789,71.77999877929688,70.6500015258789,70.87999725341797,319639,67.42750034332275,64.67540023803711,84.7480605475804,True,0.0,0.0
2021-06-15,71.16000366210938,72.48999786376953,70.80999755859375,72.12000274658203,336035,67.72000064849854,64.94480026245117,87.02559246662969,True,0.0,0.0
2021-06-16,72.44999694824219,72.98999786376953,71.61000061035156,72.1500015258789,426775,68.05300083160401,65.20120025634766,86.84852202293733,True,0.0,0.0
2021-06-17,71.6500015258789,72.30000305175781,69.7699966430664,71.04000091552734,373780,68.43700084686279,65.42660026550293,74.56030510317983,True,0.0,0.0
2021-06-18,71.0999984741211,72.16999816894531,70.16000366210938,71.63999938964844,139584,68.91650085449218,65.66740028381348,80.93012651445189,True,0.0,0.0
2021-06-21,71.5199966430664,73.95999908447266,71.1500015258789,73.66000366210938,123662,69.42050094604492,65.95420036315917,82.2124836986383,True,0.0,0.0
2021-06-22,73.41000366210938,73.94999694824219,72.94000244140625,73.05999755859375,498555,69.77100067138672,66.22140029907227,74.28230566149458,True,0.0,0.0
2021-06-23,72.91000366210938,74.25,72.81999969482422,73.08000183105469,429207,70.12150077819824,66.47940032958985,74.51197485726699,True,0.0,0.0
2021-06-24,73.27999877929688,73.61000061035156,72.31999969482422,73.30000305175781,334833,70.4760009765625,66.68240036010742,72.66000757298866,True,0.0,0.0
2021-06-25,73.31999969482422,74.18000030517578,72.8499984741211,74.05000305175781,364721,70.83600120544433,66.89420043945313,78.41969599503372,True,0.0,0.0
2021-06-28,73.98999786376953,74.44999694824219,72.62000274658203,72.91000366210938,354701,71.16550140380859,67.08980049133301,66.24994147929928,True,0.0,0.0
2021-06-29,72.77999877929688,73.80999755859375,71.97000122070312,72.9800033569336,321448,71.42850151062012,67.28180053710938,67.19814462086033,True,0.0,0.0
2021-06-30,73.47000122070312,74.13999938964844,72.81999969482422,73.47000122070312,383626,71.66050148010254,67.50240058898926,67.78518621558355,True,0.0,0.0
2021-07-01,73.5,76.22000122070312,73.38999938964844,75.2300033569336,615678,71.98150177001953,67.78000068664551,71.42851736553415,True,0.0,0.0
2021-07-02,75.0199966430664,75.62000274658203,74.41000366210938,75.16000366210938,377531,72.2585018157959,68.05460075378419,71.14623909967274,True,0.0,0.0
2021-07-06,75.3499984741211,76.9800033569336,72.94000244140625,73.37000274658203,714044,72.46550178527832,68.27920082092285,55.857537145880706,True,0.0,0.0
2021-07-07,73.8499984741211,74.86000061035156,71.06999969482422,72.19999694824219,607971,72.57300148010253,68.48500076293945,50.21166526590106,True,0.0,0.0
2021-07-08,72.16999816894531,73.26000213623047,70.76000213623047,72.94000244140625,529690,72.72200164794921,68.6850008392334,58.304184086745494,True,0.0,0.0
2021-07-09,73.26000213623047,74.76000213623047,72.72000122070312,74.55999755859375,422154,72.93550148010254,68.89900077819824,61.7174679761934,True,0.0,0.0
2021-07-12,74.73999786376953,74.93000030517578,73.16000366210938,74.0999984741211,397931,73.09500122070312,69.08080070495606,52.01832171777302,True,0.0,0.0
2021-07-13,74.18000030517578,75.5199966430664,73.68000030517578,75.25,444078,73.31350135803223,69.31420066833496,59.56331924284503,True,0.0,0.0
2021-07-14,75.16999816894531,75.44000244140625,72.20999908447266,73.12999725341797,528360,73.36400108337402,69.48700065612793,50.184484807944926,True,0.0,0.0
2021-07-15,72.95999908447266,72.95999908447266,71.4000015258789,71.6500015258789,368679,73.33900108337403,69.60620063781738,44.42943636772947,True,0.0,0.0
2021-07-16,71.4800033569336,72.30000305175781,70.41000366210938,71.80999755859375,133926,73.37750091552735,69.7298006439209,42.123750700165886,True,0.0,0.0
2021-07-19,71.48999786376953,71.66999816894531,65.62999725341797,66.41999816894531,82565,73.11650085449219,69.76400062561035,32.43095542979883,True,0.0,0.0
2021-07-20,66.5999984741211,67.6500015258789,65.20999908447266,67.41999816894531,561629,72.80450057983398,69.81440055847168,35.67009084877793,True,0.0,0.0
2021-07-21,66.44999694824219,70.51000213623047,66.44000244140625,70.30000305175781,503030,72.66650085449218,69.92200065612793,42.72602816467441,True,0.0,0.0
2021-07-22,70.22000122070312,72.02999877929688,69.86000061035156,71.91000366210938,435181,72.60800094604492,70.05460075378419,42.32902352595668,True,0.0,0.0
2021-07-23,71.70999908447266,72.20999908447266,71.38999938964844,72.06999969482422,274778,72.54650077819824,70.17440071105958,42.8900057755877,True,0.0,0.0
2021-07-26,72.18000030517578,72.43000030517578,70.55999755859375,71.91000366210938,395743,72.43950080871582,70.33620079040527,46.368161205702535,True,0.0,0.0
2021-07-27,72.22000122070312,72.33000183105469,71.08000183105469,71.6500015258789,333123,72.37650070190429,70.46180076599121,48.56697349907823,True,0.0,0.0
2021-07-28,71.9000015258789,72.5999984741211,71.69999694824219,72.38999938964844,318911,72.34700050354004,70.58420082092285,48.56695305076592,True,0.0,0.0
2021-07-29,72.4000015258789,73.68000030517578,72.26000213623047,73.62000274658203,294462,72.35450057983398,70.7468009185791,47.500013189116096,True,0.0,0.0
2021-07-30,73.41000366210938,74.2300033569336,72.93000030517578,73.94999694824219,303700,72.29050025939941,70.95860084533692,49.598281730349186,True,0.0,0.0
2021-08-02,73.91000366210938,73.94999694824219,70.55000305175781,71.26000213623047,448200,72.09550018310547,71.1428009033203,40.12864656848737,True,0.0,0.0
2021-08-03,71.5199966430664,71.95999908447266,69.19000244140625,70.55999755859375,509938,71.95499992370605,71.28240081787109,43.16125157896917,True,0.0,0.0
2021-08-04,70.31999969482422,70.80999755859375,67.8499984741211,68.1500015258789,582924,71.75250015258788,71.32440078735351,41.12575433177367,True,0.0,0.0
2021-08-05,68.05999755859375,69.3499984741211,67.61000061035156,69.08999633789062,416331,71.55999984741212,71.38480072021484,43.36584574320406,True,0.0,0.0
2021-08-06,69.13999938964844,70.18000030517578,67.80000305175781,68.27999877929688,537136,71.24599990844726,71.42620071411133,55.841716730628406,False,0.0,0.0
2021-08-09,67.87999725341797,67.9000015258789,65.1500015258789,66.4800033569336,598381,70.8650001525879,71.41880081176758,47.18900708685886,False,0.0,0.0
2021-08-10,66.8499984741211,68.9000015258789,66.55999755859375,68.29000091552734,452126,70.51700019836426,71.45820083618165,43.57825603905477,False,0.0,0.0
2021-08-11,68.51000213623047,69.44999694824219,66.66999816894531,69.25,513292,70.32300033569337,71.48880081176758,41.13330308696103,False,0.0,0.0
2021-08-12,69.36000061035156,69.62000274658203,68.45999908447266,69.08999633789062,352465,70.19500007629395,71.4940007019043,40.06664031978402,False,0.0,0.0
2021-08-13,68.91000366210938,69.22000122070312,67.7699966430664,68.44000244140625,272033,70.02650032043456,71.48660079956055,38.79920327123749,False,0.0,0.0
2021-08-16,68.12999725341797,68.13999938964844,65.7300033569336,67.29000091552734,334844,70.07000045776367,71.44000076293945,36.69106399944852,False,0.0,0.0
2021-08-17,67.43000030517578,67.72000122070312,66.33000183105469,66.58999633789062,235303,70.02850036621093,71.3872006225586,32.2521120933981,False,0.0,0.0
2021-08-18,66.58000183105469,67.4800033569336,64.33999633789062,65.45999908447266,121197,69.78650016784668,71.29540054321289,24.876797303023665,False,0.0,0.0
2021-08-19,64.58000183105469,64.76000213623047,62.630001068115234,63.68999862670898,88237,69.37549991607666,71.17000053405762,20.98413684075844,False,0.0,0.0
2021-08-20,64.05000305175781,64.0999984741211,62.11000061035156,62.31999969482422,365009,68.88799991607667,71.01060050964355,22.677229687884733,False,0.0,0.0
2021-08-23,61.959999084472656,66.0,61.7400016784668,65.63999938964844,397290,68.57449970245361,70.90520042419433,37.03897989503742,False,0.0,0.0
2021-08-24,65.54000091552734,67.80000305175781,65.41000366210938,67.54000091552734,335888,68.36899967193604,70.83840049743652,48.34867061726682,False,0.0,0.0
2021-08-25,67.62999725341797,68.54000091552734,66.91999816894531,68.36000061035156,353742,68.1674997329712,70.76320045471192,48.01090983173747,False,0.0,0.0
2021-08-26,68.0,68.30999755859375,67.0199966430664,67.41999816894531,344286,67.85749950408936,70.66860038757324,47.673157983824694,False,0.0,0.0
2021-08-27,67.75,69.05000305175781,67.5199966430664,68.73999786376953,326056,67.59699954986573,70.62260032653809,56.277762518988716,False,0.0,0.0
2021-08-30,69.30000305175781,69.63999938964844,67.66999816894531,69.20999908447266,360797,67.49449939727783,70.57400032043456,52.76109833948508,False,0.0,0.0
2021-08-31,69.18000030517578,69.33999633789062,68.16000366210938,68.5,325853,67.39149951934814,70.47080024719239,47.7148085538465,False,0.0,0.0
2021-09-01,68.55000305175781,69.23999786376953,67.12000274658203,68.58999633789062,399497,67.41349925994874,70.38140022277832,48.470011897002216,False,0.0,0.0
2021-09-02,68.29000091552734,70.61000061035156,67.83999633789062,69.98999786376953,403314,67.45849933624268,70.31960014343262,54.53480123623841,False,0.0,0.0
2021-09-03,69.76000213623047,70.52999877929688,69.05000305175781,69.29000091552734,313086,67.5089994430542,70.23940010070801,56.009615605046775,False,0.0,0.0
2021-09-07,69.11000061035156,69.4800033569336,67.63999938964844,68.3499984741211,481704,67.60249919891358,70.12540000915527,55.21327731814083,False,0.0,0.0
2021-09-08,68.37000274658203,69.75,68.30999755859375,69.30000305175781,389325,67.6529993057251,70.05319999694824,61.497014714676716,False,0.0,0.0
2021-09-09,69.36000061035156,69.88999938964844,67.55999755859375,68.13999938964844,556451,67.59749927520753,69.95639991760254,63.82846056769024,False,0.0,0.0
2021-09-10,67.97000122070312,69.95999908447266,67.68000030517578,69.72000122070312,411079,67.62899951934814,69.88139991760254,72.6993763091073,False,0.0,0.0
2021-09-13,69.73999786376953,70.97000122070312,69.51000213623047,70.44999694824219,390939,67.72949924468995,69.78579978942871,67.54192269551774,False,0.0,0.0
2021-09-14,70.63999938964844,71.22000122070312,69.9800033569336,70.45999908447266,414231,67.8879991531372,69.69179969787598,62.35193045507826,False,0.0,0.0
2021-09-15,70.76000213623047,73.13999938964844,70.6500015258789,72.61000061035156,418665,68.18899936676026,69.67659965515136,66.15968456681895,False,0.0,0.0
2021-09-16,72.6500015258789,72.98999786376953,71.52999877929688,72.61000061035156,298412,68.5464994430542,69.68479972839356,71.2530695642937,False,0.0,0.0
2021-09-17,72.62000274658203,72.72000122070312,71.20999908447266,71.97000122070312,119933,68.9604995727539,69.66539970397949,64.00694519345103,False,0.0,0.0
2021-09-20,71.91999816894531,72.08000183105469,69.86000061035156,70.29000091552734,75837,69.35899963378907,69.57999977111817,54.23862388298886,False,0.0,0.0
2021-09-21,70.58999633789062,71.62999725341797,69.66999816894531,70.55999755859375,393403,69.60499954223633,69.50919975280762,58.37397173775235,True,0.0,0.0
2021-09-22,70.8499984741211,72.30000305175781,70.63999938964844,72.2300033569336,381061,69.83949966430664,69.44879981994629,63.11240539531826,True,0.0,0.0
2021-09-23,71.97000122070312,73.5,71.61000061035156,73.30000305175781,403405,70.08649978637695,69.45219993591309,62.21403165605027,True,0.0,0.0
2021-09-24,73.23999786376953,74.2699966430664,72.80999755859375,73.9800033569336,350382,70.41450004577636,69.49879997253419,67.33184617622811,True,0.0,0.0
2021-09-27,74.19000244140625,75.75,74.16000366210938,75.44999694824219,417829,70.75,69.57159996032715,75.24891840077964,True,0.0,0.0
2021-09-28,75.43000030517578,76.66999816894531,74.23999786376953,75.29000091552734,476143,71.05400009155274,69.74900001525879,72.56970376439136,True,0.0,0.0
2021-09-29,74.37999725341797,75.79000091552734,73.73999786376953,74.83000183105469,424193,71.37050018310546,69.89720008850098,76.61100502921265,True,0.0,0.0
2021-09-30,74.77999877929688,76.06999969482422,73.13999938964844,75.02999877929688,583189,71.69250030517578,69.99180000305176,73.72655782324057,True,0.0,0.0
2021-10-01,75.12000274658203,75.98999786376953,74.2300033569336,75.87999725341797,388996,71.9870002746582,70.07119987487793,74.00532776407275,True,0.0,0.0
2021-10-04,75.9000015258789,78.37999725341797,75.31999969482422,77.62000274658203,458006,72.40350036621093,70.18219993591309,77.45401590706176,True,0.0,0.0
2021-10-05,77.58000183105469,79.4800033569336,77.47000122070312,78.93000030517578,449617,72.93250045776367,70.32259986877442,75.90166077055702,True,0.0,0.0
2021-10-06,79.04000091552734,79.77999877929688,76.83000183105469,77.43000030517578,459055,73.33900032043456,70.43819984436035,67.59125347708535,True,0.0,0.0
2021-10-07,77.0,78.88999938964844,74.95999908447266,78.30000305175781,545008,73.84700050354004,70.55639991760253,72.72076510872851,True,0.0,0.0
2021-10-08,78.86000061035156,80.11000061035156,78.62999725341797,79.3499984741211,662010,74.32850036621093,70.67099983215331,84.06017245889302,True,0.0,0.0
2021-10-11,79.58999633789062,82.18000030517578,79.55000305175781,80.5199966430664,653756,74.83200035095214,70.80239982604981,85.0704456912962,True,0.0,0.0
2021-10-12,80.5,81.62000274658203,79.47000122070312,80.63999938964844,598181,75.34100036621093,70.98999977111816,83.24112712515056,True,0.0,0.0
2021-10-13,80.58000183105469,81.04000091552734,79.41999816894531,80.44000244140625,487220,75.73250045776368,71.18759986877441,80.30564252156375,True,0.0,0.0
2021-10-14,80.58999633789062,81.68000030517578,80.37999725341797,81.30999755859375,399813,76.16750030517578,71.45079978942871,80.61824340043431,True,0.0,0.0
2021-10-15,81.4800033569336,82.66000366210938,81.38999938964844,82.27999877929688,277953,76.68300018310546,71.71459983825683,79.77336613023598,True,0.0,0.0
2021-10-18,82.5999984741211,83.87000274658203,81.83999633789062,82.44000244140625,134098,77.29050025939941,71.99779991149903,81.16828910565752,True,0.0,0.0
2021-10-19,82.37000274658203,83.73999786376953,81.80000305175781,82.95999908447266,82607,77.91050033569336,72.3273998260498,85.25586944395369,True,0.0,0.0
2021-10-20,83.33999633789062,84.25,81.30000305175781,83.87000274658203,530693,78.49250030517578,72.6389998626709,86.11113361976811,True,0.0,0.0
2021-10-21,83.58000183105469,83.95999908447266,80.79000091552734,82.5,567503,78.95250015258789,72.9039998626709,75.94044529109185,True,0.0,0.0
2021-10-22,82.61000061035156,84.22000122070312,81.76000213623047,83.76000213623047,465355,79.44150009155274,73.19739997863769,75.0,True,0.0,0.0
2021-10-25,83.9800033569336,85.41000366210938,83.38999938964844,83.76000213623047,568725,79.85700035095215,73.50379997253418,72.0145911284826,True,0.0,0.0
2021-10-26,83.72000122070312,84.87999725341797,82.97000122070312,84.6500015258789,467716,80.32500038146972,73.85099998474121,84.84556368408417,True,0.0,0.0
2021-10-27,84.38999938964844,84.51000213623047,82.01000213623047,82.66000366210938,529952,80.71650047302246,74.17240013122559,68.98955676391269,True,0.0,0.0
2021-10-28,82.25,83.20999908447266,80.58000183105469,82.80999755859375,491585,81.10550041198731,74.51940010070801,66.35161144005983,True,0.0,0.0
2021-10-29,83.08999633789062,83.73999786376953,81.41000366210938,83.56999969482422,507309,81.49000053405761,74.9170001220703,64.99510128266874,True,0.0,0.0
2021-11-01,83.36000061035156,84.87999725341797,82.73999786376953,84.05000305175781,412309,81.8115005493164,75.35160018920898,66.19185212449318,True,0.0,0.0
2021-11-02,83.87000274658203,84.41000366210938,82.91999816894531,83.91000366210938,429608,82.06050071716308,75.7170002746582,66.57115958039063,True,0.0,0.0
2021-11-03,83.06999969482422,83.08000183105469,79.69000244140625,80.86000061035156,546577,82.23200073242188,75.98340026855469,48.22135722307127,True,0.0,0.0
2021-11-04,80.18000030517578,83.41999816894531,78.25,78.80999755859375,701119,82.25750045776367,76.19240020751953,37.363443393605316,True,0.0,0.0
2021-11-05,79.37000274658203,81.80000305175781,78.95999908447266,81.2699966430664,531054,82.35350036621094,76.46940017700196,46.35057601191765,True,0.0,0.0
2021-11-08,81.12999725341797,82.66999816894531,81.05000305175781,81.93000030517578,393953,82.4240005493164,76.73320022583007,46.81509609160173,True,0.0,0.0
2021-11-09,82.16000366210938,84.62999725341797,81.77999877929688,84.1500015258789,504832,82.59950065612793,77.0320002746582,50.80091133671447,True,0.0,0.0
2021-11-10,84.52999877929688,84.97000122070312,80.80999755859375,81.33999633789062,555215,82.64450035095214,77.28880020141601,46.934453385722875,True,0.0,0.0
2021-11-11,81.41000366210938,82.33000183105469,80.19999694824219,81.58999633789062,475436,82.65850028991699,77.54880020141601,43.94191951355931,True,0.0,0.0
2021-11-12,81.20999908447266,81.62000274658203,79.77999877929688,80.79000091552734,390304,82.58400039672851,77.76480026245117,42.063067464048885,True,0.0,0.0
2021-11-15,80.66000366210938,81.19999694824219,79.30000305175781,80.87999725341797,343484,82.5060001373291,77.99660018920899,39.47514376996805,True,0.0,0.0
2021-11-16,80.93000030517578,81.80999755859375,80.02999877929688,80.76000213623047,325668,82.396000289917,78.24480026245118,44.07730231474104,True,0.0,0.0
2021-11-17,80.54000091552734,80.69000244140625,77.69000244140625,78.36000061035156,174471,82.12050018310546,78.42600021362304,37.83489647554674,True,0.0,0.0
2021-11-18,78.33999633789062,79.36000061035156,77.08000183105469,79.01000213623047,83984,81.946000289917,78.64340026855469,37.45875806268858,True,0.0,0.0
2021-11-19,78.76000213623047,79.91999816894531,75.37000274658203,76.0999984741211,623448,81.56300010681153,78.77100021362304,30.713242602433183,True,0.0,0.0
2021-11-22,75.75,77.16000366210938,74.76000213623047,76.75,465768,81.2125,78.8970002746582,33.04924208215901,True,0.0,0.0
2021-11-23,76.45999908447266,78.86000061035156,75.30000305175781,78.5,506987,80.90499992370606,79.05780029296875,44.0464184201693,True,0.0,0.0
2021-11-24,78.4800033569336,79.2300033569336,77.9800033569336,78.38999938964844,328848,80.69149971008301,79.17340026855469,48.8255087968431,True,0.0,0.0
2021-11-26,78.33999633789062,78.6500015258789,67.4000015258789,68.1500015258789,844630,79.95849990844727,79.08420028686524,24.434931323565962,True,0.0,0.0
2021-11-29,69.2300033569336,72.93000030517578,68.86000061035156,69.94999694824219,675090,79.27749977111816,79.04380020141602,27.64924365073422,True,0.0,0.0
2021-11-30,70.04000091552734,71.22000122070312,64.43000030517578,66.18000030517578,722475,78.38399963378906,78.96160018920898,18.306865919066496,False,0.0,0.0
2021-12-01,67.01000213623047,69.48999786376953,64.83999633789062,65.56999969482422,602447,77.46699943542481,78.8618002319336,19.847026912375128,False,0.0,0.0
2021-12-02,65.62999725341797,67.48999786376953,62.43000030517578,66.5,668293,76.74899940490722,78.74720016479492,21.87848697343503,False,0.0,0.0
2021-12-03,67.5,69.22000122070312,65.5999984741211,66.26000213623047,449974,76.12149963378906,78.60640014648438,22.344870849137152,False,0.0,0.0
2021-12-06,67.0199966430664,70.1500015258789,66.72000122070312,69.48999786376953,401060,75.53249969482422,78.5166000366211,30.635831552448806,False,0.0,0.0
2021-12-07,69.72000122070312,73.02999877929688,69.5199966430664,72.05000305175781,496528,75.03849983215332,78.4486001586914,36.326531394421025,False,0.0,0.0
2021-12-08,71.86000061035156,73.0,70.91000366210938,72.36000061035156,464846,74.44899978637696,78.39000015258789,39.91935297800242,False,0.0,0.0
2021-12-09,72.5199966430664,73.33999633789062,70.38999938964844,70.94000244140625,393205,73.92900009155274,78.31220016479492,36.78348831612742,False,0.0,0.0
2021-12-10,70.68000030517578,72.33000183105469,70.31999969482422,71.66999816894531,397883,73.43300018310546,78.24500015258789,42.186943689652736,False,0.0,0.0
2021-12-13,72.04000091552734,73.0,70.70999908447266,71.29000091552734,406604,72.95800018310547,78.15320022583008,40.27777211731344,False,0.0,0.0
2021-12-14,71.12000274658203,72.02999877929688,69.51000213623047,70.7300033569336,359454,72.45050048828125,78.0154002380371,35.552243523449846,False,0.0,0.0
2021-12-15,70.3499984741211,71.66000366210938,69.38999938964844,70.87000274658203,294337,71.95600051879883,77.85420028686524,36.03268285977857,False,0.0,0.0
2021-12-16,71.4800033569336,72.98999786376953,71.02999877929688,72.37999725341797,142541,71.65700035095215,77.75320022583008,61.62727393217671,False,0.0,0.0
2021-12-17,71.91999816894531,72.26000213623047,69.88999938964844,70.86000061035156,78125,71.2495002746582,77.60440017700195,52.54049421170473,False,0.0,0.0
2021-12-20,70.06999969482422,70.06999969482422,66.04000091552734,68.2300033569336,492217,70.85600051879882,77.3820002746582,56.1121236136727,False,0.0,0.0
2021-12-21,69.20999908447266,71.55000305175781,68.55999755859375,71.12000274658203,358779,70.57450065612792,77.19400039672851,64.56695814600239,False,0.0,0.0
2021-12-22,71.2699966430664,73.16000366210938,70.80000305175781,72.76000213623047,306709,70.28750076293946,77.03640045166016,65.84010912829794,False,0.0,0.0
2021-12-23,73.02999877929688,73.94999694824219,72.2699966430664,73.79000091552734,270223,70.0575008392334,76.90340042114258,68.3211894000652,False,0.0,0.0
2021-12-27,73.37999725341797,76.08999633789062,72.56999969482422,75.56999969482422,268490,70.42850074768066,76.78860046386718,65.91625550435555,False,0.0,0.0
2021-12-28,75.97000122070312,76.91999816894531,75.52999877929688,75.9800033569336,249728,70.73000106811523,76.66260055541993,61.5929389958081,False,0.0,0.0
2021-12-29,76.04000091552734,77.37000274658203,75.36000061035156,76.55999755859375,283557,71.24900093078614,76.54500045776368,62.19513383806161,False,0.0,0.0
2021-12-30,76.58000183105469,77.44000244140625,75.77999877929688,76.98999786376953,231163,71.8200008392334,76.42560043334962,68.63834117976116,False,0.0,0.0
2021-12-31,76.66000366210938,77.08000183105469,74.94999694824219,75.20999908447266,237118,72.25550079345703,76.25240036010742,60.24307249568528,False,0.0,0.0
2022-01-03,75.69000244140625,76.45999908447266,74.2699966430664,76.08000183105469,317628,72.74650077819824,76.12400039672852,63.47778822032272,False,0.0,0.0
2022-01-04,76.0199966430664,77.63999938964844,75.69999694824219,76.98999786376953,372848,73.12150077819824,75.9886003112793,67.27373472750989,False,0.0,0.0
2022-01-05,77.18000030517578,78.58000183105469,76.51000213623047,77.8499984741211,397898,73.4115005493164,75.8704002380371,68.52442340104494,False,0.0,0.0
2022-01-06,77.23999786376953,80.23999786376953,76.7300033569336,79.45999908447266,476665,73.76650047302246,75.76660018920899,68.6906193831868,False,0.0,0.0
2022-01-07,79.62000274658203,80.47000122070312,78.5199966430664,78.9000015258789,414434,74.1645004272461,75.69140014648437,72.35819309679366,False,0.0,0.0
2022-01-10,78.87999725341797,79.44999694824219,77.83000183105469,78.2300033569336,389956,74.49250068664551,75.59980026245117,81.21100767130908,False,0.0,0.0
2022-01-11,78.41999816894531,81.58999633789062,78.36000061035156,81.22000122070312,481815,74.9890007019043,75.55280029296875,81.32756300763083,False,0.0,0.0
2022-01-12,81.37999725341797,83.0999984741211,81.16999816894531,82.63999938964844,420619,75.58450050354004,75.52460021972657,81.06920058751187,True,0.0,0.0
2022-01-13,82.81999969482422,82.94000244140625,81.38999938964844,82.12000274658203,364769,76.14700050354004,75.48880020141601,77.06306179468926,True,0.0,0.0
2022-01-14,81.7300033569336,84.44999694824219,81.58000183105469,83.81999969482422,364442,76.71900062561035,75.54800018310547,76.9432055453952,True,0.0,0.0
2022-01-18,84.31999969482422,86.62999725341797,83.5,85.43000030517578,163643,77.44750061035157,75.68040023803711,78.61904550655362,True,0.0,0.0
2022-01-19,86.61000061035156,87.91000366210938,85.7699966430664,86.95999908447266,113153,78.38400039672851,75.79420028686523,79.78239163824577,True,0.0,0.0
2022-01-20,86.2300033569336,87.81999969482422,86.0,86.9000015258789,532202,79.17300033569336,75.8936003112793,78.99360630137794,True,0.0,0.0
2022-01-21,84.56999969482422,85.55999755859375,82.77999877929688,85.13999938964844,509103,79.79200019836426,75.91340026855468,79.08614340682499,True,0.0,0.0
2022-01-24,84.91000366210938,86.08999633789062,81.9000015258789,83.30999755859375,511695,80.26800003051758,75.95280029296875,70.04992328283457,True,0.0,0.0
2022-01-25,84.1500015258789,85.70999908447266,82.98999786376953,85.5999984741211,507219,80.76949996948242,76.03300033569336,72.17930384976097,True,0.0,0.0
2022-01-26,85.26000213623047,87.94999694824219,85.01000213623047,87.3499984741211,459642,81.3379997253418,76.16420028686524,73.39902884890031,True,0.0,0.0
2022-01-27,87.1500015258789,88.54000091552734,86.19999694824219,86.61000061035156,427804,81.84049987792969,76.2788003540039,68.39940048540734,True,0.0,0.0
2022-01-28,87.5,88.83999633789062,86.44000244140625,86.81999969482422,436172,82.33199996948242,76.40000030517578,70.75472678911026,True,0.0,0.0
2022-01-31,87.44999694824219,88.38999938964844,86.33999633789062,88.1500015258789,359080,82.97900009155273,76.59580032348633,75.12665419578258,True,0.0,0.0
2022-02-01,88.1500015258789,88.87000274658203,86.55000305175781,88.19999694824219,376841,83.5849998474121,76.77960021972656,70.77381190259072,True,0.0,0.0
2022-02-02,88.3499984741211,89.72000122070312,87.0999984741211,88.26000213623047,456863,84.14850006103515,77.02280029296875,68.19949687486258,True,0.0,0.0
2022-02-03,87.9800033569336,90.4499969482422,86.75,90.2699966430664,465771,84.76949996948242,77.29320022583008,74.06969114683415,True,0.0,0.0
2022-02-04,90.19000244140624,93.16999816894533,90.06999969482422,92.30999755859376,410926,85.41199989318848,77.56940017700195,74.58019546627452,True,0.0,0.0
2022-02-07,91.81999969482422,92.7300033569336,90.7300033569336,91.31999969482422,497754,86.03299980163574,77.82800018310547,67.68769233871039,True,0.0,0.0
2022-02-08,91.63999938964844,91.68000030517578,88.51000213623047,89.36000061035156,467386,86.58949966430664,78.25220016479493,57.02576797609693,True,0.0,0.0
2022-02-09,89.86000061035156,90.58000183105467,88.41000366210938,89.66000366210938,445618,87.01149978637696,78.64640029907227,57.967673743825884,True,0.0,0.0
2022-02-10,90.01000213623047,91.73999786376952,89.02999877929688,89.87999725341797,492091,87.37349967956543,79.1204002380371,65.01901306135667,True,0.0,0.0
2022-02-11,90.0,94.66000366210938,89.19000244140625,93.0999984741211,554423,87.92249946594238,79.67100021362305,78.50904574750996,True,0.0,0.0
2022-02-14,93.91000366210938,95.81999969482422,92.08999633789062,95.45999908447266,467071,88.5044994354248,80.2502001953125,78.59630567159948,True,0.0,0.0
2022-02-15,94.83000183105467,95.16999816894533,90.66000366210938,92.06999969482422,442641,88.83649940490723,80.76640014648437,62.5000101024877,True,0.0,0.0
2022-02-16,92.20999908447266,95.01000213623048,90.0,93.66000366210938,401453,89.17149963378907,81.24980026245117,67.86620521644977,True,0.0,0.0
2022-02-17,90.9000015258789,93.36000061035156,90.62000274658205,91.76000213623048,212552,89.41449966430665,81.64400024414063,61.53128586296583,True,0.0,0.0
2022-02-18,91.62999725341795,92.66000366210938,89.02999877929688,91.06999969482422,150382,89.71099967956543,82.01820022583007,57.02598253243043,True,0.0,0.0
2022-02-22,91.75,96.0,90.3499984741211,92.3499984741211,789041,90.16299972534179,82.44640014648438,59.42753549089307,True,0.0,0.0
2022-02-23,91.73999786376952,93.9000015258789,90.63999938964844,92.0999984741211,440574,90.4879997253418,82.85500015258789,58.648641589553634,True,0.0,0.0
2022-02-24,92.5199966430664,100.54000091552734,91.4499969482422,92.80999755859376,872244,90.76099967956543,83.28540008544923,56.07655677053961,True,0.0,0.0
2022-02-25,93.31999969482422,95.63999938964844,90.05999755859375,91.58999633789062,523793,91.00999946594239,83.70259994506836,48.20716843862628,True,0.0,0.0
2022-02-28,94.98999786376952,99.0999984741211,94.43000030517578,95.72000122070312,490796,91.45499954223632,84.19959991455079,59.47459054448293,True,0.0,0.0
2022-03-01,96.08999633789062,106.77999877929688,95.31999969482422,103.41000366210938,698814,92.21799964904785,84.82020004272461,74.26597085915114,True,0.0,0.0
2022-03-02,107.12000274658205,112.51000213623048,105.18000030517578,110.5999984741211,651853,93.3379997253418,85.615,79.21315917141888,True,0.0,0.0
2022-03-03,111.33000183105467,116.56999969482422,106.43000030517578,107.66999816894533,592031,94.30849952697754,86.40379989624023,73.07392475538941,True,0.0,0.0
2022-03-04,107.95999908447266,116.0199966430664,107.25,115.68000030517578,493875,95.57899971008301,87.29499984741211,76.0498336285454,True,0.0,0.0
2022-03-07,121.33000183105467,130.5,115.54000091552734,119.4000015258789,576022,96.93349990844726,88.22779983520508,76.7785189079216,True,0.0,0.0
2022-03-08,120.66999816894533,129.44000244140625,117.06999969482422,123.6999969482422,583106,98.55249977111816,89.22599975585938,84.67440423070843,True,0.0,0.0
2022-03-09,124.66000366210938,126.83999633789062,103.62999725341795,108.6999969482422,594773,99.51949958801269,89.88859970092773,62.7414369683048,True,0.0,0.0
2022-03-10,110.41000366210938,114.87999725341795,105.52999877929688,106.0199966430664,437924,100.33749923706054,90.48939956665039,61.92307172166335,True,0.0,0.0
2022-03-11,105.98999786376952,110.29000091552734,104.4800033569336,109.33000183105467,368194,101.30999946594238,91.1447996520996,64.62672255688585,True,0.0,0.0
2022-03-14,109.41999816894533,109.72000122070312,99.76000213623048,103.01000213623048,344184,101.80549964904785,91.66519973754883,57.90098028549269,True,0.0,0.0
2022-03-15,102.27999877929688,102.58000183105467,93.52999877929688,96.44000244140624,401690,101.85449981689453,92.0897998046875,52.94117890370221,True,0.0,0.0
2022-03-16,95.2300033569336,99.22000122070312,94.06999969482422,95.04000091552734,293947,102.00299987792968,92.46899978637695,51.497249289591466,True,0.0,0.0
2022-03-17,95.33999633789062,104.23999786376952,94.8499984741211,102.9800033569336,210763,102.4689998626709,92.98879989624024,57.01441409424044,True,0.0,0.0
2022-03-18,103.62000274658205,106.27999877929688,102.3000030517578,104.6999969482422,74247,103.11599960327149,93.52579986572266,55.69941347212802,True,0.0,0.0
2022-03-21,105.12999725341795,112.69000244140624,104.08000183105467,112.12000274658205,77217,104.16849975585937,94.17899993896485,55.5470633342737,True,0.0,0.0
2022-03-22,112.9000015258789,115.01000213623048,109.3000030517578,111.76000213623048,318629,105.13899993896484,94.83619995117188,50.80915425063028,True,0.0,0.0
2022-03-23,108.8499984741211,115.4000015258789,108.37999725341795,114.93000030517578,289182,106.28050003051757,95.57019989013672,55.04727582794359,True,0.0,0.0
2022-03-24,114.47000122070312,116.63999938964844,110.61000061035156,112.33999633789062,307238,107.25699996948242,96.19259979248046,47.48871910970368,True,0.0,0.0
2022-03-25,111.75,114.12000274658205,108.68000030517578,113.9000015258789,320304,108.37250022888183,96.81779983520508,45.72583229042825,True,0.0,0.0
2022-03-28,112.91999816894533,112.93000030517578,102.83000183105467,105.95999908447266,372251,108.8845001220703,97.29459976196289,36.95204986332074,True,0.0,0.0
2022-03-29,103.47000122070312,107.83999633789062,98.44000244140624,104.23999786376952,387200,108.92599983215332,97.7029997253418,45.92321986554136,True,0.0,0.0
2022-03-30,105.23999786376952,108.75,104.5500030517578,107.81999969482422,284544,108.78699989318848,98.15079971313476,51.618707158427604,True,0.0,0.0
2022-03-31,107.4499969482422,107.8000030517578,99.66000366210938,100.27999877929688,450845,108.41749992370606,98.41719970703124,42.436904172893804,True,0.0,0.0
2022-04-01,101.2300033569336,101.75,97.77999877929688,99.2699966430664,324777,107.59699974060058,98.664599609375,46.570062221804264,True,0.0,0.0
2022-04-04,98.9499969482422,103.94000244140624,98.0500030517578,103.27999877929688,288131,106.79099960327149,99.02739959716797,56.58197983585357,True,0.0,0.0
2022-04-05,103.66000366210938,105.58999633789062,99.87999725341795,101.95999908447266,280283,105.70399971008301,99.40039962768554,56.66923234614966,True,0.0,0.0
2022-04-06,101.23999786376952,104.0199966430664,95.7300033569336,96.2300033569336,366036,105.08050003051758,99.6129997253418,43.20515585341982,True,0.0,0.0
2022-04-07,97.16000366210938,98.81999969482422,93.80999755859376,96.02999877929688,367318,104.5810001373291,99.7865997314453,40.996891201561674,True,0.0,0.0
2022-04-08,97.16999816894533,98.76000213623048,95.29000091552734,98.26000213623048,310082,104.02750015258789,100.0195997619629,33.86872262405575,True,0.0,0.0
2022-04-11,98.4000015258789,98.5199966430664,92.93000030517578,94.29000091552734,315873,103.59150009155273,100.16899978637696,31.243297456465612,True,0.0,0.0
2022-04-12,95.16999816894533,101.3499984741211,94.83999633789062,100.5999984741211,329037,103.79949989318848,100.4179997253418,35.586405655848324,True,0.0,0.0
2022-04-13,100.91000366210938,104.47000122070312,99.87000274658205,104.25,312502,104.2599998474121,100.73899978637695,42.03270314588804,True,0.0,0.0
2022-04-14,104.1999969482422,107.63999938964844,102.12000274658205,106.9499969482422,244952,104.45849952697753,101.1127996826172,43.30571848789581,True,0.0,0.0
2022-04-18,107.02999877929688,109.80999755859376,106.0,108.20999908447266,68489,104.63399963378906,101.47159973144531,52.48728659460211,True,0.0,0.0
2022-04-19,107.75,108.91999816894533,102.0999984741211,102.55999755859376,71792,104.15599937438965,101.67659973144531,48.291293816824144,True,0.0,0.0
2022-04-20,103.0500030517578,104.16000366210938,100.6999969482422,102.75,299028,103.70549926757812,101.90519973754883,44.46143939650288,True,0.0,0.0
2022-04-21,102.5,105.41999816894533,102.01000213623048,103.79000091552734,280321,103.1484992980957,102.19379974365235,54.46906171686775,True,0.0,0.0
2022-04-22,104.06999969482422,104.22000122070312,101.05999755859376,102.06999969482422,246116,102.63499946594239,102.44199966430664,53.501753729776766,True,0.0,0.0
2022-04-25,101.37999725341795,101.5500030517578,95.27999877929688,98.54000091552734,328153,101.8669994354248,102.61519973754883,44.00000386298383,False,0.0,0.0
2022-04-26,98.63999938964844,102.77999877929688,97.05999755859376,101.6999969482422,351850,101.65399932861328,102.78719970703125,49.68553203764058,False,0.0,0.0
2022-04-27,101.76000213623048,102.98999786376952,99.8000030517578,102.0199966430664,278781,101.54299926757812,102.91839965820313,58.05732258211099,False,0.0,0.0
2022-04-28,102.11000061035156,105.68000030517578,100.12999725341795,105.36000061035156,312064,101.4199993133545,103.18419967651367,61.94010760431979,False,0.0,0.0
2022-04-29,105.16999816894533,107.98999786376952,103.77999877929688,104.69000244140624,294386,101.64049949645997,103.40479965209961,58.57104763927099,False,0.0,0.0
2022-05-02,104.0,105.94000244140624,100.27999877929688,105.16999816894533,261878,101.93549957275391,103.67299957275391,65.99059130953123,False,0.0,0.0
2022-05-03,105.08000183105467,105.8000030517578,102.0999984741211,102.41000366210938,239266,101.89199981689453,103.8997996520996,52.97014369655886,False,0.0,0.0
2022-05-04,103.5,108.61000061035156,102.9499969482422,107.80999755859376,272909,102.18449974060059,104.20899963378906,55.52451755069336,False,0.0,0.0
2022-05-05,107.58000183105467,111.37000274658205,106.4499969482422,108.26000213623048,286916,102.78599967956544,104.53219970703125,52.18552797483444,False,0.0,0.0
2022-05-06,108.6999969482422,111.18000030517578,107.23999786376952,109.7699966430664,294278,103.4729995727539,104.8713996887207,52.58106929725214,False,0.0,0.0
2022-05-09,110.43000030517578,110.48999786376952,102.12999725341795,103.08999633789062,368183,103.71449928283691,105.1013996887207,50.847998460936715,False,0.0,0.0
2022-05-10,102.6500015258789,104.16000366210938,98.86000061035156,99.76000213623048,389750,103.98799934387208,105.18219970703124,45.65280618374055,False,0.0,0.0
2022-05-11,99.0,106.44000244140624,98.1999969482422,105.70999908447266,382701,104.24349937438964,105.22819961547852,52.44274746919411,False,0.0,0.0
2022-05-12,105.62999725341795,107.37000274658205,102.66000366210938,106.12999725341795,323547,104.33749923706054,105.13879959106445,55.34210634099564,False,0.0,0.0
2022-05-13,106.6500015258789,110.63999938964844,106.29000091552734,110.48999786376952,240989,104.51449928283691,105.19519958496093,65.38759435561923,False,0.0,0.0
2022-05-16,110.9800033569336,114.9000015258789,108.11000061035156,114.1999969482422,289127,104.81399917602539,105.16559951782227,65.87101083924944,False,0.0,0.0
2022-05-17,113.87000274658205,115.55999755859376,111.75,112.4000015258789,252630,105.30599937438964,105.02559951782227,62.70192422956315,True,0.0,0.0
2022-05-18,113.66000366210938,115.41999816894533,108.45999908447266,109.58999633789062,103669,105.64799919128419,104.74339950561523,55.24423349406843,True,0.0,0.0
2022-05-19,109.08999633789062,112.62000274658205,105.12999725341795,112.20999908447266,68511,106.06899909973144,104.81359954833984,58.893094762439326,True,0.0,0.0
2022-05-20,111.4499969482422,114.04000091552734,110.8499984741211,113.2300033569336,229930,106.62699928283692,104.95779968261719,59.41149943670387,True,0.0,0.0
2022-05-23,110.55999755859376,111.95999908447266,109.1500015258789,110.29000091552734,215623,107.21449928283691,104.97699966430665,59.16278912970771,True,0.0,0.0
2022-05-24,110.41000366210938,111.43000030517578,108.61000061035156,109.7699966430664,224794,107.61799926757813,105.11219955444336,52.57082757509557,True,0.0,0.0
2022-05-25,110.38999938964844,111.68000030517578,109.2300033569336,110.33000183105467,191370,108.03349952697754,105.38999954223632,52.70729729670396,True,0.0,0.0
2022-05-26,110.69000244140624,114.83000183105467,110.2699966430664,114.08999633789062,234752,108.46999931335449,105.77099945068359,55.335967559998075,True,0.0,0.0
2022-05-27,114.1999969482422,115.3000030517578,112.8499984741211,115.06999969482422,217281,108.98899917602539,106.01279937744141,67.22254334309126,True,0.0,0.0
2022-05-31,114.95999908447266,119.9800033569336,114.1500015258789,114.66999816894533,440796,109.4639991760254,106.21219940185547,73.40657708619536,True,0.0,0.0
2022-06-01,115.4000015258789,117.87000274658205,114.58000183105467,115.26000213623048,290530,110.10649909973145,106.27499938964844,68.02566170329197,True,0.0,0.0
2022-06-02,114.8000030517578,117.7699966430664,111.1999969482422,116.87000274658205,327600,110.55949935913085,106.37719940185546,69.40028268426573,True,0.0,0.0
2022-06-03,117.5500030517578,120.45999908447266,115.2300033569336,118.87000274658205,240831,111.08999938964844,106.45599945068359,66.54817813716389,True,0.0,0.0
2022-06-06,120.81999969482422,120.98999786376952,117.62999725341795,118.5,246825,111.52649955749511,106.57919952392578,59.78161491666333,True,0.0,0.0
2022-06-07,119.0999984741211,120.36000061035156,117.13999938964844,119.41000366210938,341694,112.34249992370606,106.6893995666504,66.61922871975786,True,0.0,0.0
2022-06-08,119.79000091552734,123.18000030517578,119.3000030517578,122.11000061035156,340591,113.4599998474121,107.01239959716797,79.8379137523119,True,0.0,0.0
2022-06-09,122.43000030517578,122.72000122070312,120.79000091552734,121.51000213623048,293295,114.25,107.35779968261718,74.52529608132866,True,0.0,0.0
2022-06-10,121.45999908447266,122.75,118.33000183105467,120.66999816894533,352906,114.97700004577636,107.6147996520996,69.8082700428798,True,0.0,0.0
2022-06-13,120.19000244140624,122.25,117.47000122070312,120.93000030517578,372403,115.49900016784667,108.02779968261719,83.04343252164904,True,0.0,0.0
2022-06-14,121.08999633789062,123.68000030517578,116.62000274658205,118.93000030517578,366320,115.73550033569336,108.42099975585937,76.05231728529225,True,0.0,0.0
2022-06-15,119.06999969482422,119.61000061035156,114.5999984741211,115.30999755859376,301750,115.8810001373291,108.6615997314453,62.063934576509844,True,0.0,0.0
2022-06-16,115.9800033569336,118.08000183105467,112.30999755859376,117.58999633789062,162543,116.2810001373291,108.97419967651368,59.133602671400425,True,0.0,0.0
2022-06-17,117.08000183105467,118.97000122070312,108.25,109.55999755859376,103149,116.14850006103515,109.24079956054688,39.48874643090947,True,0.0,0.0
2022-06-21,110.58000183105467,112.47000122070312,108.72000122070312,110.6500015258789,427262,116.01949996948242,109.53319961547851,42.527891942882206,True,0.0,0.0
2022-06-22,109.54000091552734,109.76000213623048,101.52999877929688,106.19000244140624,432724,115.81450004577637,109.69179962158204,35.261624656249595,True,0.0,0.0
2022-06-23,104.41999816894533,107.0500030517578,102.31999969482422,104.2699966430664,346362,115.53950004577636,109.89139953613281,29.729731056626306,True,0.0,0.0
2022-06-24,103.98999786376952,108.58000183105467,103.63999938964844,107.62000274658205,321591,115.40400009155273,110.03179962158202,32.65496152604716,True,0.0,0.0
2022-06-27,107.22000122070312,110.54000091552734,105.5999984741211,109.56999969482422,282914,115.17800025939941,110.13819961547851,36.87151464602967,True,1.0,1.0
2022-06-28,110.18000030517578,112.22000122070312,109.62000274658205,111.76000213623048,306748,115.01250038146972,110.23439971923828,39.16123828324217,True,1.0,0.0
2022-06-29,111.86000061035156,114.0500030517578,109.22000122070312,109.77999877929688,322060,114.7680004119873,110.26579971313477,32.16662745670975,True,1.0,0.0
2022-06-30,109.6999969482422,110.4499969482422,105.0999984741211,105.76000213623048,362890,114.29300041198731,110.3297998046875,29.27087207606975,True,1.0,0.0
2022-07-01,106.01000213623048,109.33999633789062,104.55999755859376,108.43000030517578,305338,113.87100028991699,110.44339981079102,34.630847228425125,True,1.0,0.0
2022-07-05,108.8000030517578,111.4499969482422,97.43000030517578,99.5,594215,112.90250015258789,110.35759979248047,27.902666007728797,True,1.0,0.0
2022-07-06,100.36000061035156,102.13999938964844,95.0999984741211,98.52999877929688,444106,111.90400009155273,110.28679977416992,28.508222333928472,True,1.0,0.0
2022-07-07,98.22000122070312,104.4800033569336,96.56999969482422,102.7300033569336,379861,111.07000007629395,110.37059982299805,36.90675482288262,True,1.0,0.0
2022-07-08,102.22000122070312,105.23999786376952,101.51000213623048,104.79000091552734,327461,110.20400009155273,110.43239990234375,36.61648743232343,False,1.0,0.0
2022-07-11,104.79000091552734,105.0500030517578,100.88999938964844,104.08999633789062,348566,109.33299980163574,110.47379989624024,43.2452476942244,False,0.0,-1.0
2022-07-12,103.45999908447266,103.48999786376952,95.3499984741211,95.83999633789062,398552,108.09149971008301,110.28339981079101,34.45960128942326,False,0.0,0.0
2022-07-13,95.88999938964844,97.95999908447266,93.66999816894533,96.3000030517578,347193,106.85999984741211,110.11559982299805,38.67125560362546,False,0.0,0.0
2022-07-14,96.56999969482422,97.0,90.55999755859376,95.77999877929688,387528,105.70249977111817,109.92779983520508,39.95267069293825,False,0.0,0.0
2022-07-15,96.38999938964844,99.02999877929688,94.56999969482422,97.58999633789062,240766,104.81649971008301,109.83139968872071,37.681155889408835,False,0.0,0.0
2022-07-18,97.2699966430664,102.8000030517578,95.8499984741211,102.5999984741211,84669,104.06699981689454,109.72719970703125,42.03792767818297,False,0.0,0.0
2022-07-19,102.0,104.45999908447266,99.8499984741211,104.22000122070312,63149,103.8,109.6463996887207,41.27315109567413,False,0.0,0.0
2022-07-20,103.5999984741211,104.38999938964844,101.51000213623048,102.26000213623048,315620,103.38050003051758,109.49619979858399,41.292271963257356,False,0.0,0.0
2022-07-21,99.91000366210938,99.98999786376952,94.58999633789062,96.3499984741211,318911,102.88849983215331,109.3613998413086,39.5606845494935,False,0.0,0.0
2022-07-22,96.51000213623048,97.9499969482422,94.2300033569336,94.6999969482422,307568,102.40999984741211,109.26019973754883,34.415442370393464,False,0.0,0.0
2022-07-25,95.0999984741211,96.94000244140624,93.01000213623048,96.6999969482422,278998,101.86399955749512,109.07999969482422,46.22844676980046,False,0.0,0.0
2022-07-26,96.33000183105467,99.0,94.76000213623048,94.9800033569336,310043,101.13449974060059,108.85699981689453,45.31292086808648,False,0.0,0.0
2022-07-27,95.5999984741211,98.58999633789062,94.3000030517578,97.26000213623048,321903,100.40949974060058,108.59239990234374,42.39221229021827,False,0.0,0.0
2022-07-28,98.16999816894533,99.83999633789062,96.04000091552734,96.41999816894533,318403,99.741499710083,108.23679992675781,37.94990172738803,False,0.0,0.0
2022-07-29,97.3000030517578,101.87999725341795,96.41000366210938,98.62000274658205,349374,99.38449974060059,107.96119995117188,42.45102017566342,False,0.0,0.0
2022-08-01,98.45999908447266,98.6500015258789,92.41999816894533,93.88999938964844,365293,98.65749969482422,107.64720001220704,47.01926683223834,False,0.0,0.0
2022-08-02,93.75,96.47000122070312,92.58999633789062,94.41999816894533,328538,98.40349960327148,107.29139999389649,47.132391583743434,False,0.0,0.0
2022-08-03,93.83000183105467,96.56999969482422,90.37999725341795,90.66000366210938,395099,98.0099998474121,106.84,42.892844933527705,False,0.0,0.0
2022-08-04,90.9499969482422,91.9000015258789,87.55000305175781,88.54000091552734,334931,97.3004997253418,106.405,37.544738417677024,False,0.0,0.0
2022-08-05,88.05999755859375,90.76000213623048,87.01000213623047,89.01000213623047,350016,96.51149978637696,105.98980010986328,28.62536539006142,False,0.0,0.0
2022-08-08,88.45999908447266,90.88999938964844,87.22000122070312,90.76000213623048,340157,95.84500007629394,105.5984001159668,28.91604536429523,False,0.0,0.0
2022-08-09,90.69000244140624,92.6500015258789,89.05000305175781,90.5,347045,95.57800025939942,105.12660018920899,30.542689125995338,False,0.0,0.0
2022-08-10,90.51000213623048,92.43000030517578,87.66000366210938,91.93000030517578,383766,95.35950012207032,104.66380020141601,41.41414680327254,False,0.0,0.0
2022-08-11,91.5500030517578,95.0500030517578,91.23999786376952,94.33999633789062,341234,95.2875,104.25720016479492,49.32075356537438,False,0.0,0.0
2022-08-12,94.08999633789062,94.80999755859376,91.16000366210938,92.08999633789062,264953,95.0125,103.79380004882813,41.383176429249424,False,0.0,0.0
2022-08-15,91.94000244140624,92.0999984741211,86.81999969482422,89.41000366210938,275443,94.35300025939941,103.24460006713868,39.9494769417994,False,0.0,0.0
2022-08-16,87.93000030517578,90.6500015258789,85.7300033569336,86.52999877929688,305366,93.4685001373291,102.59779998779297,31.04909680220362,False,0.0,0.0
2022-08-17,87.0999984741211,89.16000366210938,85.87999725341797,88.11000061035156,230346,92.76100006103516,101.99,35.697079714952196,False,0.0,0.0
2022-08-18,87.38999938964844,91.45999908447266,87.31999969482422,90.5,80029,92.4685001373291,101.41179992675781,36.11490536966951,False,0.0,0.0
2022-08-19,90.38999938964844,92.08999633789062,88.37999725341797,90.7699966430664,58714,92.27200012207031,100.78499984741211,43.70459269394387,False,0.0,0.0
2022-08-22,89.6500015258789,91.26000213623048,86.5999984741211,90.2300033569336,352665,91.94850044250488,100.15939987182617,41.54901727247909,False,0.0,0.0
2022-08-23,90.5500030517578,94.22000122070312,90.41999816894533,93.73999786376952,285607,91.88650016784668,99.62079986572266,56.275460476510965,False,0.0,0.0
2022-08-24,93.77999877929688,95.4000015258789,92.79000091552734,94.88999938964844,320388,91.76800003051758,99.0999998474121,63.47051902251756,False,0.0,0.0
2022-08-25,95.3499984741211,95.76000213623048,92.29000091552734,92.5199966430664,279877,91.57299995422363,98.57179977416992,56.89045237811383,False,0.0,0.0
2022-08-26,93.05999755859376,94.0199966430664,91.08000183105467,93.05999755859376,288392,91.29499969482421,98.12679977416992,54.74030640243662,False,0.0,0.0
2022-08-29,92.95999908447266,97.37000274658205,92.29000091552734,97.01000213623048,283463,91.45099983215331,97.71519989013672,61.64580433639121,False,0.0,0.0
2022-08-30,96.9000015258789,97.66000366210938,90.54000091552734,91.63999938964844,386272,91.31199989318847,97.35679992675782,49.545310457105884,False,0.0,0.0
2022-08-31,92.30999755859376,92.7300033569336,88.2699966430664,89.55000305175781,344147,91.25649986267089,96.93479995727539,42.4136926037146,False,0.0,0.0
2022-09-01,88.83000183105469,89.62999725341797,85.9800033569336,86.61000061035156,305106,91.15999984741211,96.5431999206543,41.506514785088015,False,0.0,0.0
2022-09-02,86.55999755859375,89.66000366210938,86.3499984741211,86.87000274658203,277533,91.0529998779297,96.19520004272461,45.74396686020543,False,0.0,0.0
2022-09-06,86.83999633789062,90.38999938964844,86.18000030517578,86.87999725341797,420255,90.85899963378907,95.78039993286133,50.64886643917092,False,0.0,0.0
2022-09-07,86.93000030517578,87.76000213623047,81.5,81.94000244140625,380781,90.43099975585938,95.22779998779296,39.82855110363405,False,0.0,0.0
2022-09-08,81.91000366210938,84.25,81.19999694824219,83.54000091552734,342763,90.01149978637696,94.66339996337891,38.219359404318084,False,0.0,0.0
2022-09-09,82.80000305175781,87.19999694824219,82.70999908447266,86.79000091552734,305188,89.63400001525879,94.20360000610351,43.88069330855891,False,0.0,0.0
2022-09-12,86.25,89.0999984741211,85.16000366210938,87.77999877929688,275104,89.4185001373291,93.84399993896484,46.284493397228665,False,0.0,0.0
2022-09-13,88.08999633789062,89.30999755859375,85.05999755859375,87.30999755859375,347998,89.31349983215333,93.4215998840332,39.258268894731984,False,0.0,0.0
2022-09-14,87.94000244140625,90.19000244140624,86.18000030517578,88.4800033569336,335381,89.41100006103515,93.20119995117187,39.29883964441679,False,0.0,0.0
2022-09-15,88.91000366210938,89.1500015258789,84.52999877929688,85.0999984741211,235358,89.26049995422363,92.93259994506836,38.01680142139335,False,0.0,0.0
2022-09-16,85.16000366210938,86.58999633789062,84.2699966430664,85.11000061035156,87829,88.99099998474121,92.58019989013673,36.93724141423814,False,0.0,0.0
2022-09-19,85.20999908447266,86.22000122070312,82.0999984741211,85.7300033569336,59626,88.73900032043457,92.19899993896485,29.188198821413636,False,0.0,0.0
2022-09-20,85.61000061035156,86.44999694824219,83.5199966430664,84.44999694824219,279813,88.45,91.80619995117188,34.3763594308693,False,0.0,0.0
2022-09-21,84.25,86.68000030517578,82.48999786376953,82.94000244140625,339683,87.91000022888184,91.54820007324219,35.26527357985486,False,0.0,0.0
2022-09-22,83.06999969482422,86.0,82.4000015258789,83.48999786376953,303492,87.34000015258789,91.29199996948242,42.21556236515788,False,0.0,0.0
2022-09-23,83.54000091552734,83.91999816894531,78.04000091552734,78.73999786376953,334271,86.65100021362305,90.95119995117187,33.42844417572054,False,0.0,0.0
2022-09-26,79.2300033569336,80.30999755859375,76.25,76.70999908447266,280927,85.833500289917,90.53360000610351,30.847463276897855,False,0.0,0.0
2022-09-27,76.47000122070312,79.51000213623047,76.41999816894531,78.5,283614,84.90800018310547,90.0516000366211,42.64957030875561,False,0.0,0.0
2022-09-28,78.08000183105469,82.33999633789062,76.55000305175781,82.1500015258789,324678,84.43350028991699,89.61020004272461,47.26915771524775,False,0.0,0.0
2022-09-29,81.9000015258789,82.94000244140625,80.33999633789062,81.2300033569336,286126,84.01750030517579,89.18960006713867,37.97578922289107,False,0.0,0.0
2022-09-30,81.73999786376953,82.55999755859375,79.13999938964844,79.48999786376953,253154,83.66150016784668,88.85240005493164,32.635118009416715,False,0.0,0.0
2022-10-03,81.0199966430664,84.55999755859375,80.87000274658203,83.62999725341797,287168,83.49949989318847,88.63100006103515,43.31881237490391,False,0.0,0.0
2022-10-04,83.22000122070312,86.9800033569336,83.22000122070312,86.5199966430664,302549,83.4814998626709,88.42740005493164,46.65070734841343,False,0.0,0.0
2022-10-05,86.37000274658203,88.41999816894531,85.41999816894531,87.76000213623047,329790,83.7724998474121,88.28300003051758,54.90413466888947,False,0.0,0.0
2022-10-06,88.08000183105469,89.06999969482422,87.04000091552734,88.44999694824219,235296,84.01799964904785,88.10679992675782,56.00718699863494,False,0.0,0.0
2022-10-07,88.93000030517578,93.30999755859376,88.0,92.63999938964844,429162,84.31049957275391,88.03119995117187,61.01370007605073,False,0.0,0.0
2022-10-10,93.4800033569336,93.63999938964844,90.54000091552734,91.12999725341795,289508,84.47799949645996,87.88139984130859,60.569621246416155,False,0.0,0.0
2022-10-11,91.13999938964844,91.3499984741211,87.91000366210938,89.3499984741211,333158,84.57999954223632,87.79059982299805,60.056472356912955,False,0.0,0.0
2022-10-12,88.66999816894531,90.06999969482422,86.27999877929688,87.2699966430664,332271,84.51949920654297,87.64759979248046,55.65867925623018,False,0.0,0.0
2022-10-13,87.08000183105469,89.66000366210938,85.55999755859375,89.11000061035156,298032,84.71999931335449,87.61659973144532,67.0055727836168,False,0.0,0.0
2022-10-14,89.2699966430664,89.7300033569336,85.19999694824219,85.61000061035156,237026,84.7449993133545,87.5579997253418,63.92365070661387,False,0.0,0.0
2022-10-17,85.58999633789062,87.12000274658203,84.61000061035156,85.45999908447266,172020,84.73149909973145,87.48699966430664,61.47756538893663,False,0.0,0.0
2022-10-18,85.69999694824219,86.51000213623047,82.08999633789062,82.81999969482422,97304,84.64999923706054,87.32819961547851,51.1429509995778,False,0.0,0.0
2022-10-19,83.69000244140625,86.19999694824219,82.58999633789062,85.55000305175781,71309,84.78049926757812,87.22919967651367,56.94086952982902,False,0.0,0.0
2022-10-20,85.94000244140625,88.16999816894531,85.22000122070312,85.9800033569336,338344,84.90499954223633,87.11019973754883,60.885613389236134,False,0.0,0.0
2022-10-21,85.06999969482422,85.9000015258789,83.1500015258789,85.05000305175781,272803,85.22049980163574,86.92439987182617,52.66918245343419,False,0.0,0.0
2022-10-24,85.23999786376953,85.91999816894531,82.62999725341797,84.58000183105469,250726,85.61399993896484,86.77419998168945,45.98843349194765,False,0.0,0.0
2022-10-25,84.87999725341797,86.02999877929688,83.05999755859375,85.31999969482422,240441,85.95499992370605,86.69239990234375,44.847969544292035,False,0.0,0.0
2022-10-26,85.06999969482422,88.41000366210938,84.13999938964844,87.91000366210938,287182,86.24300003051758,86.72,48.94450170960361,False,0.0,0.0
2022-10-27,88.26000213623047,89.79000091552734,87.33000183105469,89.08000183105469,292556,86.63549995422363,86.73940002441407,42.109938971642066,False,0.0,0.0
2022-10-28,88.66999816894531,88.76000213623047,87.08000183105469,87.9000015258789,263404,87.05600013732911,86.68740005493164,42.73505593513751,True,0.0,0.0
2022-10-31,88.38999938964844,88.6500015258789,85.30000305175781,86.52999877929688,285342,87.20100021362305,86.60260009765625,43.53804362458229,True,0.0,0.0
2022-11-01,86.43000030517578,89.44999694824219,85.91999816894531,88.37000274658203,274321,87.29350051879882,86.56540008544921,52.54866828635026,True,0.0,0.0
2022-11-02,88.62000274658203,90.36000061035156,87.72000122070312,90.0,280961,87.4055004119873,86.49060012817382,52.08235600729736,True,0.0,0.0
2022-11-03,89.3499984741211,89.66999816894531,87.5999984741211,88.16999816894531,239816,87.39150047302246,86.35620010375976,56.49745170634983,True,0.0,0.0
2022-11-04,87.9000015258789,92.87000274658205,87.81999969482422,92.61000061035156,354060,87.39000053405762,86.35800018310547,64.9020375465229,True,0.0,0.0
2022-11-07,91.0,93.73999786376952,90.4000015258789,91.79000091552734,322419,87.42300071716309,86.33260025024414,70.23003109570016,True,0.0,0.0
2022-11-08,91.87000274658205,92.16999816894533,88.5199966430664,88.91000366210938,344223,87.4010009765625,86.17060028076172,57.52688061778934,True,0.0,0.0
2022-11-09,88.56999969482422,89.23999786376953,85.5,85.83000183105469,388301,87.32900123596191,86.05440032958984,49.69963661851422,True,0.0,0.0
2022-11-10,85.8499984741211,87.3499984741211,84.69999694824219,86.47000122070312,340007,87.19700126647949,85.99280029296875,52.87681870425224,True,0.0,0.0
2022-11-11,86.2699966430664,90.0999984741211,86.18000030517578,88.95999908447266,301664,87.36450119018555,86.03980026245117,58.20224064134909,True,0.0,0.0
2022-11-14,89.0199966430664,89.83999633789062,85.1500015258789,85.87000274658203,315450,87.38500137329102,86.01980026245117,50.94664887087598,True,0.0,0.0
2022-11-15,85.25,88.68000030517578,84.05999755859375,86.91999816894531,331709,87.59000129699707,86.02060028076171,48.20064396429077,True,0.0,0.0
2022-11-16,86.88999938964844,87.51000213623047,84.19999694824219,85.58999633789062,225668,87.59200096130371,86.0936001586914,43.69352055635302,True,0.0,0.0
2022-11-17,85.22000122070312,85.44999694824219,81.4000015258789,81.63999938964844,138476,87.37500076293945,86.05560012817382,39.71747174253747,True,0.0,0.0
2022-11-18,82.08999633789062,82.63999938964844,77.23999786376953,80.08000183105469,96583,87.12650070190429,85.92140014648437,39.47110817304459,True,0.0,0.0
2022-11-21,80.30000305175781,80.30000305175781,75.08000183105469,79.7300033569336,475104,86.88400077819824,85.7604002380371,35.175010132386035,True,0.0,0.0
2022-11-22,80.22000122070312,82.36000061035156,79.8499984741211,80.94999694824219,269615,86.66550064086914,85.63320022583008,34.24989696459831,True,0.0,0.0
2022-11-23,81.08000183105469,81.94999694824219,76.83000183105469,77.94000244140625,379145,86.16700057983398,85.42240020751953,32.89868787560326,True,0.0,0.0
2022-11-25,77.51000213623047,79.9000015258789,76.22000122070312,76.27999877929688,266451,85.5270004272461,85.24600021362305,19.904133319085034,True,0.0,0.0
2022-11-28,75.93000030517578,77.83999633789062,73.5999984741211,77.23999786376953,405033,84.99400024414062,85.0886001586914,23.32230096269791,False,0.0,0.0
2022-11-29,76.54000091552734,79.6500015258789,76.29000091552734,78.19999694824219,381869,84.57750015258789,84.93800003051757,28.875706058256725,False,0.0,0.0
2022-11-30,79.0,81.37999725341797,78.4000015258789,80.55000305175781,287534,84.18650016784667,84.86000015258789,39.27700426713439,False,0.0,0.0
2022-12-01,80.4000015258789,83.33999633789062,79.93000030517578,81.22000122070312,321432,83.74750022888183,84.82560012817383,39.35090355013213,False,0.0,0.0
2022-12-02,81.47000122070312,82.22000122070312,79.6500015258789,79.9800033569336,280235,83.33800048828125,84.75540023803711,30.811957424027142,False,0.0,0.0
2022-12-05,79.98999786376953,82.72000122070312,76.7699966430664,76.93000030517578,346657,82.55400047302246,84.71920028686523,30.864708802550098,False,0.0,0.0
2022-12-06,77.3499984741211,77.87999725341797,73.41000366210938,74.25,380598,81.6770004272461,84.67000030517578,24.64985370118896,False,0.0,0.0
2022-12-07,74.55000305175781,75.37999725341797,71.75,72.01000213623047,392236,80.83200035095214,84.5402003479004,23.78378107691171,False,0.0,0.0
2022-12-08,72.37999725341797,75.44000244140625,71.12000274658203,71.45999908447266,474459,80.11350021362304,84.32640029907226,27.37776942876839,False,0.0,0.0
2022-12-09,71.8499984741211,72.91999816894531,70.08000183105469,71.0199966430664,356722,79.34099998474122,84.12220016479492,28.811958952567508,False,0.0,0.0
2022-12-12,71.79000091552734,73.98999786376953,70.25,73.16999816894531,323553,78.55149993896484,83.99580017089843,35.849859573721574,False,0.0,0.0
2022-12-13,73.29000091552734,76.37000274658203,73.20999908447266,75.38999938964844,352858,78.02749977111816,83.83100021362304,38.502903775634024,False,0.0,0.0
2022-12-14,75.2699966430664,77.75,74.9000015258789,77.27999877929688,292488,77.54549980163574,83.64620025634765,48.568943418774126,False,0.0,0.0
2022-12-15,77.37000274658203,77.7699966430664,75.33000183105469,76.11000061035156,224663,77.07150001525879,83.41320022583008,49.62339806429106,False,0.0,0.0
2022-12-16,76.37000274658203,76.56999969482422,73.33000183105469,74.29000091552734,99205,76.70400009155273,83.13000030517578,43.70466079977388,False,0.0,0.0
2022-12-19,74.5,76.41000366210938,73.80999755859375,75.19000244140625,69348,76.45950012207031,82.78100036621093,43.560134423538614,False,0.0,0.0
2022-12-20,75.69999694824219,76.75,74.30999755859375,76.08999633789062,254792,76.27749977111816,82.4802003479004,39.82662617147066,False,0.0,0.0
2022-12-21,75.98999786376953,78.61000061035156,75.80000305175781,78.29000091552734,234624,76.14449996948242,82.25900039672851,43.752665814039965,False,0.0,0.0
2022-12-22,78.43000030517578,79.9000015258789,77.02999877929688,77.48999786376953,219142,76.12199974060059,82.06340042114257,44.58929935596134,False,0.0,0.0
2022-12-23,78.18000030517578,80.33000183105469,77.9800033569336,79.55999755859375,237711,76.28599967956544,81.87240036010742,55.96912503025956,False,0.0,0.0
2022-12-27,79.9000015258789,81.18000030517578,79.16000366210938,79.52999877929688,199601,76.4004997253418,81.75080032348633,63.622284440133285,False,0.0,0.0
2022-12-28,79.88999938964844,79.91999816894531,77.30000305175781,78.95999908447266,207717,76.43849983215333,81.62080032348632,69.62166661066323,False,0.0,0.0
2022-12-29,78.81999969482422,78.81999969482422,76.79000091552734,78.4000015258789,199858,76.33099975585938,81.53240036010742,69.58239831636669,False,0.0,0.0
2022-12-30,78.7300033569336,80.66999816894531,77.70999908447266,80.26000213623047,205909,76.28299980163574,81.42660034179687,74.13794615417117,False,0.0,0.0
2023-01-03,80.56999969482422,81.5,76.5999984741211,76.93000030517578,338520,76.13049964904785,81.24560028076172,59.25197389936032,False,0.0,0.0
2023-01-04,77.25,77.41999816894531,72.7300033569336,72.83999633789062,352434,75.92599945068359,81.00140014648437,44.2541623001367,False,0.0,0.0
2023-01-05,73.25,74.91999816894531,72.45999908447266,73.66999816894531,300731,75.89699935913086,80.78320007324218,41.45764369110961,False,0.0,0.0
2023-01-06,73.97000122070312,75.47000122070312,73.23999786376953,73.7699966430664,258128,75.98499908447266,80.55220001220704,44.167489127354955,False,0.0,0.0
2023-01-09,73.47000122070312,76.73999786376953,73.47000122070312,74.62999725341797,329290,76.14349899291992,80.28659988403321,50.890042484928955,False,0.0,0.0
2023-01-10,74.86000061035156,75.91999816894531,73.83999633789062,75.12000274658203,307430,76.3484992980957,80.00739990234375,49.8127349997163,False,0.0,0.0
2023-01-11,74.77999877929688,77.83999633789062,74.30999755859375,77.41000366210938,350891,76.56049957275391,79.79759994506836,53.28686802982452,False,0.0,0.0
2023-01-12,77.69999694824219,79.16000366210938,77.0999984741211,78.38999938964844,307705,76.7104995727539,79.63479995727539,50.26510718566483,False,0.0,0.0
2023-01-13,78.31999969482422,80.11000061035156,77.97000122070312,79.86000061035156,283539,76.83949966430664,79.46459991455077,56.06759336629638,False,0.0,0.0
2023-01-17,80.0999984741211,81.2300033569336,78.52999877929688,80.18000030517578,312275,77.04299964904786,79.2681999206543,51.74353915384123,False,0.0,0.0
2023-01-18,80.97000122070312,82.37999725341797,78.94000244140625,79.4800033569336,92549,77.30249977111816,79.09440002441406,49.86451108412222,False,0.0,0.0
2023-01-19,79.13999938964844,81.18000030517578,78.12999725341797,80.33000183105469,58863,77.55949974060059,78.84880004882812,53.657241059903164,False,0.0,0.0
2023-01-20,80.5999984741211,81.63999938964844,79.69000244140625,81.30999755859375,300145,77.82049980163575,78.63919998168946,57.597900263303735,False,0.0,0.0
2023-01-23,81.79000091552734,82.63999938964844,81.05000305175781,81.62000274658203,297076,77.98699989318848,78.4933999633789,53.86363675771652,False,0.0,0.0
2023-01-24,81.62000274658203,82.22000122070312,79.66000366210938,80.12999725341797,288207,78.1189998626709,78.37939987182617,60.1522682911716,False,0.0,0.0
2023-01-25,80.26000213623047,81.2300033569336,79.44999694824219,80.1500015258789,297234,78.14850006103515,78.25299987792968,81.26603460439763,False,0.0,0.0
2023-01-26,80.4800033569336,82.13999938964844,79.91999816894531,81.01000213623047,291060,78.22250022888184,78.09399993896484,81.31398645327813,True,0.0,0.0
2023-01-27,81.22000122070312,82.4800033569336,79.04000091552734,79.68000030517578,367588,78.258500289917,77.97019989013671,72.81852544857261,True,0.0,0.0
2023-01-30,80.04000091552734,80.48999786376953,77.66000366210938,77.9000015258789,327426,78.23350028991699,77.78979995727539,61.7880383064627,True,0.0,0.0
2023-01-31,77.91000366210938,79.25,76.55000305175781,78.87000274658203,312734,78.16400032043457,77.65540008544922,63.06619653311953,True,0.0,0.0
2023-02-01,79.05999755859375,79.7300033569336,76.05000305175781,76.41000366210938,360859,78.13800048828125,77.55080017089844,46.55647484244675,True,0.0,0.0
2023-02-02,76.79000091552734,77.23999786376953,74.97000122070312,75.87999725341797,339755,78.29000053405761,77.4668000793457,41.080314610519004,True,0.0,0.0
2023-02-03,75.91999816894531,78.0,73.0999984741211,73.38999938964844,413414,78.27600059509277,77.34,28.56197399435152,True,0.0,0.0
2023-02-06,73.2300033569336,74.51000213623047,72.25,74.11000061035156,380028,78.29300079345703,77.20320007324219,30.406731592808384,True,0.0,0.0
2023-02-07,74.56999969482422,77.5999984741211,74.3499984741211,77.13999938964844,408279,78.41850090026855,77.18720001220703,43.43433781235216,True,1.0,1.0
2023-02-08,77.48999786376953,78.56999969482422,77.08000183105469,78.47000122070312,353468,78.58600082397462,77.23100006103516,44.918036204150724,True,1.0,0.0
2023-02-09,78.44999694824219,78.83999633789062,76.5199966430664,78.05999755859375,324156,78.61850051879883,77.24740005493165,40.83475693981265,True,1.0,0.0
2023-02-10,77.68000030517578,80.33000183105469,77.47000122070312,79.72000122070312,356062,78.68500061035157,77.27780014038086,45.020966812576646,True,1.0,0.0
2023-02-13,79.94000244140625,80.62000274658203,78.44999694824219,80.13999938964844,301299,78.69900054931641,77.26960006713867,50.02776825810628,True,1.0,0.0
2023-02-14,79.05999755859375,79.61000061035156,77.45999908447266,79.05999755859375,299938,78.6430004119873,77.22639999389648,47.142099862174916,True,1.0,0.0
2023-02-15,78.83000183105469,79.1500015258789,77.25,78.58999633789062,264486,78.59850006103515,77.19859985351563,43.52247381686282,True,1.0,0.0
2023-02-16,78.54000091552734,79.54000091552734,77.91999816894531,78.48999786376953,117600,78.50649986267089,77.2297998046875,46.590253269488386,True,1.0,0.0
2023-02-17,78.06999969482422,78.25,75.05999755859375,76.33999633789062,93267,78.25799980163575,77.2715997314453,45.62288473929713,True,1.0,0.0
2023-02-21,76.52999877929688,77.51000213623047,75.69000244140625,76.16000366210938,402351,77.98499984741211,77.35459976196289,42.043458412647496,True,1.0,0.0
2023-02-22,76.11000061035156,76.55000305175781,73.80000305175781,73.94999694824219,332018,77.67599983215332,77.40439971923828,42.669831180463675,True,1.0,0.0
2023-02-23,73.91999816894531,75.98999786376953,73.83000183105469,75.38999938964844,333838,77.4379997253418,77.49179977416992,48.61504357033034,False,1.0,0.0
2023-02-24,75.5999984741211,76.62999725341797,74.08999633789062,76.31999969482422,329254,77.20349960327148,77.5547998046875,59.082448953335856,False,0.0,-1.0
2023-02-27,76.41999816894531,76.81999969482422,74.98999786376953,75.68000030517578,266091,77.00349960327148,77.56059982299804,54.890961526486336,False,0.0,0.0
2023-02-28,75.76000213623047,77.83000183105469,75.55000305175781,77.05000305175781,300093,76.96099967956543,77.55599990844726,49.68729587811644,False,0.0,0.0
2023-03-01,76.8499984741211,77.8499984741211,76.12000274658203,77.69000244140625,342121,76.90199966430664,77.58759994506836,47.1532916631397,False,0.0,0.0
2023-03-02,77.73999786376953,78.58999633789062,77.2300033569336,78.16000366210938,260331,76.98949966430663,77.665,50.363394013590955,False,0.0,0.0
2023-03-03,77.88999938964844,79.9000015258789,75.83000183105469,79.68000030517578,374201,77.17949981689453,77.7547999572754,49.85315379052555,False,0.0,0.0
2023-03-06,79.91999816894531,80.62999725341797,78.31999969482422,80.45999908447266,292351,77.53299980163574,77.84220001220703,51.144490765324136,False,0.0,0.0
2023-03-07,80.5,80.94000244140625,77.05999755859375,77.58000183105469,398241,77.7064998626709,77.82800003051757,45.31053281993661,False,0.0,0.0
2023-03-08,77.31999969482422,77.7300033569336,76.11000061035156,76.66000366210938,335930,77.68250007629395,77.81140014648437,44.05424157781373,False,0.0,0.0
2023-03-09,76.5,78.05999755859375,75.43000030517578,75.72000122070312,349960,77.54500007629395,77.73460021972656,41.886360009993744,False,0.0,0.0
2023-03-10,75.6500015258789,77.11000061035156,74.7699966430664,76.68000030517578,371834,77.47600021362305,77.67760025024414,51.07054164386575,False,0.0,0.0
2023-03-13,76.5999984741211,77.47000122070312,72.30000305175781,74.80000305175781,457423,77.23000030517578,77.59440032958985,46.13196681257123,False,0.0,0.0
2023-03-14,74.69999694824219,74.9000015258789,70.77999877929688,71.33000183105469,432858,76.7895004272461,77.45300033569336,43.04672073656878,False,0.0,0.0
2023-03-15,71.55999755859375,72.55999755859375,65.6500015258789,67.61000061035156,555164,76.21700057983398,77.20000030517578,31.58143802560471,False,0.0,0.0
2023-03-16,68.22000122070312,69.37999725341797,65.70999908447266,68.3499984741211,327120,75.7050006866455,77.02840026855469,30.960334424948314,False,0.0,0.0
2023-03-17,68.26000213623047,69.63999938964844,65.16999816894531,66.73999786376953,152255,75.11750068664551,76.90640029907226,29.589029833379556,False,0.0,0.0
2023-03-20,66.62000274658203,67.69999694824219,64.12000274658203,67.63999938964844,76873,74.6825008392334,76.78580032348633,28.044780965455175,False,0.0,0.0
2023-03-21,67.62000274658203,69.5999984741211,66.7699966430664,69.33000183105469,409495,74.34100074768067,76.6970004272461,31.405689058672365,False,0.0,0.0
2023-03-22,69.4800033569336,71.30999755859375,68.88999938964844,70.9000015258789,337639,74.1885009765625,76.62240051269531,34.605589649128646,False,0.0,0.0
2023-03-23,69.94999694824219,71.66999816894531,69.13999938964844,69.95999908447266,335241,73.91700096130371,76.51920043945313,28.86956256368886,False,0.0,0.0
2023-03-24,69.51000213623047,70.37999725341797,66.81999969482422,69.26000213623047,380852,73.56400108337402,76.35620040893555,25.567194932377333,False,0.0,0.0
2023-03-27,69.41999816894531,73.0999984741211,69.12999725341797,72.80999755859375,353598,73.42050094604492,76.24460037231445,39.88977318152593,False,0.0,0.0
2023-03-28,72.86000061035156,73.93000030517578,72.19000244140625,73.19999694824219,328472,73.22800064086914,76.11140029907227,42.49781639162023,False,0.0,0.0
2023-03-29,73.61000061035156,74.37000274658203,72.76000213623047,72.97000122070312,312669,72.99200057983398,75.96720031738282,43.847872200250016,False,0.0,0.0
2023-03-30,72.9800033569336,74.62999725341797,72.61000061035156,74.37000274658203,269743,72.80250053405761,75.86500030517578,44.93199157719952,False,0.0,0.0
2023-03-31,74.37000274658203,75.72000122070312,73.7699966430664,75.66999816894531,304361,72.6020004272461,75.7718002319336,51.95856697862121,False,0.0,0.0
2023-04-03,80.0999984741211,81.69000244140625,79.0,80.41999816894531,547126,72.60000038146973,75.75400024414063,69.34865925271528,False,0.0,0.0
2023-04-04,80.44000244140625,81.80999755859375,79.61000061035156,80.70999908447266,343570,72.75650024414062,75.73580017089844,82.65205645754787,False,0.0,0.0
2023-04-05,81.01000213623047,81.23999786376953,79.72000122070312,80.61000061035156,254974,72.95400009155273,75.7454002380371,81.56541737562057,False,0.0,0.0
2023-04-06,80.37000274658203,80.95999908447266,79.6500015258789,80.69999694824219,0,73.20299987792968,75.75640014648438,88.99444076708293,False,0.0,0.0
2023-04-10,80.5,81.22000122070312,79.61000061035156,79.73999786376953,264906,73.35599975585937,75.73100006103516,83.6859949083516,False,0.0,0.0
2023-04-11,79.87999725341797,81.58999633789062,79.37000274658203,81.52999877929688,309683,73.69249954223633,75.76800003051758,83.77632587262869,False,0.0,0.0
2023-04-12,81.44000244140625,83.52999877929688,81.27999877929688,83.26000213623047,356133,74.28899955749512,75.87520004272461,83.91879839037239,False,0.0,0.0
2023-04-13,83.22000122070312,83.44000244140625,82.11000061035156,82.16000366210938,261230,75.01649971008301,75.94100006103515,83.18829306035737,False,0.0,0.0
2023-04-14,82.4000015258789,83.12000274658203,81.76000213623047,82.5199966430664,275129,75.72499961853028,76.0631999206543,86.75169250965095,False,0.0,0.0
2023-04-17,82.4800033569336,82.70999908447266,80.47000122070312,80.83000183105469,217048,76.42949981689453,76.16220001220704,74.78373135440332,True,0.0,0.0
2023-04-18,81.0,81.4800033569336,79.87000274658203,80.86000061035156,96290,77.09049987792969,76.31160003662109,74.20990800344914,True,0.0,0.0
2023-04-19,80.91999816894531,81.18000030517578,78.45999908447266,79.16000366210938,78310,77.58199996948242,76.41260009765625,67.90055034083007,True,0.0,0.0
2023-04-20,78.87000274658203,78.88999938964844,76.97000122070312,77.29000091552734,361413,77.90149993896485,76.41560012817382,58.22072517136087,True,0.0,0.0
2023-04-21,77.12999725341797,78.38999938964844,76.72000122070312,77.87000274658203,291114,78.29700012207032,76.4036001586914,56.455417926853556,True,0.0,0.0
2023-04-24,77.97000122070312,79.18000030517578,76.72000122070312,78.76000213623047,306720,78.77200012207031,76.41760025024413,43.70258757171378,True,0.0,0.0
2023-04-25,78.73999786376953,79.06999969482422,76.5,77.06999969482422,361646,78.98500022888183,76.36460021972657,37.51713737318343,True,0.0,0.0
2023-04-26,77.08000183105469,77.93000030517578,74.05000305175781,74.30000305175781,497778,79.04000053405761,76.24780029296875,31.710135825456987,True,0.0,0.0
2023-04-27,74.37999725341797,75.27999877929688,74.02999877929688,74.76000213623047,345880,79.12950057983399,76.16180038452148,33.144157122339294,True,0.0,0.0
2023-04-28,74.91000366210938,76.91999816894531,73.93000030517578,76.77999877929688,328399,79.25000038146973,76.1256004333496,42.077083902577286,True,0.0,0.0
2023-05-01,76.66000366210938,76.69000244140625,74.52999877929688,75.66000366210938,215017,79.24950065612794,76.0690005493164,33.70349283488463,True,0.0,0.0
2023-05-02,75.76000213623047,76.11000061035156,71.41999816894531,71.66000366210938,417820,78.81150093078614,75.97540069580079,21.40036424006739,True,0.0,0.0
2023-05-03,71.55999755859375,71.79000091552734,67.94999694824219,68.5999984741211,490523,78.20600090026855,75.82420059204101,19.514352981212255,True,0.0,0.0
2023-05-04,68.16000366210938,69.83999633789062,63.63999938964844,68.55999755859375,412495,77.60350074768067,75.71640060424805,18.156922651758705,True,0.0,0.0
2023-05-05,68.69999694824219,71.80999755859375,68.4800033569336,71.33999633789062,330585,77.13550071716308,75.6354005432129,29.37851421401966,True,0.0,0.0
2023-05-08,71.3499984741211,73.69000244140625,71.04000091552734,73.16000366210938,290076,76.80650100708007,75.5722006225586,34.47581451467519,True,0.0,0.0
2023-05-09,72.83999633789062,73.77999877929688,71.33999633789062,73.70999908447266,317493,76.41550102233887,75.53280059814453,38.47779233402359,True,1.0,1.0
2023-05-10,73.58000183105469,73.88999938964844,71.80000305175781,72.55999755859375,351506,75.88050079345703,75.44300048828126,39.68599368952923,True,1.0,0.0
2023-05-11,72.7699966430664,73.5,70.62999725341797,70.87000274658203,365892,75.31600074768066,75.30660049438477,35.440927714322896,True,1.0,0.0
2023-05-12,71.41999816894531,71.77999877929688,69.93000030517578,70.04000091552734,275435,74.6920009613037,75.14420043945313,31.818176033515897,False,1.0,0.0
2023-05-15,70.04000091552734,71.69000244140625,69.41000366210938,71.11000061035156,259013,74.20600090026855,74.97280044555664,37.243148811450375,False,0.0,-1.0
2023-05-16,71.31999969482422,71.79000091552734,70.44999694824219,70.86000061035156,232328,73.70600090026855,74.78080047607422,41.74663376703252,False,0.0,0.0
2023-05-17,70.5999984741211,73.26000213623047,70.04000091552734,72.83000183105469,273708,73.38950080871582,74.68580047607422,45.68232564442786,False,0.0,0.0
2023-05-18,72.75,72.87000274658203,71.41999816894531,71.86000061035156,80864,73.11800079345703,74.58980041503906,38.45071017832722,False,0.0,0.0
2023-05-19,71.94000244140625,73.4000015258789,71.02999877929688,71.55000305175781,69949,72.80200080871582,74.50640045166016,39.97071862249438,False,0.0,0.0
2023-05-22,71.69999694824219,72.36000061035156,70.55000305175781,71.98999786376953,263977,72.46350059509277,74.41260040283203,50.97458415744762,False,0.0,0.0
2023-05-23,72.0999984741211,73.79000091552734,71.70999908447266,72.91000366210938,317586,72.25550079345703,74.37480041503906,64.57067248543373,False,0.0,0.0
2023-05-24,73.7699966430664,74.7300033569336,73.12999725341797,74.33999633789062,386611,72.25750045776367,74.43500030517578,67.86156179152222,False,0.0,0.0
2023-05-25,74.20999908447266,74.37000274658203,70.9800033569336,71.83000183105469,422637,72.11100044250489,74.51940032958984,51.53993039071543,False,0.0,0.0
2023-05-26,71.88999938964844,73.05000305175781,71.48999786376953,72.66999816894531,261498,71.9055004119873,74.60580032348633,48.35898782872111,False,0.0,0.0
2023-05-30,73.2300033569336,73.55000305175781,69.0199966430664,69.45999908447266,440862,71.59550018310547,74.66020034790039,37.91925931901834,False,0.0,0.0
2023-05-31,69.62000274658203,69.69000244140625,67.02999877929688,68.08999633789062,444787,71.41699981689453,74.66920028686523,37.450854398793695,False,0.0,0.0
2023-06-01,67.5999984741211,71.06999969482422,67.51000213623047,70.0999984741211,395393,71.49199981689453,74.68460021972656,47.87643487826207,False,0.0,0.0
2023-06-02,70.20999908447266,72.16999816894531,70.0,71.73999786376953,322596,71.65099983215332,74.70140014648437,54.48785136930404,False,0.0,0.0
2023-06-05,75.02999877929688,75.05999755859375,71.7300033569336,72.1500015258789,383943,71.69150009155274,74.7452001953125,52.84464283105766,False,0.0,0.0
2023-06-06,71.98999786376953,72.33000183105469,70.12999725341797,71.73999786376953,314962,71.62049980163575,74.79480010986327,52.38611036062966,False,0.0,0.0
2023-06-07,71.55999755859375,73.19000244140625,71.01000213623047,72.52999877929688,299127,71.56149978637696,74.78920013427734,49.1309294691867,False,0.0,0.0
2023-06-08,72.47000122070312,73.27999877929688,69.02999877929688,71.29000091552734,485396,71.49799995422363,74.75100021362304,48.37421568000222,False,0.0,0.0
2023-06-09,70.94000244140625,71.7699966430664,70.0999984741211,70.16999816894531,300724,71.4629997253418,74.6950001525879,46.23771767074622,False,0.0,0.0
2023-06-12,70.2699966430664,70.33000183105469,66.80000305175781,67.12000274658203,404769,71.31699981689454,74.55000015258788,38.37709826588753,False,0.0,0.0
2023-06-13,67.30999755859375,69.83000183105469,67.1500015258789,69.41999816894531,366354,71.23249969482421,74.42500015258788,42.185383806950576,False,0.0,0.0
2023-06-14,69.3499984741211,70.48999786376953,68.06999969482422,68.2699966430664,304449,71.10299949645996,74.1820001220703,36.23582549892963,False,0.0,0.0
2023-06-15,68.69999694824219,70.95999908447266,67.97000122070312,70.62000274658203,115613,70.99249954223633,73.9802001953125,47.23618388194204,False,0.0,0.0
2023-06-16,70.55000305175781,71.88999938964844,69.94999694824219,71.77999877929688,99185,70.98849945068359,73.80360015869141,47.99639999862596,False,0.0,0.0
2023-06-20,71.44999694824219,72.08999633789062,69.6500015258789,70.5,430492,70.93599929809571,73.59960021972657,52.564104011036285,False,0.0,0.0
2023-06-21,70.9000015258789,72.72000122070312,70.80000305175781,72.52999877929688,264656,70.96299934387207,73.45540023803711,60.60172379117468,False,0.0,0.0
2023-06-22,72.43000030517578,72.6500015258789,68.93000030517578,69.51000213623047,421348,70.79299926757812,73.21500030517578,48.65604460155091,False,0.0,0.0
2023-06-23,69.52999877929688,69.6500015258789,67.3499984741211,69.16000366210938,322475,70.53399963378907,72.93300033569336,43.75606317258056,False,0.0,0.0
2023-06-26,69.83999633789062,70.11000061035156,68.70999908447266,69.37000274658203,280116,70.41099967956544,72.67720031738281,43.206256255285766,False,0.0,0.0
2023-06-27,69.48999786376953,70.1500015258789,67.5,67.69999694824219,384752,70.16249961853028,72.38080032348633,40.69981098626111,False,0.0,0.0
2023-06-28,68.01000213623047,69.7300033569336,67.05000305175781,69.55999755859375,368295,70.16749954223633,72.1554002380371,43.48397960584239,False,0.0,0.0
2023-06-29,69.25,70.5999984741211,68.93000030517578,69.86000061035156,292865,70.25599975585938,71.9354002380371,46.72768786032306,False,0.0,0.0
2023-06-30,69.81999969482422,71.04000091552734,69.52999877929688,70.63999938964844,299873,70.28299980163574,71.76500015258789,51.09251822578048,False,0.0,0.0
2023-07-03,70.44999694824219,71.7699966430664,69.69000244140625,69.79000091552734,303479,70.18549995422363,71.6150001525879,56.91351244567364,False,0.0,0.0
2023-07-05,70.1500015258789,72.16999816894531,69.9000015258789,71.79000091552734,456809,70.16749992370606,71.4934001159668,56.23356780708911,False,0.0,0.0
2023-07-06,71.80000305175781,72.33999633789062,70.22000122070312,71.80000305175781,395381,70.17050018310547,71.35420013427735,59.876905053544505,False,0.0,0.0
2023-07-07,71.88999938964844,73.91999816894531,71.19000244140625,73.86000061035156,362632,70.2370002746582,71.2900001525879,59.21501402845618,False,0.0,0.0
2023-07-10,73.86000061035156,74.1500015258789,72.66999816894531,72.98999786376953,301014,70.3220001220703,71.26380004882813,53.49912961365437,False,0.0,0.0
2023-07-11,73.19000244140625,74.95999908447266,72.9800033569336,74.83000183105469,326883,70.55500030517578,71.26520004272462,62.12885252235818,False,0.0,0.0
2023-07-12,74.83000183105469,76.1500015258789,74.66999816894531,75.75,352887,70.98650016784669,71.24460006713868,59.61768268838993,False,0.0,0.0
2023-07-13,75.8499984741211,77.33000183105469,75.31999969482422,76.88999938964844,379728,71.36000022888183,71.26919998168945,74.83174011195591,True,0.0,0.0
2023-07-14,77.16000366210938,77.30000305175781,75.11000061035156,75.41999816894531,299576,71.71750030517578,71.34439987182617,69.58695307591385,True,0.0,0.0
2023-07-17,75.0199966430664,76.08999633789062,73.83999633789062,74.1500015258789,244785,71.89400024414063,71.45539993286133,64.02581098094981,True,0.0,0.0
2023-07-18,74.18000030517578,75.95999908447266,73.87999725341797,75.75,125092,72.09250030517578,71.59919998168945,73.7183337439509,True,0.0,0.0
2023-07-19,75.83999633789062,76.97000122070312,75.06999969482422,75.3499984741211,92920,72.33500022888184,71.67940002441406,68.66537755659697,True,0.0,0.0
2023-07-20,75.3499984741211,76.1500015258789,74.72000122070312,75.62999725341797,340962,72.4900001525879,71.72879989624023,68.62491103553407,True,0.0,0.0
2023-07-21,75.69999694824219,77.29000091552734,75.69000244140625,77.06999969482422,308106,72.86800003051758,71.79599990844727,69.90711980699288,True,0.0,0.0
2023-07-24,77.01000213623047,79.27999877929688,76.44000244140625,78.73999786376953,368285,73.34699974060058,71.91959991455079,76.37005393176796,True,0.0,0.0
2023-07-25,78.8499984741211,79.9000015258789,78.29000091552734,79.62999725341797,349600,73.85999946594238,72.0947998046875,74.71625484293358,True,0.0,0.0
2023-07-26,79.33999633789062,79.7699966430664,78.55000305175781,78.77999877929688,322031,74.41399955749512,72.2695997619629,70.89819461995101,True,0.0,0.0
2023-07-27,78.9000015258789,80.5999984741211,78.87000274658203,80.08999633789062,374358,74.94049949645996,72.44919967651367,69.52977090765418,True,0.0,0.0
2023-07-28,79.83999633789062,80.70999908447266,79.06999969482422,80.58000183105469,299547,75.47649955749512,72.64359970092774,74.37380897896944,True,0.0,0.0
2023-07-31,80.6500015258789,82.0,80.12999725341797,81.80000305175781,297270,76.03449974060058,72.8229997253418,73.31104563042287,True,0.0,0.0
2023-08-01,81.7300033569336,82.22000122070312,80.58999633789062,81.37000274658203,307859,76.61349983215332,73.0131997680664,69.43292912313136,True,0.0,0.0
2023-08-02,82.05000305175781,82.43000030517578,79.05000305175781,79.48999786376953,414825,76.99849967956543,73.17199966430664,58.55262398389796,True,0.0,0.0
2023-08-03,79.7699966430664,81.86000061035156,78.69000244140625,81.55000305175781,402641,77.48599967956542,73.36319976806641,69.41102458992631,True,0.0,0.0
2023-08-04,81.7300033569336,83.23999786376953,81.51000213623047,82.81999969482422,320873,77.93399963378906,73.5613996887207,77.45406420864039,True,0.0,0.0
2023-08-07,82.81999969482422,83.30000305175781,81.5199966430664,81.94000244140625,293036,78.38149986267089,73.71339981079102,70.53748982410382,True,0.0,0.0
2023-08-08,82.52999877929688,83.08000183105469,79.9000015258789,82.91999816894531,424545,78.78599967956544,73.93519973754883,74.1853001813017,True,0.0,0.0
2023-08-09,82.87999725341797,84.6500015258789,82.66999816894531,84.4000015258789,478140,79.21849975585937,74.1697998046875,76.02374212384156,True,0.0,0.0
2023-08-10,84.25,84.88999938964844,82.58000183105469,82.81999969482422,362188,79.51499977111817,74.43699981689453,66.9217131869484,True,0.0,0.0
2023-08-11,82.83000183105469,83.80999755859375,82.2300033569336,83.19000244140625,331254,79.90349998474122,74.73899993896484,64.181012496347,True,0.0,0.0
2023-08-14,83.08999633789062,83.19999694824219,81.76000213623047,82.51000213623047,277352,80.32150001525879,74.98720001220703,59.30233475078314,True,0.0,0.0
2023-08-15,82.5199966430664,82.91000366210938,80.4000015258789,80.98999786376953,303207,80.58349990844727,75.17220001220703,56.84209531772971,True,0.0,0.0
2023-08-16,81.2300033569336,81.43000030517578,79.05000305175781,79.37999725341797,325403,80.78499984741211,75.31679992675781,47.84195067382082,True,0.0,0.0
2023-08-17,79.25,81.08000183105469,78.94999694824219,80.38999938964844,235581,81.02299995422364,75.4897999572754,49.44018191839748,True,0.0,0.0
2023-08-18,80.04000091552734,81.61000061035156,79.58999633789062,81.25,128090,81.23199996948242,75.66419998168945,48.34436325620962,True,0.0,0.0
2023-08-21,81.43000030517578,82.47000122070312,80.61000061035156,80.72000122070312,115874,81.3310001373291,75.85279998779296,48.05505395589018,True,0.0,0.0
2023-08-22,80.80000305175781,80.98999786376953,80.0999984741211,80.3499984741211,287489,81.36700019836425,76.05639999389649,52.82894710424555,True,0.0,0.0
2023-08-23,79.63999938964844,79.91000366210938,77.62000274658203,78.88999938964844,378146,81.37250022888183,76.29179992675782,40.89040222569203,True,0.0,0.0
2023-08-24,78.56999969482422,79.27999877929688,77.58999633789062,79.05000305175781,349230,81.3205005645752,76.48440002441406,36.02671246938206,True,0.0,0.0
2023-08-25,78.87999725341797,80.44999694824219,78.13999938964844,79.83000183105469,411409,81.28300056457519,76.71560012817383,42.12099215067782,True,0.0,0.0
2023-08-28,80.1500015258789,80.87000274658203,79.61000061035156,80.0999984741211,246584,81.19800033569337,76.90520004272462,38.880141035322005,True,0.0,0.0
2023-08-29,79.9800033569336,81.41000366210938,79.33999633789062,81.16000366210938,284168,81.18750038146973,77.09280014038086,36.786324360821304,True,0.0,0.0
2023-08-30,81.29000091552734,82.05000305175781,80.87999725341797,81.62999725341797,299418,81.29450035095215,77.31540008544921,44.66367056369889,True,0.0,0.0
2023-08-31,81.69999694824219,83.69000244140625,81.4800033569336,83.62999725341797,368848,81.39850006103515,77.53740005493164,51.72141858908806,True,0.0,0.0
2023-09-01,83.62999725341797,86.05999755859375,83.45999908447266,85.55000305175781,420461,81.53500022888184,77.85820007324219,60.84164884027316,True,0.0,0.0
2023-09-05,86.05999755859375,88.06999969482422,85.0199966430664,86.69000244140625,452908,81.77250022888184,78.20880004882812,70.89443418056486,True,0.0,0.0
2023-09-06,86.72000122070312,88.08000183105469,85.93000030517578,87.54000091552734,307115,82.00350036621094,78.57220001220703,81.67702084103381,True,0.0,0.0
2023-09-07,87.54000091552734,87.73999786376953,86.38999938964844,86.87000274658203,270736,82.12700042724609,78.95560012817383,75.83733207271895,True,0.0,0.0
2023-09-08,86.77999877929688,87.94999694824219,86.1500015258789,87.51000213623047,294437,82.3615005493164,79.31460021972656,75.40585345493301,True,0.0,0.0
2023-09-11,87.4000015258789,88.1500015258789,86.70999908447266,87.29000091552734,292388,82.56650047302246,79.66320022583008,77.35220035891817,True,0.0,0.0
2023-09-12,87.2699966430664,89.37000274658203,87.22000122070312,88.83999633789062,341137,82.88300018310547,80.02720016479492,82.18347688824697,True,0.0,0.0
2023-09-13,88.75,89.63999938964844,88.29000091552734,88.5199966430664,345972,83.2595001220703,80.4018000793457,89.95851000717353,True,0.0,0.0
2023-09-14,88.80999755859375,90.79000091552734,88.68000030517578,90.16000366210938,325270,83.79850044250489,80.76920013427734,91.0569165288902,True,0.0,0.0
2023-09-15,90.66999816894533,91.2300033569336,89.22000122070312,90.7699966430664,315003,84.31750030517578,81.14860000610352,90.94311586692181,True,0.0,0.0
2023-09-18,91.1999969482422,92.43000030517578,90.75,91.4800033569336,119258,84.82900047302246,81.50100006103516,91.23189263122279,True,0.0,0.0
2023-09-19,92.22000122070312,93.73999786376952,91.06999969482422,91.1999969482422,94597,85.35300025939941,81.86520004272461,88.55602915341885,True,0.0,0.0
2023-09-20,91.5500030517578,91.9800033569336,89.87000274658203,90.27999877929688,457854,85.8495002746582,82.17419998168945,82.10837358067585,True,0.0,0.0
2023-09-21,89.30000305175781,90.9800033569336,88.37000274658203,89.62999725341797,351032,86.38650016784668,82.45179992675781,74.75245405685783,True,0.0,0.0
2023-09-22,89.62000274658203,91.33000183105467,89.30999755859375,90.02999877929688,402087,86.93549995422363,82.71459991455077,71.13204315067901,True,0.0,0.0
2023-09-25,90.5500030517578,90.83000183105467,89.02999877929688,89.68000030517578,328369,87.4279998779297,82.99979995727539,65.23953253067893,True,0.0,0.0
2023-09-26,89.87999725341797,90.73999786376952,88.19000244140625,90.38999938964844,318016,87.94249992370605,83.32459991455079,64.73628110238766,True,0.0,0.0
2023-09-27,90.52999877929688,94.16999816894533,90.4000015258789,93.68000030517578,504630,88.56849975585938,83.6831999206543,77.70542239129517,True,0.0,0.0
2023-09-28,93.77999877929688,95.02999877929688,91.38999938964844,91.70999908447266,406709,89.0724998474121,84.01039993286133,65.4184792533282,True,0.0,0.0
2023-09-29,91.76000213623048,93.0999984741211,90.3499984741211,90.79000091552734,355782,89.43050003051758,84.31360000610351,62.22066414058538,True,0.0,0.0
2023-10-02,90.81999969482422,91.87999725341795,88.45999908447266,88.81999969482422,334493,89.5939998626709,84.54860000610351,49.932168842387924,True,0.0,0.0
2023-10-03,88.66999816894531,90.2699966430664,87.76000213623047,89.2300033569336,350659,89.72099990844727,84.7584001159668,52.3938162362383,True,0.0,0.0
2023-10-04,89.41999816894531,89.58999633789062,84.16000366210938,84.22000122070312,459995,89.55499992370605,84.8502001953125,33.68132291935652,True,0.0,0.0
2023-10-05,84.44999694824219,84.91999816894531,82.1500015258789,82.30999755859375,465997,89.32699966430664,84.92080017089843,28.307720116577016,True,0.0,0.0
2023-10-06,82.27999877929688,83.27999877929688,81.5,82.79000091552734,461139,89.09099960327148,84.97480026245117,27.45201444317749,True,0.0,0.0
2023-10-09,85.25,87.23999786376953,84.66999816894531,86.37999725341797,435037,89.04549942016601,85.09080017089843,39.32684305720317,True,0.0,0.0
2023-10-10,86.43000030517578,86.73999786376953,85.12000274658203,85.97000122070312,337654,88.90199966430664,85.17420013427734,40.23562272708417,True,1.0,1.0
2023-10-11,85.95999908447266,86.51000213623047,83.11000061035156,83.48999786376953,425395,88.6504997253418,85.21660003662109,37.15481791291768,True,1.0,0.0
2023-10-12,83.19999694824219,85.19999694824219,82.30999755859375,82.91000366210938,373492,88.28799972534179,85.28500015258788,35.21595810676969,True,1.0,0.0
2023-10-13,83.51000213623047,87.83000183105469,83.3499984741211,87.69000244140625,356863,88.13400001525879,85.40780014038086,46.510000500419736,True,1.0,0.0
2023-10-16,87.72000122070312,88.33000183105469,86.31999969482422,86.66000366210938,235780,87.89300003051758,85.48460021972656,43.531051871940505,True,1.0,0.0
2023-10-17,87.05999755859375,87.75,85.5999984741211,86.66000366210938,197124,87.66600036621094,85.57900024414063,36.256859061429175,True,1.0,0.0
2023-10-18,87.80999755859375,89.87999725341797,87.19999694824219,88.31999969482422,92797,87.5680004119873,85.6870002746582,43.2818074440889,True,1.0,0.0
2023-10-19,88.23999786376953,90.68000030517578,86.5999984741211,89.37000274658203,72058,87.55500068664551,85.78640029907227,47.20031913491814,True,1.0,0.0
2023-10-20,90.27999877929688,90.77999877929688,88.33000183105469,88.75,311917,87.49100074768066,85.90500030517578,49.854228053735596,True,1.0,0.0
2023-10-23,88.0,88.29000091552734,85.3499984741211,85.48999786376953,315517,87.28150062561035,85.95100021362305,43.03796461619829,True,1.0,0.0
2023-10-24,86.1500015258789,86.30000305175781,82.94000244140625,83.73999786376953,370591,86.94900054931641,85.97560012817382,48.98304366955797,True,1.0,0.0
2023-10-25,83.69000244140625,85.55999755859375,82.08000183105469,85.38999938964844,429459,86.53450050354004,86.0636001586914,56.59811978216669,True,1.0,0.0
2023-10-26,85.37000274658203,85.58999633789062,82.55999755859375,83.20999908447266,341792,86.10950050354003,86.1402001953125,50.838654715570364,False,1.0,0.0
2023-10-27,83.52999877929688,85.9000015258789,83.0999984741211,85.54000091552734,333760,85.84700050354004,86.24320022583008,48.23381753362003,False,0.0,-1.0
2023-10-30,85.0,85.30000305175781,81.81999969482422,82.30999755859375,356928,85.52150039672851,86.26440017700196,43.120295446801336,False,0.0,0.0
2023-10-31,82.58999633789062,83.37000274658203,80.73999786376953,81.0199966430664,346007,85.11100006103516,86.27040008544923,45.13970707452845,False,0.0,0.0
2023-11-01,81.4800033569336,83.41999816894531,80.30000305175781,80.44000244140625,321592,84.92200012207032,86.27220016479492,45.13970707452845,False,0.0,0.0
2023-11-02,80.81999969482422,82.83000183105469,80.22000122070312,82.45999908447266,307122,84.92950019836425,86.3436001586914,38.45473950419381,False,0.0,0.0
2023-11-03,82.58000183105469,83.5999984741211,80.0999984741211,80.51000213623047,457281,84.81550025939941,86.37280014038086,36.953751367189454,False,0.0,0.0
2023-11-06,81.12999725341797,82.23999786376953,80.66000366210938,80.81999969482422,271131,84.53750038146973,86.39260009765626,37.77218459175227,False,0.0,0.0
2023-11-07,80.93000030517578,81.05000305175781,77.08999633789062,77.37000274658203,396289,84.10750045776368,86.33800018310546,28.671605513612533,False,0.0,0.0
2023-11-08,77.12000274658203,77.52999877929688,74.91000366210938,75.33000183105469,429647,83.69950065612792,86.22140014648437,23.668411468818917,False,0.0,0.0
2023-11-09,75.6500015258789,77.16000366210938,75.20999908447266,75.73999786376953,303430,83.34100036621093,86.1036001586914,25.406413251441577,False,0.0,0.0
2023-11-10,75.58999633789062,77.7300033569336,75.30999755859375,77.16999816894531,266998,82.81500015258788,85.97440017700195,33.103160188547164,False,0.0,0.0
2023-11-13,77.1500015258789,78.63999938964844,76.20999908447266,78.26000213623047,262903,82.39500007629394,85.8286001586914,38.564278627116074,False,0.0,0.0
2023-11-14,78.52999877929688,79.7699966430664,77.79000091552734,78.26000213623047,263002,81.975,85.66000015258788,34.020617499055305,False,0.0,0.0
2023-11-15,78.16999816894531,78.7699966430664,76.30999755859375,76.66000366210938,282301,81.39200019836426,85.44240020751953,34.92867231960756,False,0.0,0.0
2023-11-16,76.5999984741211,76.62999725341797,72.16000366210938,72.9000015258789,125165,80.5685001373291,85.16300018310547,22.71155932911367,False,0.0,0.0
2023-11-17,72.97000122070312,75.98999786376953,72.75,75.88999938964844,101484,79.92550010681153,84.93060012817382,35.994757949622,False,0.0,0.0
2023-11-20,75.6500015258789,78.22000122070312,75.6500015258789,77.5999984741211,270638,79.5310001373291,84.7368000793457,42.673519834153694,False,0.0,0.0
2023-11-21,77.6500015258789,77.91999816894531,76.91999816894531,77.7699966430664,238629,79.23250007629395,84.51540008544922,44.17791639868387,False,0.0,0.0
2023-11-22,77.7699966430664,77.97000122070312,73.79000091552734,77.0999984741211,389325,78.81800003051758,84.28700012207031,37.58108446360162,False,0.0,0.0
2023-11-24,76.79000091552734,77.08999633789062,75.06999969482422,75.54000091552734,281147,78.43450012207032,83.99460006713868,38.27276020067588,False,0.0,0.0
2023-11-27,75.30999755859375,76.2300033569336,74.05999755859375,74.86000061035156,289562,77.90050010681152,83.67640014648437,36.1781032735992,False,0.0,0.0
2023-11-28,75.06999969482422,77.0199966430664,74.63999938964844,76.41000366210938,286618,77.60550041198731,83.37500015258789,47.55849624060151,False,0.0,0.0
2023-11-29,76.55999755859375,78.08999633789062,75.66999816894531,77.86000061035156,322170,77.44750061035157,83.10820022583007,56.633455249001614,False,0.0,0.0
2023-11-30,77.75,79.5999984741211,75.05000305175781,75.95999908447266,559169,77.22350044250489,82.8218002319336,50.535022487420406,False,0.0,0.0
2023-12-01,75.58999633789062,76.76000213623047,73.93000030517578,74.06999969482422,358976,76.80400047302246,82.51060028076172,42.626072861092375,False,0.0,0.0
2023-12-04,74.58000183105469,75.02999877929688,72.62999725341797,73.04000091552734,388832,76.43050041198731,82.17080032348633,37.547701935158855,False,0.0,0.0
2023-12-05,73.30000305175781,74.12000274658203,72.0199966430664,72.31999969482422,358703,76.0055004119873,81.8236003112793,36.30072774876479,False,0.0,0.0
2023-12-06,72.0999984741211,72.5999984741211,69.11000061035156,69.37999725341797,436803,75.6060001373291,81.40340026855469,34.187646676125524,False,0.0,0.0
2023-12-07,69.27999877929688,70.4800033569336,68.80000305175781,69.33999633789062,339000,75.3064998626709,80.91660018920898,40.77718644465782,False,0.0,0.0
2023-12-08,69.76000213623047,71.62999725341797,69.5,71.2300033569336,302250,75.0810001373291,80.5070002746582,37.197816316923294,False,0.0,0.0
2023-12-11,71.1500015258789,71.80999755859375,70.3499984741211,71.31999969482422,274414,74.78850021362305,80.11760025024414,31.061525676268914,False,0.0,0.0
2023-12-12,71.43000030517578,71.95999908447266,68.22000122070312,68.61000061035156,324530,74.30600013732911,79.7134002685547,26.04603892028122,False,0.0,0.0
2023-12-13,68.7300033569336,69.88999938964844,67.70999908447266,69.47000122070312,306996,73.86650009155274,79.31820022583008,30.243409623307144,False,0.0,0.0
2023-12-14,69.8499984741211,72.45999908447266,69.54000091552734,71.58000183105469,275688,73.6125,79.06540023803711,40.03021792169386,False,0.0,0.0
2023-12-15,71.61000061035156,72.22000122070312,70.30000305175781,71.43000030517578,95513,73.53899993896485,78.84780029296876,41.1277842046745,False,0.0,0.0
2023-12-18,71.68000030517578,74.26000213623047,70.63999938964844,72.47000122070312,73941,73.36800003051758,78.64140029907226,39.53240991480377,False,0.0,0.0
2023-12-19,72.4800033569336,74.01000213623047,71.8499984741211,73.44000244140625,230042,73.16000022888184,78.38260040283203,37.94984903459516,False,0.0,0.0
2023-12-20,74.05999755859375,75.37000274658203,73.5999984741211,74.22000122070312,273364,72.98250045776368,78.14760040283203,44.94774399096879,False,0.0,0.0
2023-12-21,73.80999755859375,74.58000183105469,72.44000244140625,73.88999938964844,251982,72.82200050354004,77.95560043334962,49.4252867963338,False,0.0,0.0
2023-12-22,73.91000366210938,74.9800033569336,73.38999938964844,73.55999755859375,222600,72.72300033569336,77.7686003112793,51.73795502843426,False,0.0,0.0
2023-12-26,73.55999755859375,76.18000030517578,73.12999725341797,75.56999969482422,208715,72.758500289917,77.52620025634765,59.99999060998478,False,0.0,0.0
2023-12-27,75.31999969482422,75.66000366210938,73.7699966430664,74.11000061035156,253323,72.6435001373291,77.2752001953125,66.01218532647016,False,0.0,0.0
2023-12-28,73.80000305175781,74.4000015258789,71.72000122070312,71.7699966430664,262748,72.33899993896485,76.97740005493164,57.117745097995396,False,0.0,0.0
2023-12-29,71.98999786376953,72.62000274658203,71.25,71.6500015258789,214486,72.12350006103516,76.64400009155274,51.372542761999846,False,0.0,0.0
2024-01-02,71.70999908447266,73.63999938964844,70.05999755859375,70.37999725341797,330992,71.93899993896484,76.26419998168946,47.14805274648761,False,0.0,0.0
2024-01-03,70.5,73.2300033569336,69.27999877929688,72.69999694824219,334861,71.92199974060058,75.9431999206543,62.70973707295099,False,0.0,0.0
2024-01-04,73.04000091552734,74.0,71.05999755859375,72.19000244140625,344467,71.91549987792969,75.67720001220704,58.64040746963026,False,0.0,0.0
2024-01-05,72.4000015258789,74.23999786376953,72.20999908447266,73.80999755859375,325525,72.13699989318847,75.47860000610352,57.311461401767424,False,0.0,0.0
2024-01-08,73.51000213623047,73.94999694824219,70.12999725341797,70.7699966430664,392249,72.20849990844727,75.18619995117187,48.18080572128904,False,0.0,0.0
2024-01-09,70.91000366210938,72.93000030517578,70.47000122070312,72.23999786376953,363445,72.25899963378906,74.96679992675782,49.3807125451981,False,0.0,0.0
2024-01-10,72.16999816894531,73.58999633789062,71.01000213623047,71.37000274658203,352772,72.26149978637696,74.6833999633789,44.396317235869816,False,0.0,0.0
2024-01-11,71.33000183105469,73.80999755859375,71.16999816894531,72.0199966430664,373645,72.4319995880127,74.47759994506836,44.00216485243103,False,0.0,0.0
2024-01-12,73.01000213623047,75.25,72.36000061035156,72.68000030517578,403636,72.59249954223633,74.31080001831054,46.75950804069939,False,0.0,0.0
2024-01-16,72.62999725341797,73.55999755859375,71.2300033569336,72.4000015258789,430437,72.63349952697754,74.15,46.88507837753564,False,0.0,0.0
2024-01-17,72.0,72.94999694824219,70.5,72.55999755859375,315679,72.68999938964843,73.95199996948242,41.02562469433482,False,0.0,0.0
2024-01-18,72.77999877929688,74.37999725341797,72.18000030517578,74.08000183105469,86646,72.77049942016602,73.8233999633789,49.91087699574784,False,0.0,0.0
2024-01-19,74.08000183105469,74.91000366210938,73.19999694824219,73.41000366210938,78234,72.76899948120118,73.67520004272461,55.4090009858841,False,0.0,0.0
2024-01-22,73.41000366210938,75.75,72.88999938964844,75.19000244140625,372284,72.81749954223633,73.6316000366211,60.523199141442845,False,0.0,0.0
2024-01-23,74.68000030517578,75.25,73.41000366210938,74.37000274658203,306060,72.84149971008301,73.61240005493164,62.18695907899066,False,0.0,0.0
2024-01-24,74.56999969482422,75.83000183105469,73.94000244140625,75.08999633789062,323726,72.91799964904786,73.59940002441407,58.09073675184536,False,0.0,0.0
2024-01-25,75.30000305175781,77.51000213623047,75.16000366210938,77.36000061035156,320177,73.00749969482422,73.60320007324219,65.63824356670165,False,0.0,0.0
2024-01-26,77.1500015258789,78.26000213623047,76.05999755859375,78.01000213623047,365456,73.20249977111817,73.59820007324218,63.49616740353787,False,0.0,0.0
2024-01-29,78.9000015258789,79.29000091552734,76.41000366210938,76.77999877929688,331925,73.45299987792968,73.56860000610351,71.85456534899089,False,0.0,0.0
2024-01-30,77.0199966430664,78.13999938964844,75.8499984741211,77.81999969482422,347242,73.76149978637696,73.59179992675782,70.9459652965442,True,0.0,0.0
2024-01-31,77.83999633789062,78.11000061035156,75.5199966430664,75.8499984741211,344493,74.03499984741211,73.65079986572266,65.53396774067252,True,0.0,0.0
2024-02-01,75.95999908447266,76.94999694824219,73.69999694824219,73.81999969482422,577936,74.09099998474122,73.60939987182617,55.69621108888822,True,0.0,0.0
2024-02-02,73.91000366210938,74.5199966430664,71.79000091552734,72.27999877929688,467768,74.09549980163574,73.50299987792968,48.800954680573994,True,0.0,0.0
2024-02-05,72.75,73.27999877929688,71.41000366210938,72.77999877929688,350843,74.0439998626709,73.4031999206543,51.12425212754,True,0.0,0.0
2024-02-06,72.76000213623047,73.81999969482422,72.37999725341797,73.30999755859375,310955,74.17099990844727,73.32739990234376,52.17139494631152,True,0.0,0.0
2024-02-07,73.5,74.22000122070312,73.2300033569336,73.86000061035156,294955,74.25200004577637,73.29379989624023,49.32514975609345,True,0.0,0.0
2024-02-08,74.08000183105469,76.58999633789062,73.55999755859375,76.22000122070312,377906,74.49449996948242,73.32099990844726,57.80988521560349,True,0.0,0.0
2024-02-09,76.41999816894531,77.29000091552734,75.93000030517578,76.83999633789062,302612,74.73549995422363,73.3295997619629,54.9019421181518,True,0.0,0.0
2024-02-12,76.5999984741211,77.08999633789062,75.54000091552734,76.91999816894531,248476,74.9474998474121,73.31079971313477,57.924160328201395,True,0.0,0.0
2024-02-13,77.02999877929688,78.47000122070312,76.87000274658203,77.87000274658203,338174,75.22099990844727,73.34899978637695,58.51716869314482,True,0.0,0.0
2024-02-14,77.80999755859375,78.7699966430664,76.37999725341797,76.63999938964844,296131,75.425,73.40039978027343,47.6439772276763,True,0.0,0.0
2024-02-15,76.5999984741211,78.44000244140625,75.77999877929688,78.02999877929688,122432,75.62249984741212,73.50019973754883,50.06241144884571,True,0.0,0.0
2024-02-16,78.11000061035156,79.3499984741211,77.22000122070312,79.19000244140625,113713,75.91149978637695,73.63759979248047,57.55486463216302,True,0.0,0.0
2024-02-20,78.9800033569336,79.80000305175781,77.66999816894531,78.18000030517578,435235,76.06099967956543,73.81359985351563,51.13065422961392,True,0.0,0.0
2024-02-21,77.1500015258789,78.08000183105469,76.31999969482422,77.91000366210938,323243,76.2379997253418,73.985,57.24333300247607,True,0.0,0.0
2024-02-22,78.08999633789062,78.91999816894531,77.2300033569336,78.61000061035156,330511,76.41399993896485,74.13259994506836,68.58028823588252,True,0.0,0.0
2024-02-23,78.37000274658203,78.38999938964844,76.3499984741211,76.48999786376953,353437,76.37049980163575,74.23599990844727,65.62730630441321,True,0.0,0.0
2024-02-26,76.4000015258789,78.02999877929688,75.83999633789062,77.58000183105469,274710,76.34899978637695,74.41539993286133,67.06969657176779,True,0.0,0.0
2024-02-27,77.62000274658203,79.0,77.16999816894531,78.87000274658203,269236,76.45349998474121,74.6033999633789,68.75843312368822,True,0.0,0.0
2024-02-28,78.4800033569336,79.62000274658203,77.77999877929688,78.54000091552734,330043,76.48950004577637,74.74259994506836,66.027383229875,True,0.0,0.0
2024-02-29,78.19999694824219,79.27999877929688,77.94000244140625,78.26000213623047,317939,76.61000022888183,74.87919998168945,58.14696076776499,True,0.0,0.0
2024-03-01,78.27999877929688,80.8499984741211,78.05000305175781,79.97000122070312,363417,76.91750030517578,75.02919998168946,61.498902399921064,True,0.0,0.0
2024-03-04,80.13999938964844,80.41000366210938,78.55999755859375,78.73999786376953,347214,77.24050025939941,75.13519989013672,56.16530335336305,True,0.0,0.0
2024-03-05,78.73999786376953,79.48999786376953,77.5199966430664,78.1500015258789,436521,77.50900039672851,75.21379989624023,50.972217365550556,True,0.0,0.0
2024-03-06,78.1500015258789,80.66999816894531,77.98999786376953,79.12999725341797,371049,77.80000038146973,75.31859985351562,58.798578075117454,True,0.0,0.0
2024-03-07,79.12999725341797,79.52999877929688,78.0199966430664,78.93000030517578,432923,78.05350036621094,75.42599990844727,53.47222835438776,True,0.0,0.0
2024-03-08,79.51000213623047,79.98999786376953,77.55999755859375,78.01000213623047,347533,78.1430004119873,75.4747999572754,45.361631683595895,True,0.0,0.0
2024-03-11,77.80000305175781,78.47000122070312,76.79000091552734,77.93000030517578,329873,78.19750061035157,75.55119995117188,48.939778870383044,True,0.0,0.0
2024-03-12,78.08999633789062,78.7300033569336,77.33999633789062,77.55999755859375,309922,78.22950057983398,75.66699996948242,48.5281491947748,True,0.0,0.0
2024-03-13,78.05999755859375,79.9000015258789,77.56999969482422,79.72000122070312,316390,78.32200050354004,75.8283999633789,54.15730375606066,True,0.0,0.0
2024-03-14,79.62999725341797,81.62000274658203,79.56999969482422,81.26000213623047,297450,78.55300064086914,76.04600006103516,68.67659622772271,True,0.0,0.0
2024-03-15,81.13999938964844,81.44999694824219,80.48999786376953,81.04000091552734,185078,78.70350074768066,76.21280014038086,64.53780941518454,True,0.0,0.0
2024-03-18,81.02999877929688,83.08999633789062,81.01000213623047,82.72000122070312,84718,78.8800006866455,76.4234001159668,65.66313339023822,True,0.0,0.0
2024-03-19,82.8499984741211,83.8499984741211,82.38999938964844,83.47000122070312,76814,79.14450073242188,76.61660018920898,69.39418041028257,True,0.0,0.0
2024-03-20,83.19999694824219,83.20999908447266,81.44000244140625,81.68000030517578,351161,79.3330005645752,76.83480026245117,62.02530898508674,True,0.0,0.0
2024-03-21,81.48999786376953,81.91999816894531,80.30000305175781,81.06999969482422,266860,79.45600051879883,77.01140029907226,54.19206647806404,True,0.0,0.0
2024-03-22,80.83999633789062,81.44999694824219,80.41999816894531,80.62999725341797,231101,79.66300048828126,77.19660018920898,57.664229963406136,True,0.0,0.0
2024-03-25,80.8499984741211,82.4800033569336,80.58999633789062,81.94999694824219,300360,79.88150024414062,77.3952001953125,64.54821559281716,True,0.0,0.0
2024-03-26,81.94000244140625,82.36000061035156,81.22000122070312,81.62000274658203,235845,80.01900024414063,77.57400024414062,60.032251242465904,True,0.0,0.0
2024-03-27,81.29000091552734,81.73999786376953,80.55000305175781,81.3499984741211,249964,80.15950012207031,77.75300018310547,59.69549694946753,True,0.0,0.0
2024-03-28,81.70999908447266,83.20999908447266,81.5199966430664,83.16999816894531,293774,80.40499992370606,77.9652001953125,69.28247835346644,True,0.0,0.0
2024-04-01,83.13999938964844,84.48999786376953,82.5999984741211,83.70999908447266,321059,80.59199981689453,78.15780014038086,70.88148098330906,True,0.0,0.0
2024-04-02,84.04000091552734,85.5,83.8499984741211,85.1500015258789,344040,80.9125,78.39260009765626,75.45271032628301,True,0.0,0.0
2024-04-03,85.45999908447266,86.19999694824219,84.8499984741211,85.43000030517578,322549,81.27649993896485,78.59740005493164,71.91096038396387,True,0.0,0.0
2024-04-04,85.66000366210938,87.22000122070312,84.63999938964844,86.58999633789062,359534,81.64949989318848,78.84179992675782,71.0671682163684,True,0.0,0.0
2024-04-05,86.86000061035156,87.62999725341797,86.31999969482422,86.91000366210938,353206,82.04850006103516,79.07820007324219,73.0196048394866,True,0.0,0.0
2024-04-08,86.0999984741211,87.0999984741211,84.69000244140625,86.43000030517578,393734,82.46949996948243,79.25960006713868,66.06058724485314,True,0.0,0.0
2024-04-09,86.58999633789062,86.9800033569336,85.08999633789062,85.2300033569336,314994,82.83450012207031,79.40400009155273,57.33333757188315,True,0.0,0.0
2024-04-10,85.33999633789062,86.37999725341797,84.55000305175781,86.20999908447266,373939,83.26700019836426,79.59260009765624,70.24127699264196,True,0.0,0.0
2024-04-11,86.31999969482422,86.62999725341797,84.83999633789062,85.0199966430664,388128,83.53199996948243,79.7366000366211,66.7799299677582,True,0.0,0.0
2024-04-12,85.5999984741211,87.66999816894531,85.23999786376953,85.66000366210938,369958,83.75200004577637,79.93280014038086,71.01087171982488,True,0.0,0.0
2024-04-15,85.93000030517578,86.11000061035156,84.05000305175781,85.41000366210938,343894,83.97050018310547,80.16460021972657,65.87157709951663,True,0.0,0.0
2024-04-16,85.69999694824219,86.18000030517578,84.75,85.36000061035156,241343,84.1025001525879,80.42620025634766,67.60824634138106,True,0.0,0.0
2024-04-17,85.36000061035156,85.51000213623047,82.55000305175781,82.69000244140625,259540,84.06350021362304,80.62440032958985,55.14593987081607,True,0.0,0.0
2024-04-18,82.79000091552734,83.47000122070312,81.55999755859375,82.7300033569336,84468,84.11600036621094,80.81280044555665,48.04272998966232,True,0.0,0.0
2024-04-19,82.62000274658203,86.27999877929688,81.80000305175781,83.13999938964844,76901,84.21950035095215,80.99840042114258,47.43474675029924,True,0.0,0.0
2024-04-22,83.05000305175781,83.3499984741211,81.8499984741211,82.8499984741211,313914,84.3305004119873,81.13100036621094,38.453807724067346,True,0.0,0.0
2024-04-23,82.12999725341797,83.43000030517578,80.87999725341797,83.36000061035156,355814,84.40100059509277,81.26140045166015,39.842994852597094,True,0.0,0.0
2024-04-24,83.4000015258789,83.70999908447266,82.44000244140625,82.80999755859375,329077,84.46050033569335,81.37920043945313,30.271440312438273,True,0.0,0.0
2024-04-25,82.83000183105469,83.83000183105469,81.98999786376953,83.56999969482422,314116,84.57150039672851,81.49320037841797,33.33333333333333,True,0.0,0.0
2024-04-26,83.80999755859375,84.45999908447266,83.3499984741211,83.8499984741211,244090,84.60550041198731,81.63740036010742,36.86354426288606,True,0.0,0.0
2024-04-29,83.69000244140625,83.91000366210938,82.4000015258789,82.62999725341797,336984,84.55150032043457,81.72940032958985,36.78860244233378,True,0.0,0.0
2024-04-30,82.76000213623047,83.30000305175781,80.94999694824219,81.93000030517578,400680,84.39050025939942,81.78420028686523,27.61509915805435,True,0.0,0.0
2024-05-01,81.4800033569336,81.56999969482422,78.83000183105469,79.0,441978,84.06900024414062,81.80060028076171,23.362871890433894,True,0.0,0.0
2024-05-02,79.1500015258789,79.9000015258789,78.41000366210938,78.94999694824219,359652,83.6870002746582,81.82140014648438,18.674124614790628,True,0.0,0.0
2024-05-03,79.06999969482422,79.62999725341797,77.95999908447266,78.11000061035156,324438,83.24700012207032,81.81140014648437,17.699110264301055,True,0.0,0.0
2024-05-06,78.16000366210938,79.08999633789062,77.91000366210938,78.4800033569336,297369,82.8495002746582,81.85120025634765,20.39588800681787,True,0.0,0.0
2024-05-07,78.72000122070312,79.16999816894531,77.55000305175781,78.37999725341797,327593,82.50699996948242,81.86720016479492,26.18784474495513,True,0.0,0.0
2024-05-08,78.33999633789062,79.2699966430664,76.88999938964844,78.98999786376953,355449,82.14599990844727,81.86960006713868,30.56132297682474,True,0.0,0.0
2024-05-09,79.2300033569336,79.80000305175781,78.91000366210938,79.26000213623047,272712,81.85800018310547,81.88400009155274,29.535919650078668,False,1.0,1.0
2024-05-10,79.58999633789062,79.95999908447266,78.13999938964844,78.26000213623047,281169,81.48800010681153,81.88400009155274,27.477976619203275,False,0.0,-1.0
2024-05-13,78.18000030517578,79.48999786376953,77.77999877929688,79.12000274658203,287701,81.17350006103516,81.86700012207031,29.886189007463614,False,0.0,0.0
2024-05-14,79.2300033569336,79.37999725341797,77.68000030517578,78.0199966430664,307410,80.8064998626709,81.85260009765625,28.404000850307966,False,0.0,0.0
2024-05-15,78.44000244140625,78.91999816894531,76.69999694824219,78.62999725341797,321267,80.60349960327149,81.86220001220703,27.422328844504264,False,0.0,0.0
2024-05-16,78.83999633789062,79.8499984741211,78.19999694824219,79.2300033569336,230277,80.42849960327149,81.86420013427734,29.4849695841244,False,0.0,0.0
2024-05-17,79.37999725341797,80.13999938964844,79.0,80.05999755859375,94152,80.27449951171874,81.8868000793457,38.17849384631042,False,0.0,0.0
2024-05-20,80.01000213623047,80.5999984741211,79.16999816894531,79.80000305175781,85072,80.12199974060059,81.92260009765624,39.78909839417212,False,0.0,0.0
2024-05-21,79.69999694824219,79.72000122070312,78.08000183105469,79.26000213623047,371672,79.91699981689453,81.94920013427735,51.61692545508202,False,0.0,0.0
2024-05-22,78.20999908447266,78.41000366210938,77.25,77.56999969482422,314145,79.65499992370606,81.94940017700195,42.871926474192904,False,0.0,0.0
2024-05-23,77.29000091552734,78.66000366210938,76.43000030517578,76.87000274658203,330273,79.32000007629395,81.89240020751953,43.50107043262752,False,0.0,0.0
2024-05-24,77.04000091552734,78.05000305175781,76.1500015258789,77.72000122070312,299075,79.01350021362305,81.82160018920898,46.20757867518234,False,0.0,0.0
2024-05-28,77.80999755859375,80.29000091552734,77.69000244140625,79.83000183105469,334074,78.87350044250488,81.79740020751953,56.026615981638734,False,0.0,0.0
2024-05-29,80.26000213623047,80.62000274658203,78.98999786376953,79.2300033569336,259594,78.73850059509277,81.72760025024414,50.99835860172671,False,0.0,0.0
2024-05-30,79.27999877929688,79.41999816894531,77.62999725341797,77.91000366210938,373779,78.68400077819824,81.61640029907227,44.83550686441217,False,0.0,0.0
2024-05-31,77.91000366210938,78.62000274658203,76.66999816894531,76.98999786376953,345120,78.58600082397462,81.52260025024414,45.11160994839736,False,0.0,0.0
2024-06-03,76.97000122070312,77.5199966430664,73.9800033569336,74.22000122070312,443271,78.3915008544922,81.38560028076172,33.55704354335671,False,0.0,0.0
2024-06-04,74.0199966430664,74.12999725341797,72.4800033569336,73.25,408721,78.1300006866455,81.23800033569336,33.85241121464432,False,0.0,0.0
2024-06-05,72.9000015258789,74.33000183105469,72.81999969482422,74.06999969482422,307701,77.91450080871581,81.080400390625,34.779710082925135,False,0.0,0.0
2024-06-06,74.30000305175781,75.79000091552734,74.05999755859375,75.55000305175781,291082,77.74250106811523,80.95900039672851,38.39848066265121,False,0.0,0.0
2024-06-07,75.66999816894531,76.25,75.20999908447266,75.52999877929688,280253,77.55600090026856,80.84260040283203,34.95017322017161,False,0.0,0.0
2024-06-10,75.3499984741211,78.29000091552734,75.2300033569336,77.73999786376953,317031,77.53000068664551,80.73400039672852,43.94116393093157,False,0.0,0.0
2024-06-11,78.12000274658203,78.36000061035156,77.22000122070312,77.9000015258789,314874,77.46900062561035,80.61780044555664,45.90854464111112,False,0.0,0.0
2024-06-12,78.22000122070312,79.31999969482422,77.87999725341797,78.5,322285,77.49300079345703,80.48480041503906,52.99420451190317,False,0.0,0.0
2024-06-13,78.37000274658203,78.88999938964844,77.66999816894531,78.62000274658203,307638,77.49250106811523,80.34860046386719,55.85283803038283,False,0.0,0.0
2024-06-14,77.95999908447266,79.1500015258789,77.7300033569336,78.44999694824219,245827,77.45350074768066,80.18580047607422,52.55779512403764,False,0.0,0.0
2024-06-17,78.4800033569336,80.66000366210938,77.9800033569336,80.33000183105469,126733,77.46700096130371,80.05420043945313,51.78062376171985,False,0.0,0.0
2024-06-18,80.43000030517578,81.66999816894531,79.7699966430664,81.56999969482422,140709,77.55550079345703,79.9570004272461,57.97000218279335,False,0.0,0.0
2024-06-20,81.5199966430664,82.41000366210938,81.12999725341797,82.16999816894531,420499,77.70100059509278,79.89580032348633,65.25783596608969,False,0.0,0.0
2024-06-21,81.2699966430664,81.79000091552734,80.3499984741211,80.7300033569336,290500,77.85900077819824,79.78620040893554,62.91437381054247,False,0.0,0.0
2024-06-24,80.44999694824219,81.77999877929688,80.2300033569336,81.62999725341797,271745,78.09700050354004,79.71840042114258,79.38140836957949,False,0.0,0.0
2024-06-25,81.69999694824219,81.9000015258789,80.55000305175781,80.83000183105469,286038,78.25250053405762,79.62180038452148,80.46623932252953,False,0.0,0.0
2024-06-26,80.72000122070312,81.62999725341797,80.18000030517578,80.9000015258789,308410,78.30600051879883,79.53160034179687,79.21300429699942,False,0.0,0.0
2024-06-27,80.86000061035156,82.04000091552734,80.51000213623047,81.73999786376953,306342,78.43150024414062,79.45920028686524,78.00903790188111,False,0.0,0.0
2024-06-28,81.86000061035156,82.72000122070312,80.97000122070312,81.54000091552734,260252,78.61300010681153,79.43620025634766,76.75871997239013,False,0.0,0.0
2024-07-01,81.44999694824219,83.63999938964844,81.37999725341797,83.37999725341797,345780,78.93250007629395,79.44920013427735,75.96688304389366,False,0.0,0.0
2024-07-02,83.43000030517578,84.37999725341797,82.72000122070312,82.80999755859375,367787,79.36199989318848,79.44260009765625,71.78351438789747,False,0.0,0.0
2024-07-03,83.19999694824219,83.93000030517578,82.45999908447266,83.87999725341797,289685,79.89349975585938,79.46320007324219,72.91313979943891,True,0.0,0.0
2024-07-05,83.5999984741211,84.5199966430664,83.0199966430664,83.16000366210938,361357,80.34799995422364,79.45920013427734,68.39550520116853,True,0.0,0.0
2024-07-08,83.1500015258789,83.31999969482422,82.08000183105469,82.33000183105469,251774,80.68699989318847,79.44960021972656,64.92313073526408,True,0.0,0.0
2024-07-09,82.22000122070312,82.4800033569336,81.25,81.41000366210938,297325,80.9810001373291,79.40640029907226,54.48507130717786,True,0.0,0.0
2024-07-10,81.80999755859375,82.66000366210938,80.80999755859375,82.0999984741211,334380,81.19900016784668,79.37140029907226,52.306356124652396,True,0.0,0.0
2024-07-11,82.4000015258789,83.12999725341797,81.62999725341797,82.62000274658203,324170,81.43500022888183,79.37120040893555,51.97198044568904,True,0.0,0.0
2024-07-12,82.86000061035156,83.73999786376953,82.0999984741211,82.20999908447266,370062,81.62050018310546,79.37680038452149,57.12909143829878,True,0.0,0.0
2024-07-15,82.16000366210938,82.58000183105469,81.47000122070312,81.91000366210938,296520,81.78500022888184,79.43500045776368,51.43152913569981,True,0.0,0.0
2024-07-16,81.91999816894531,81.93000030517578,80.22000122070312,80.76000213623047,308186,81.90050048828125,79.47120056152343,49.654492501263405,True,0.0,0.0
2024-07-17,80.8499984741211,83.0999984741211,80.44999694824219,82.8499984741211,257437,82.02650032043456,79.56600051879883,58.024692908481015,True,0.0,0.0
2024-07-18,83.11000061035156,83.81999969482422,82.04000091552734,82.81999969482422,95704,82.08900032043456,79.65280044555664,54.76192078064848,True,0.0,0.0
2024-07-19,82.47000122070312,82.87999725341797,80.06999969482422,80.12999725341797,83795,81.9870002746582,79.68780044555665,44.90236792804641,True,0.0,0.0
2024-07-22,80.38999938964844,80.69000244140625,79.16999816894531,79.77999877929688,345235,81.93950004577637,79.70360046386719,35.413282948782225,True,0.0,0.0
2024-07-23,78.2699966430664,78.7300033569336,76.4000015258789,76.95999908447266,417941,81.7060001373291,79.65760040283203,29.952011646470623,True,0.0,0.0
2024-07-24,77.44999694824219,78.19000244140625,76.9800033569336,77.58999633789062,355971,81.5439998626709,79.64420028686523,27.773826783999496,True,0.0,0.0
2024-07-25,77.5,78.47000122070312,76.04000091552734,78.27999877929688,457288,81.41299972534179,79.62740020751953,32.71952347606573,True,0.0,0.0
2024-07-26,78.3499984741211,78.5999984741211,76.19000244140625,77.16000366210938,365121,81.18400001525879,79.61020034790039,32.06106061905625,True,1.0,1.0
2024-07-29,77.30000305175781,77.69000244140625,75.3499984741211,75.80999755859375,362635,80.8974998474121,79.55380035400391,31.132050251194272,True,1.0,0.0
2024-07-30,75.91000366210938,75.97000122070312,74.58999633789062,74.7300033569336,419478,80.46500015258789,79.46380035400391,25.804342794853895,True,1.0,0.0
2024-07-31,75.23999786376953,78.66000366210938,75.18000030517578,77.91000366210938,460315,80.22000045776367,79.42080047607422,36.83621784852681,True,1.0,0.0
2024-08-01,78.58999633789062,78.87999725341797,76.23999786376953,76.30999755859375,383014,79.84150047302246,79.35100036621094,34.53877536984382,True,1.0,0.0
2024-08-02,76.87000274658203,77.29000091552734,72.97000122070312,73.5199966430664,467786,79.35950012207032,79.23620025634766,30.551675619503655,True,1.0,0.0
2024-08-05,74.20999908447266,74.45999908447266,71.66999816894531,72.94000244140625,500151,78.89000015258789,79.1436003112793,31.38094634317538,False,1.0,0.0
2024-08-06,73.86000061035156,74.55999755859375,72.19999694824219,73.19999694824219,352250,78.47949981689453,79.0702001953125,24.830447865977305,False,0.0,-1.0
2024-08-07,72.83999633789062,75.83999633789062,72.58000183105469,75.2300033569336,427995,78.13600006103516,79.02040023803711,32.07369628159783,False,0.0,0.0
2024-08-08,75.47000122070312,76.5199966430664,74.5999984741211,76.19000244140625,327301,77.81450004577637,78.94760025024414,39.86626578321603,False,0.0,0.0
2024-08-09,76.0199966430664,77.08999633789062,75.8499984741211,76.83999633789062,263007,77.54599990844727,78.89980010986328,42.55318162142106,False,0.0,0.0
2024-08-12,76.98999786376953,80.16000366210938,76.69999694824219,80.05999755859375,376747,77.45349960327148,78.94279998779297,57.696126470714134,False,0.0,0.0
2024-08-13,79.73999786376953,80.1500015258789,78.16000366210938,78.3499984741211,370763,77.33299942016602,78.97,51.79076900508998,False,0.0,0.0
2024-08-14,78.7300033569336,79.0999984741211,76.83000183105469,76.9800033569336,357636,77.03949966430665,79.0252000427246,47.03197206037329,False,0.0,0.0
2024-08-15,77.5199966430664,78.5999984741211,76.93000030517578,78.16000366210938,195122,76.8064998626709,79.1234001159668,52.27686791692433,False,0.0,0.0
2024-08-16,78.16000366210938,78.16000366210938,75.54000091552734,76.6500015258789,100810,76.63250007629395,79.17500015258788,51.898744218885106,False,0.0,0.0
2024-08-19,76.58000183105469,76.87000274658203,74.16999816894531,74.37000274658203,118172,76.3620002746582,79.15140014648438,49.228128788934626,False,0.0,0.0
2024-08-20,74.33999633789062,75.02999877929688,73.5,74.04000091552734,329276,76.21600036621093,79.12160018920899,40.54713249098132,False,0.0,0.0
2024-08-21,73.12000274658203,74.16000366210938,71.45999908447266,71.93000030517578,390527,75.9330005645752,79.00540023803711,39.561487754596634,False,0.0,0.0
2024-08-22,71.93000030517578,73.5199966430664,71.58000183105469,73.01000213623047,334117,75.66950073242188,78.90760025024414,48.6767130316626,False,0.0,0.0
2024-08-23,72.95999908447266,75.06999969482422,72.83000183105469,74.83000183105469,313764,75.55300064086914,78.83420028686524,54.60750827850906,False,0.0,0.0
2024-08-26,75.0999984741211,77.5999984741211,75.04000091552734,77.41999816894531,409675,75.63350067138671,78.8102001953125,59.23818278749527,False,0.0,0.0
2024-08-27,77.19999694824219,77.4800033569336,75.4000015258789,75.52999877929688,331162,75.67350044250489,78.7518002319336,50.660783179563424,False,0.0,0.0
2024-08-28,75.75,75.94999694824219,73.81999969482422,74.5199966430664,337361,75.50400009155274,78.63560012817383,46.32965635518717,False,0.0,0.0
2024-08-29,74.41999816894531,76.91000366210938,74.05000305175781,75.91000366210938,408147,75.48400039672852,78.52240020751952,48.02045028032903,False,0.0,0.0
2024-08-30,75.87000274658203,76.58999633789062,73.36000061035156,73.55000305175781,427273,75.48550071716309,78.35000030517578,35.6164535965693,False,0.0,0.0
2024-09-03,73.52999877929688,74.41000366210938,70.0999984741211,70.33999633789062,546617,75.35550041198731,78.14220016479493,33.40240782681252,False,0.0,0.0
2024-09-04,70.27999877929688,71.45999908447266,68.81999969482422,69.19999694824219,482025,75.1555004119873,77.89360015869141,33.72384739561703,False,0.0,0.0
2024-09-05,69.2699966430664,70.81999969482422,68.75,69.1500015258789,405596,74.85150032043457,77.66000015258788,30.215201083192525,False,0.0,0.0
2024-09-06,69.33000183105469,70.12999725341797,67.16999816894531,67.66999816894531,351074,74.42550010681153,77.39540008544923,30.255061181065827,False,0.0,0.0
2024-09-09,68.12999725341797,68.95999908447266,67.30999755859375,68.70999908447266,351074,74.01900024414063,77.13480010986328,36.837210127570486,False,0.0,0.0
2024-09-10,68.77999877929688,69.08000183105469,65.2699966430664,65.75,442855,73.30350036621094,76.81900009155274,32.82222002302413,False,0.0,0.0
2024-09-11,66.27999877929688,67.97000122070312,65.62999725341797,67.30999755859375,393311,72.75150032043457,76.49760009765625,40.20356044739683,False,0.0,0.0
2024-09-12,67.38999938964844,69.80999755859375,67.23999786376953,68.97000122070312,351976,72.35100021362305,76.22080017089844,41.639074860556775,False,0.0,0.0
2024-09-13,69.30999755859375,70.31999969482422,68.47000122070312,68.6500015258789,308983,71.87550010681153,75.91620025634765,36.36364248526898,False,0.0,0.0
2024-09-16,69.16000366210938,70.69999694824219,68.6500015258789,70.08999633789062,295176,71.54749984741211,75.65480010986329,32.961416775438394,False,0.0,0.0
2024-09-17,70.5,71.91999816894531,69.61000061035156,71.19000244140625,251629,71.38849983215331,75.4320001220703,39.52704419374817,False,0.0,0.0
2024-09-18,71.13999938964844,71.4800033569336,69.7300033569336,70.91000366210938,102907,71.23199996948242,75.22200012207031,40.970508726472076,False,0.0,0.0
2024-09-19,70.12999725341797,72.48999786376953,70.12999725341797,71.94999694824219,86630,71.23299980163574,75.01900009155274,39.91851619925617,False,0.0,0.0
2024-09-20,72.0999984741211,72.4000015258789,71.36000061035156,71.91999816894531,306997,71.17849960327149,74.805,45.29172411118202,False,0.0,0.0
2024-09-23,71.30999755859375,71.80999755859375,69.48999786376953,70.37000274658203,338267,70.95549964904785,74.56820007324218,50.09586720454352,False,0.0,0.0
2024-09-24,70.76000213623047,72.4000015258789,70.44000244140625,71.55999755859375,318516,70.66249961853028,74.36119995117187,57.51593427633408,False,0.0,0.0
2024-09-25,71.54000091552734,71.72000122070312,69.2300033569336,69.69000244140625,476237,70.37049980163575,74.13979995727539,51.54110014069977,False,0.0,0.0
2024-09-26,69.88999938964844,70.01000213623047,66.94999694824219,67.66999816894531,478069,70.02799987792969,73.83619995117188,50.0,False,0.0,0.0
2024-09-27,67.44999694824219,68.6500015258789,67.05999755859375,68.18000030517578,341133,69.64149971008301,73.5433999633789,48.48830782220404,False,0.0,0.0
2024-09-30,68.62999725341797,69.31999969482422,67.56999969482422,68.16999816894531,350115,69.37249946594238,73.30419998168945,58.29904114434744,False,0.0,0.0
2024-10-01,68.41000366210938,71.94000244140625,66.33000183105469,69.83000183105469,668216,69.34699974060058,73.1052000427246,58.58312510134419,False,0.0,0.0
2024-10-02,70.80000305175781,72.48999786376953,69.87000274658203,70.0999984741211,429225,69.39199981689453,72.96800003051757,54.25131103450454,False,0.0,0.0
2024-10-03,70.9800033569336,74.08999633789062,70.5199966430664,73.70999908447266,460554,69.61999969482422,72.89040008544922,65.25935360845804,False,0.0,0.0
2024-10-04,73.94999694824219,75.56999969482422,73.45999908447266,74.37999725341797,428815,69.95549964904785,72.81240005493164,63.5673739665204,False,0.0,0.0
2024-10-07,74.4000015258789,77.4000015258789,73.62000274658203,77.13999938964844,419018,70.37699966430664,72.81199996948243,67.0291978517145,False,0.0,0.0
2024-10-08,77.33000183105469,78.45999908447266,72.69000244140625,73.56999969482422,496760,70.76799964904785,72.76720001220703,56.406545554239486,False,0.0,0.0
2024-10-09,73.83999633789062,74.44999694824219,71.52999877929688,73.23999786376953,401159,71.06449966430664,72.73739990234375,53.21696062356331,False,0.0,0.0
2024-10-10,73.38999938964844,76.23999786376953,73.26000213623047,75.8499984741211,321453,71.40849952697754,72.69619979858399,58.68316566981069,False,0.0,0.0
2024-10-11,75.73999786376953,76.04000091552734,74.52999877929688,75.55999755859375,315302,71.75399932861328,72.68119979858399,62.14317769061078,False,0.0,0.0
2024-10-14,75.05000305175781,75.08000183105469,71.80999755859375,73.83000183105469,273455,71.94099960327148,72.68739990234376,55.180291859984095,False,0.0,0.0
2024-10-15,71.51000213623047,72.12000274658203,69.70999908447266,70.58000183105469,328738,71.9104995727539,72.64019989013671,51.910689272465916,False,0.0,0.0
2024-10-16,70.98999786376953,71.30999755859375,69.63999938964844,70.38999938964844,222437,71.88449935913086,72.58399993896484,56.337372716070725,False,0.0,0.0
2024-10-17,70.68000030517578,71.11000061035156,69.44000244140625,70.66999816894531,188161,71.82049942016602,72.49279983520508,55.864336952533534,False,0.0,0.0
2024-10-18,70.75,71.2300033569336,68.69000244140625,69.22000122070312,95768,71.68549957275391,72.35339981079102,52.31584282436372,False,0.0,0.0
2024-10-21,69.45999908447266,71.02999877929688,69.0,70.55999755859375,92584,71.69499931335449,72.22779983520508,51.63310073057883,False,0.0,0.0
2024-10-22,70.48999786376953,72.66000366210938,70.05000305175781,72.08999633789062,330456,71.72149925231933,72.06839981079102,54.21431269669286,False,0.0,0.0
2024-10-23,71.3499984741211,71.72000122070312,70.12999725341797,70.7699966430664,293835,71.77549896240234,71.91679977416992,43.10505737435649,False,0.0,0.0
2024-10-24,71.0199966430664,72.33999633789062,69.7699966430664,70.19000244140625,286571,71.9014991760254,71.78099975585937,40.13189552287616,True,0.0,0.0
2024-10-25,70.33000183105469,71.91999816894531,69.95999908447266,71.77999877929688,287189,72.08149909973145,71.65339965820313,36.640066451096146,True,0.0,0.0
2024-10-28,68.9800033569336,69.0,66.91999816894531,67.37999725341797,419623,72.04199905395508,71.46799957275391,35.18428160923739,True,0.0,0.0
2024-10-29,68.0199966430664,68.5199966430664,66.72000122070312,67.20999908447266,291929,71.91099891662597,71.32479949951171,35.455850312095166,True,0.0,0.0
2024-10-30,67.47000122070312,69.16999816894531,67.27999877929688,68.61000061035156,284795,71.8364990234375,71.2161994934082,31.45490581870868,True,0.0,0.0
2024-10-31,69.0999984741211,70.80999755859375,68.30000305175781,69.26000213623047,311055,71.61399917602539,71.1627995300293,34.15492673970884,True,0.0,0.0
2024-11-01,70.44000244140625,71.44999694824219,69.31999969482422,69.48999786376953,320572,71.36949920654297,71.09239944458008,38.19366643407644,True,0.0,0.0
2024-11-04,70.29000091552734,71.80999755859375,70.25,71.47000122070312,286947,71.0859992980957,71.02519943237304,52.60081867798665,True,0.0,0.0
2024-11-05,71.62000274658203,72.66999816894531,71.29000091552734,71.98999786376953,247311,71.00699920654297,70.91659942626953,54.587156966664665,True,0.0,0.0
2024-11-06,72.0199966430664,72.62999725341797,69.73999786376953,71.69000244140625,388265,70.9294994354248,70.83979949951171,52.920978416562015,True,0.0,0.0
2024-11-07,71.87000274658203,72.87999725341797,70.66000366210938,72.36000061035156,353595,70.75499954223633,70.79659957885742,59.412480937922815,False,0.0,0.0
2024-11-08,72.20999908447266,72.25,69.98999786376953,70.37999725341797,362038,70.49599952697754,70.6859994506836,49.48036816707156,False,0.0,0.0
2024-11-11,70.25,70.55999755859375,67.91999816894531,68.04000091552734,364506,70.20649948120118,70.57579940795898,38.83066893402566,False,0.0,0.0
2024-11-12,68.1500015258789,69.12999725341797,67.75,68.12000274658203,286926,70.08349952697753,70.53139953613281,42.15513207131254,False,0.0,0.0
2024-11-13,67.9800033569336,68.86000061035156,66.94000244140625,68.43000030517578,386027,69.98549957275391,70.51599960327148,44.70516407571561,False,0.0,0.0
2024-11-14,68.12999725341797,69.38999938964844,67.91999816894531,68.69999694824219,232270,69.88699951171876,70.50699951171875,39.93462650842725,False,0.0,0.0
2024-11-15,68.62000274658203,68.69000244140625,66.81999969482422,67.0199966430664,205235,69.77699928283691,70.49399948120117,48.569153439538496,False,0.0,0.0
2024-11-18,66.86000061035156,69.38999938964844,66.61000061035156,69.16000366210938,110375,69.70699958801269,70.50299957275391,56.70104876679057,False,0.0,0.0
2024-11-19,69.01000213623047,69.69000244140625,68.44999694824219,69.38999938964844,89360,69.57199974060059,70.57579956054687,52.91479590498488,False,0.0,0.0
2024-11-20,69.55000305175781,70.1500015258789,68.75,68.87000274658203,235637,69.47700004577636,70.60699966430664,48.52830249518916,False,0.0,0.0
2024-11-21,69.04000091552734,70.37999725341797,68.86000061035156,70.0999984741211,283850,69.47249984741211,70.629599609375,52.14035531065321,False,0.0,0.0
2024-11-22,70.18000030517578,71.51000213623047,69.29000091552734,71.23999786376953,408207,69.44549980163575,70.68139953613282,49.14241727556832,False,0.0,0.0
2024-11-25,71.44000244140625,71.4800033569336,68.73999786376953,68.94000244140625,380922,69.52350006103515,70.65839965820312,39.96050188324248,False,0.0,0.0
2024-11-26,69.08000183105469,70.30000305175781,68.05000305175781,68.7699966430664,292138,69.60149993896485,70.60999954223632,40.3054191534406,False,0.0,0.0
2024-11-27,68.91000366210938,69.37000274658203,68.18000030517578,68.72000122070312,227215,69.60699996948242,70.5661994934082,37.39611280946891,False,0.0,0.0
2024-11-29,68.7699966430664,69.69000244140625,67.87000274658203,68.0,291408,69.5439998626709,70.48719955444336,40.97116861270476,False,0.0,0.0
2024-12-02,68.0,69.11000061035156,67.70999908447266,68.0999984741211,264883,69.47449989318848,70.41079956054688,50.27421219784005,False,0.0,0.0
2024-12-03,68.16000366210938,70.2300033569336,67.91000366210938,69.94000244140625,303752,69.39799995422364,70.40219955444336,57.16535915555147,False,0.0,0.0
2024-12-04,70.0199966430664,70.51000213623047,68.48999786376953,68.54000091552734,325636,69.22550010681152,70.34179962158203,50.39884214614586,False,0.0,0.0
2024-12-05,68.73999786376953,69.16000366210938,67.9800033569336,68.30000305175781,286701,69.05600013732911,70.31399963378907,48.54653322613734,False,0.0,0.0
2024-12-06,68.44000244140625,68.48999786376953,66.9800033569336,67.19999694824219,341593,68.79799995422363,70.304599609375,50.682853949195646,False,0.0,0.0
2024-12-09,67.1500015258789,68.87999725341797,67.08000183105469,68.37000274658203,297085,68.69750022888184,70.30839965820313,46.76494277328825,False,0.0,0.0
2024-12-10,68.19000244140625,69.05999755859375,67.72000122070312,68.58999633789062,286003,68.725,70.31679962158204,46.72129814805782,False,0.0,0.0
2024-12-11,68.5,70.52999877929688,68.44000244140625,70.29000091552734,335892,68.83349990844727,70.32599960327148,55.30641872473976,False,0.0,0.0
2024-12-12,70.43000030517578,70.72000122070312,69.13999938964844,70.0199966430664,326046,68.91299972534179,70.32439956665038,49.6779317851781,False,0.0,0.0
2024-12-13,70.05999755859375,71.41999816894531,69.87000274658203,71.29000091552734,230429,69.04249992370606,70.27599960327149,50.19921505499235,False,0.0,0.0
2024-12-16,71.44000244140625,71.44000244140625,70.37000274658203,70.70999908447266,204296,69.22700004577636,70.20259963989258,58.17171100229445,False,0.0,0.0
2024-12-17,70.61000061035156,70.91999816894531,69.18000030517578,70.08000183105469,99604,69.27299995422364,70.0613996887207,55.80160899577985,False,0.0,0.0
2024-12-18,70.22000122070312,71.37999725341797,69.98999786376953,70.58000183105469,99386,69.33250007629394,70.00159973144531,57.92162403138054,False,0.0,0.0
2024-12-19,70.13999938964844,71.26000213623047,69.69999694824219,69.91000366210938,291660,69.3845001220703,69.93499984741212,58.169378828560134,False,0.0,0.0
2024-12-20,69.2300033569336,69.8499984741211,68.41999816894531,69.45999908447266,231592,69.3525001525879,69.80719985961915,55.6478319001844,False,0.0,0.0
2024-12-23,69.4000015258789,69.94000244140625,68.58999633789062,69.23999786376953,188843,69.25250015258788,69.68079986572266,46.64105967829207,False,0.0,0.0
2024-12-24,69.55999755859375,70.43000030517578,69.36000061035156,70.0999984741211,122602,69.31049995422363,69.60619979858399,57.894708392471316,False,0.0,0.0
2024-12-26,70.19999694824219,70.75,69.33000183105469,69.62000274658203,144877,69.35300025939941,69.58699981689453,56.521726019280024,False,0.0,0.0
2024-12-27,69.68000030517578,70.75,69.44000244140625,70.5999984741211,172641,69.4470001220703,69.59119979858399,66.9999946594279,False,0.0,0.0
2024-12-30,70.41999816894531,71.55999755859375,70.12000274658203,70.98999786376953,199296,69.59650001525878,69.59759979248047,64.20821458951878,False,0.0,0.0
2024-12-31,71.1500015258789,72.0199966430664,70.87000274658203,71.72000122070312,151155,69.77750015258789,69.64759979248046,66.0842823672581,True,0.0,0.0
2025-01-02,71.8499984741211,73.7300033569336,71.79000091552734,73.12999725341797,306498,69.93699989318847,69.69899978637696,65.04234959428442,True,0.0,0.0
2025-01-03,73.12999725341797,74.3499984741211,72.69999694824219,73.95999908447266,296040,70.20799980163574,69.7363998413086,69.70001220703125,True,0.0,0.0
2025-01-06,74.05000305175781,74.98999786376953,73.19999694824219,73.55999755859375,306042,70.47099952697754,69.79219985961915,62.431529714954706,True,0.0,0.0
2025-01-07,73.44000244140625,74.52999877929688,73.11000061035156,74.25,277328,70.82349967956543,69.87339981079101,69.15585353871052,True,0.0,0.0
2025-01-08,74.5199966430664,75.29000091552734,73.16000366210938,73.31999969482422,328617,71.07099952697754,69.90419982910156,66.98111924966432,True,0.0,0.0
2025-01-09,73.31999969482422,74.31999969482422,72.83999633789062,73.91999816894531,213421,71.33749961853027,70.03499984741211,67.32363355477574,True,0.0,0.0
2025-01-10,74.29000091552734,77.86000061035156,74.0199966430664,76.56999969482422,478432,71.65149955749511,70.22219985961914,78.6574632466152,True,0.0,0.0
2025-01-13,76.54000091552734,79.2699966430664,76.54000091552734,78.81999969482422,460942,72.09149971008301,70.4263998413086,84.87333043014554,True,0.0,0.0
2025-01-14,78.81999969482422,79.08999633789062,77.41000366210938,77.5,326729,72.40199966430664,70.59119979858399,78.4435401029338,True,0.0,0.0
2025-01-15,78.02999877929688,80.7699966430664,77.23999786376953,80.04000091552734,321422,72.86849975585938,70.80219985961914,80.67902566020177,True,0.0,0.0
2025-01-16,80.4000015258789,80.58999633789062,77.87000274658203,78.68000030517578,159948,73.29849967956542,70.94639984130859,76.5222382532798,True,0.0,0.0
2025-01-17,78.75,79.44000244140625,77.76000213623047,77.87999725341797,112409,73.66349945068359,71.06419982910157,71.5384462588449,True,0.0,0.0
2025-01-21,78.19000244140625,78.47000122070312,75.48999786376953,75.88999938964844,568807,73.96249923706054,71.1481997680664,63.24324190573124,True,0.0,0.0
2025-01-22,75.87999725341797,76.44999694824219,75.27999877929688,75.44000244140625,315333,74.26149940490723,71.2097998046875,60.20856468570413,True,0.0,0.0
2025-01-23,75.38999938964844,76.0,74.13999938964844,74.62000274658203,350688,74.53049964904785,71.29459991455079,54.22576596849576,True,0.0,0.0
2025-01-24,74.30000305175781,75.20999908447266,74.01000213623047,74.66000366210938,319679,74.75849990844726,71.42699996948242,52.07839790001418,True,0.0,0.0
2025-01-27,74.54000091552734,75.1500015258789,72.37999725341797,73.16999816894531,334418,74.93599967956543,71.52799987792969,48.91243943931421,True,0.0,0.0
2025-01-28,73.1500015258789,74.30999755859375,72.93000030517578,73.7699966430664,326075,75.0944995880127,71.6347998046875,48.654699410903106,True,0.0,0.0
2025-01-29,73.94999694824219,74.08000183105469,72.33000183105469,72.62000274658203,312733,75.17599983215332,71.71319992065429,48.06202369083628,True,0.0,0.0
2025-01-30,73.0,73.83999633789062,72.0199966430664,72.7300033569336,336475,75.22649993896485,71.82740005493164,46.61356052168211,True,0.0,0.0
2025-01-31,73.19999694824219,73.83999633789062,71.94000244140625,72.52999877929688,376335,75.19650001525879,71.8947999572754,36.64021103950986,True,0.0,0.0
2025-02-03,74.13999938964844,75.18000030517578,72.05000305175781,73.16000366210938,517853,75.15650024414063,71.97020004272461,29.03706357768668,True,0.0,0.0
2025-02-04,72.3499984741211,73.3499984741211,70.66999816894531,72.69999694824219,452961,75.11350021362304,72.04679992675781,31.01266816035229,True,0.0,0.0
2025-02-05,72.76000213623047,72.97000122070312,70.95999908447266,71.02999877929688,289902,74.95250015258789,72.06539993286133,11.724753503392392,True,1.0,1.0
2025-02-06,71.18000030517578,71.8499984741211,70.43000030517578,70.61000061035156,299037,74.81700019836425,72.05279998779297,12.742416226432894,True,1.0,0.0
2025-02-07,70.55999755859375,71.41000366210938,70.47000122070312,71.0,273766,74.67100028991699,72.09399993896484,16.98659584952381,True,1.0,0.0
2025-02-10,71.0,72.54000091552734,70.83999633789062,72.31999969482422,255941,74.458500289917,72.165,31.692323583105164,True,1.0,0.0
2025-02-11,72.48999786376953,73.68000030517578,72.30999755859375,73.31999969482422,266819,74.18350028991699,72.25699996948242,39.708735203249084,True,1.0,0.0
2025-02-12,73.19999694824219,73.22000122070312,71.16999816894531,71.37000274658203,318123,73.87700042724609,72.32440002441406,35.78303699085676,True,1.0,0.0
2025-02-13,71.23999786376953,71.5999984741211,70.22000122070312,71.29000091552734,278197,73.43950042724609,72.38820007324219,35.30950241353416,True,1.0,0.0
2025-02-14,71.5199966430664,72.0199966430664,70.5199966430664,70.73999786376953,207719,73.04250030517578,72.40419998168946,38.461544034911164,True,1.0,0.0
2025-02-18,70.69999694824219,72.06999969482422,70.12000274658203,71.8499984741211,130937,72.74100036621094,72.47039993286133,41.30436284930022,True,1.0,0.0
2025-02-19,71.77999877929688,73.04000091552734,71.70999908447266,72.25,69012,72.55900039672852,72.54939987182617,48.202127478159134,True,1.0,0.0
2025-02-20,72.18000030517578,73.25,71.8499984741211,72.56999969482422,240060,72.41550025939941,72.65679992675781,49.238078906716616,False,1.0,0.0
2025-02-21,72.58000183105469,72.7699966430664,70.16999816894531,70.4000015258789,268470,72.20450019836426,72.69739990234375,41.45951988076861,False,0.0,-1.0
2025-02-24,69.80000305175781,70.94000244140625,69.80000305175781,70.69999694824219,205468,72.00649986267089,72.73959991455078,39.86817612213065,False,0.0,0.0
2025-02-25,70.91999816894531,71.26000213623047,68.68000030517578,68.93000030517578,267310,71.79449996948242,72.71239990234375,35.985131461095435,False,0.0,0.0
2025-02-26,69.11000061035156,69.27999877929688,68.36000061035156,68.62000274658203,255601,71.5370002746582,72.68440002441406,40.03309229304222,False,0.0,0.0
2025-02-27,68.81999969482422,70.54000091552734,68.61000061035156,70.3499984741211,265933,71.42350006103516,72.66559997558593,49.02984178099857,False,0.0,0.0
2025-02-28,70.16999816894531,70.29000091552734,69.13999938964844,69.76000213623047,250074,71.275,72.6466000366211,45.441178698030996,False,0.0,0.0
2025-03-03,69.94999694824219,70.5999984741211,67.88999938964844,68.37000274658203,332751,71.06700019836425,72.61240005493164,35.55229741616027,False,0.0,0.0
2025-03-04,68.45999908447266,68.55999755859375,66.7699966430664,68.26000213623047,386750,70.8220001220703,72.56600006103515,30.203426903978155,False,0.0,0.0
2025-03-05,68.08000183105469,68.0999984741211,65.22000122070312,66.30999755859375,382493,70.50250015258788,72.49399993896485,30.203408873147197,False,0.0,0.0
2025-03-06,66.38999938964844,67.08999633789062,65.58999633789062,66.36000061035156,341632,70.26900024414063,72.43199996948242,30.666653901136158,False,0.0,0.0
2025-03-07,66.33999633789062,68.22000122070312,66.12000274658203,67.04000091552734,329710,70.09050025939942,72.38800003051757,35.636646238669925,False,0.0,0.0
2025-03-10,67.11000061035156,67.5999984741211,65.80000305175781,66.02999877929688,249633,69.84200019836426,72.30660003662109,27.230032374205948,False,0.0,0.0
2025-03-11,65.94999694824219,67.16999816894531,65.29000091552734,66.25,222511,69.53850021362305,72.23919998168945,26.19045889024926,False,0.0,0.0
2025-03-12,66.62000274658203,67.87999725341797,66.1500015258789,67.68000030517578,246675,69.25650024414062,72.18080001831055,32.16629308022945,False,0.0,0.0
2025-03-13,67.69000244140625,67.94000244140625,66.37000274658203,66.55000305175781,268590,69.01550025939942,72.09200012207032,34.806624511269774,False,0.0,0.0
2025-03-14,66.77999877929688,67.4800033569336,66.58999633789062,67.18000030517578,180495,68.81000022888183,72.00120010375977,36.46154342741948,False,0.0,0.0
2025-03-17,67.3499984741211,68.37000274658203,67.25,67.58000183105469,161298,68.6520004272461,71.8902001953125,44.196049901368895,False,0.0,0.0
2025-03-18,67.4000015258789,68.72000122070312,66.55999755859375,66.9000015258789,110338,68.40450057983398,71.74900024414063,42.83332824707031,False,0.0,0.0
2025-03-19,66.72000122070312,67.62999725341797,66.20999908447266,67.16000366210938,73077,68.15000076293946,71.62100036621094,34.85283537254681,False,0.0,0.0
2025-03-20,67.29000091552734,68.47000122070312,66.87999725341797,68.26000213623047,283376,67.93450088500977,71.50120040893555,43.206526997255075,False,0.0,0.0
2025-03-21,68.3499984741211,68.6500015258789,67.6500015258789,68.27999877929688,198964,67.82850074768066,71.400400390625,49.5346229921568,False,0.0,0.0
2025-03-24,68.3499984741211,69.33000183105469,67.94999694824219,69.11000061035156,247024,67.74900093078614,71.30420043945313,54.09046150095569,False,0.0,0.0
2025-03-25,69.16000366210938,69.68000030517578,68.5199966430664,69.0,258411,67.75250091552735,71.15280044555664,65.73100281439787,False,0.0,0.0
2025-03-26,69.16000366210938,70.22000122070312,69.05999755859375,69.6500015258789,262413,67.80400085449219,70.96940048217773,67.97814408130014,False,0.0,0.0
2025-03-27,69.95999908447266,69.97000122070312,69.12000274658203,69.91999816894531,211825,67.78250083923339,70.81780044555664,66.47596085438764,False,0.0,0.0
2025-03-28,69.91000366210938,70.08999633789062,68.87000274658203,69.36000061035156,246650,67.76250076293945,70.60420043945312,70.08446639290402,False,0.0,0.0
2025-03-31,69.43000030517578,71.83000183105469,68.80999755859375,71.4800033569336,313087,67.91800079345703,70.46020050048828,75.66244366861008,False,0.0,0.0
2025-04-01,71.38999938964844,72.0999984741211,71.02999877929688,71.19999694824219,272832,68.06500053405762,70.32660049438476,69.46900600983551,False,0.0,0.0
2025-04-02,71.19999694824219,72.27999877929688,70.58999633789062,71.70999908447266,286501,68.33500061035156,70.24300048828125,80.64128550678808,False,0.0,0.0
2025-04-03,70.37999725341797,70.41000366210938,65.9800033569336,66.94999694824219,459238,68.3645004272461,70.07320037841797,49.08365274429999,False,0.0,0.0
2025-04-04,66.63999938964844,66.9000015258789,60.45000076293945,61.9900016784668,559638,68.11200046539307,69.82060035705567,33.664527449203334,False,0.0,0.0
2025-04-07,61.119998931884766,63.900001525878906,58.95000076293945,60.70000076293945,597617,67.84550056457519,69.54140029907227,32.50564615937378,False,0.0,0.0
2025-04-08,61.02999877929688,61.75,57.880001068115234,59.58000183105469,557655,67.51200065612792,69.26960037231446,29.601719364781104,False,0.0,0.0
2025-04-09,58.31999969482422,62.93000030517578,55.119998931884766,62.34999847412109,592250,67.2455005645752,69.04120040893555,35.40739836516201,False,0.0,0.0
2025-04-10,62.709999084472656,63.34000015258789,58.7599983215332,60.06999969482422,391826,66.92150039672852,68.7902003479004,31.763664359546098,False,0.0,0.0
2025-04-11,60.20000076293945,61.869998931884766,59.43000030517578,61.5,306231,66.63750038146972,68.56560028076171,33.53526523287313,False,0.0,0.0
2025-04-14,61.70000076293945,62.68000030517578,60.59000015258789,61.52999877929688,238068,66.33500022888184,68.34560028076172,33.78201993779875,False,0.0,0.0
2025-04-15,61.58000183105469,62.060001373291016,60.880001068115234,61.33000183105469,197404,66.05650024414062,68.10900024414063,31.57661241956275,False,0.0,0.0
2025-04-16,61.540000915527344,62.97999954223633,60.43999862670898,62.470001220703125,213194,65.8220001220703,67.90440032958985,34.115143032458604,False,0.0,0.0
2025-04-17,62.630001068115234,64.86000061035156,62.61000061035156,64.68000030517578,111479,65.64300003051758,67.77740036010742,40.6772896619874,False,0.0,0.0
2025-04-21,64.30000305175781,64.41999816894531,62.45000076293945,63.08000183105469,82671,65.38300018310547,67.62680038452149,32.91293021275091,False,0.0,0.0
2025-04-22,63.43000030517578,65.08999633789062,63.43000030517578,64.30999755859375,297928,65.14300003051758,67.49300033569335,36.50606377377053,False,0.0,0.0
2025-04-23,64.0,64.87000274658203,61.52999877929688,62.27000045776367,397841,64.80650005340576,67.29200035095215,32.557268787363725,False,0.0,0.0
2025-04-24,62.34000015258789,63.310001373291016,61.9900016784668,62.790000915527344,264908,64.46350002288818,67.08140037536621,40.88518785982227,False,0.0,0.0
2025-04-25,62.86000061035156,63.40999984741211,61.79999923706055,63.02000045776367,283758,64.11850013732911,66.91440032958984,52.84687633113884,False,0.0,0.0
2025-04-28,63.4900016784668,63.91999816894531,61.47999954223633,62.04999923706055,276116,63.75300006866455,66.72960029602051,53.798536545782646,False,0.0,0.0
2025-04-29,61.869998931884766,62.06999969482422,60.119998931884766,60.41999816894531,312373,63.19999980926514,66.52320030212402,52.29758505238327,False,0.0,0.0
2025-04-30,60.15999984741211,60.43000030517578,57.90999984741211,58.209999084472656,419549,62.55049991607666,66.25040031433106,38.318276892130115,False,0.0,0.0
2025-05-01,58.15999984741211,59.5,56.38999938964844,59.2400016784668,364216,61.92700004577637,65.99020034790038,47.48027161031975,False,0.0,0.0
2025-05-02,58.9900016784668,59.869998931884766,57.7400016784668,58.290000915527344,322096,61.49400024414062,65.70460037231446,39.962473280403096,False,0.0,0.0
2025-05-05,56.7599983215332,57.70000076293945,55.29999923706055,57.130001068115234,308387,61.251000213623044,65.43920036315917,37.14953286646345,False,0.0,0.0
2025-05-06,57.25,59.84000015258789,57.02999877929688,59.09000015258789,343893,61.17050018310547,65.2070004272461,44.0677901034838,False,0.0,0.0
2025-05-07,58.97999954223633,60.2599983215332,57.810001373291016,58.06999969482422,295238,61.09500007629394,64.98980041503906,38.27291360806211,False,0.0,0.0
2025-05-08,57.93000030517578,60.290000915527344,57.7400016784668,59.90999984741211,281000,60.9730001449585,64.81560035705566,37.030990740800284,False,0.0,0.0
2025-05-09,60.25,61.45000076293945,59.88999938964844,61.02000045776367,239640,61.02050018310547,64.62900039672851,44.24580548408621,False,0.0,0.0
2025-05-12,61.38999938964844,63.61000061035156,61.02000045776367,61.95000076293945,325865,61.04300022125244,64.4728003692627,43.29546452061074,False,0.0,0.0
2025-05-13,62.0,63.900001525878906,61.650001525878906,63.66999816894531,258795,61.150000190734865,64.37880027770996,54.05091869508233,False,0.0,0.0
2025-05-14,63.619998931884766,63.68000030517578,62.75,63.150001525878906,225626,61.241000175476074,64.27660026550294,51.04166850631633,False,0.0,0.0
2025-05-15,62.880001068115234,62.90999984741211,60.470001220703125,61.619998931884766,258404,61.198500061035155,64.18280029296875,46.232504338242485,False,0.0,0.0
2025-05-16,61.70000076293945,62.709999084472656,61.25,62.4900016784668,121556,61.089000129699706,64.10540031433105,51.19048257975874,False,0.0,0.0
2025-05-19,62.75,63.400001525878906,61.56999969482422,62.68999862670898,95570,61.06949996948242,64.01840026855469,56.656893135893824,False,0.0,0.0
2025-05-20,62.68000030517578,63.16999816894531,62.18999862670898,62.560001373291016,250414,60.98200016021728,63.94900032043457,64.52906827850609,False,0.0,0.0
2025-05-21,62.27000045776367,64.19000244140625,61.27999877929688,61.56999969482422,302702,60.947000122070314,63.85540031433106,57.80307623596349,False,0.0,0.0
2025-05-22,61.33000183105469,61.75,60.25,61.20000076293945,258549,60.867500114440915,63.725800323486325,60.139376064161375,False,0.0,0.0
2025-05-23,60.810001373291016,61.880001068115234,60.02000045776367,61.52999877929688,273392,60.793000030517575,63.62540023803711,66.27218951606649,False,0.0,0.0
2025-05-27,61.70000076293945,62.13999938964844,60.2599983215332,60.88999938964844,291317,60.73500003814697,63.49960021972656,57.377050205509114,False,0.0,0.0
2025-05-28,61.040000915527344,62.540000915527344,60.84999847412109,61.84000015258789,260374,60.8060001373291,63.38480018615723,65.53999380465154,False,0.0,0.0
2025-05-29,61.83000183105469,63.06999969482422,60.54999923706055,60.93999862670898,299859,60.94250011444092,63.26560012817383,54.60232018245098,False,0.0,0.0
2025-05-30,60.93999862670898,61.720001220703125,59.7400016784668,60.790000915527344,384927,61.02000007629395,63.13820007324219,48.87585667615432,False,0.0,0.0
2025-06-02,61.11000061035156,63.880001068115234,61.060001373291016,62.52000045776367,403580,61.23150005340576,63.02340003967285,52.58386288383044,False,0.0,0.0
2025-06-03,63.02000045776367,63.88999938964844,62.400001525878906,63.40999984741211,291260,61.54549999237061,62.926000061035154,48.725497565884915,False,0.0,0.0
2025-06-04,63.36000061035156,63.959999084472656,62.16999816894531,62.84999847412109,321128,61.733499908447264,62.80080001831055,48.53514104324538,False,0.0,0.0
2025-06-05,62.7599983215332,63.97999954223633,62.5,63.369998931884766,232423,61.99849987030029,62.68819999694824,59.47996105122028,False,0.0,0.0
2025-06-06,63.33000183105469,64.80000305175781,62.81999969482422,64.58000183105469,310133,62.23199996948242,62.586800003051756,60.91954572795575,False,0.0,0.0
2025-06-09,64.80000305175781,65.43000030517578,64.19999694824219,65.29000091552734,235900,62.44549999237061,62.4942000579834,62.89683928805928,False,0.0,0.0
2025-06-10,65.45999908447266,66.27999877929688,64.56999969482422,64.9800033569336,279021,62.59700012207031,62.40660011291504,61.793383915880305,True,0.0,0.0
2025-06-11,64.76000213623047,68.37000274658203,64.5999984741211,68.1500015258789,378473,62.821000289916995,62.34000007629395,76.44696372662955,True,0.0,0.0
2025-06-12,69.02999877929688,69.29000091552734,66.72000122070312,68.04000091552734,379394,63.065500259399414,62.27680015563965,78.07882645095553,True,0.0,0.0
2025-06-13,68.9000015258789,77.62000274658203,68.48999786376953,72.9800033569336,715652,63.633500480651854,62.30220024108887,84.0976889615526,True,0.0,0.0
2025-06-16,76.54000091552734,77.48999786376953,69.37999725341797,71.7699966430664,367312,64.09750022888184,62.39860023498535,81.33638274579843,True,0.0,0.0
2025-06-17,71.11000061035156,75.54000091552734,71.0,74.83999633789062,154264,64.70500011444092,62.65560012817383,83.36753439247931,True,0.0,0.0
2025-06-18,75.61000061035156,76.06999969482422,72.94000244140625,75.13999938964844,0,65.3340000152588,62.94440010070801,87.6059168998487,True,0.0,0.0
2025-06-20,74.5999984741211,77.58000183105469,74.30000305175781,74.93000030517578,678377,66.00200004577637,63.25140007019043,87.32838403145207,True,0.0,0.0
2025-06-23,78.0,78.4000015258789,66.5999984741211,68.51000213623047,728868,66.36750011444092,63.374600143432616,62.67456511579288,True,0.0,0.0
2025-06-24,67.73999786376953,67.83000183105469,64.0,64.37000274658203,541475,66.50950031280517,63.460600204467774,51.7857191007138,True,0.0,0.0
2025-06-25,65.12000274658203,66.02999877929688,64.51000213623047,64.91999816894531,278504,66.71100025177002,63.52900016784668,53.851878457823254,True,0.0,0.0
2025-06-26,64.9800033569336,66.41999816894531,64.66000366210938,65.23999786376953,233771,66.8810001373291,63.603200149536136,53.50580951030991,True,0.0,0.0
2025-06-27,65.30000305175781,66.08999633789062,64.80000305175781,65.5199966430664,236284,67.11000003814698,63.687000045776365,51.82594189981425,True,0.0,0.0
2025-06-30,65.1500015258789,65.81999969482422,64.5,65.11000061035156,193289,67.32600002288818,63.73980003356934,49.64622574315386,True,0.0,0.0
2025-07-01,64.95999908447266,65.9800033569336,64.66999816894531,65.44999694824219,193162,67.47249984741211,63.755199966430666,50.9226417541561,True,0.0,0.0
2025-07-02,65.55999755859375,67.58000183105469,65.2300033569336,67.44999694824219,265200,67.67449970245362,63.842599868774414,48.5596610915562,True,0.0,0.0
2025-07-03,67.5,67.58000183105469,66.52999877929688,67.0,0,67.88199977874756,63.89639991760254,47.88960782607699,True,0.0,0.0
2025-07-04,67.12999725341797,67.18000030517578,66.04000091552734,66.5,0,68.03849983215332,63.98099990844727,33.960379249093435,True,0.0,0.0
2025-07-07,65.69999694824219,68.31999969482422,65.4000015258789,67.93000030517578,332949,68.20599975585938,64.08379989624024,40.59745457480101,True,0.0,0.0
2025-07-08,67.95999908447266,68.91000366210938,67.33000183105469,68.33000183105469,219882,68.35799980163574,64.18999992370605,31.66197154039972,True,0.0,0.0
2025-07-09,68.18000030517578,68.94000244140625,67.69999694824219,68.37999725341797,223945,68.52799949645996,64.31659988403321,30.685682921076648,True,0.0,0.0
2025-07-10,68.29000091552734,68.6500015258789,66.44999694824219,66.56999969482422,258654,68.44899940490723,64.43959991455078,28.115153674576746,True,0.0,0.0
2025-07-11,66.8499984741211,68.7699966430664,66.5,68.44999694824219,226297,68.46949920654296,64.64439987182617,49.79393786958219,True,0.0,0.0
2025-07-14,68.68000030517578,69.6500015258789,66.80000305175781,66.9800033569336,263877,68.16949920654297,64.79919990539551,60.9756410569017,True,1.0,1.0
2025-07-15,66.86000061035156,67.12999725341797,66.22000122070312,66.5199966430664,252724,67.90699920654296,64.96379981994629,56.77966594833857,True,1.0,0.0
2025-07-16,66.7300033569336,67.01000213623047,65.41999816894531,66.37999725341797,248346,67.48399925231934,65.14879974365235,54.90534150463477,True,1.0,0.0
2025-07-17,66.5999984741211,67.69000244140625,66.29000091552734,67.54000091552734,188802,67.10399932861328,65.31779975891114,58.08002695315789,True,1.0,0.0
2025-07-18,67.5999984741211,68.95999908447266,67.19999694824219,67.33999633789062,107628,66.72449913024903,65.50319969177247,59.07240417313831,True,1.0,0.0
2025-07-21,67.31999969482422,67.76000213623047,66.45999908447266,67.19999694824219,81194,66.65899887084962,65.64899963378906,57.237388461878254,True,1.0,0.0
2025-07-22,67.12000274658203,67.12999725341797,65.98999786376953,66.20999908447266,269991,66.75099868774414,65.75279960632324,44.4043388416948,True,1.0,0.0
2025-07-23,65.48999786376953,65.77999877929688,64.70999908447266,65.25,251825,66.76749877929687,65.81879959106445,42.45038588028364,True,1.0,0.0
2025-07-24,65.41999816894531,66.38999938964844,65.33000183105469,66.02999877929688,281209,66.80699882507324,65.86599960327149,48.02021308322792,True,1.0,0.0
2025-07-25,66.1500015258789,66.73999786376953,65.0,65.16000366210938,234283,66.78899917602538,65.9061996459961,37.75420375965565,True,1.0,0.0
2025-07-28,65.1500015258789,67.13999938964844,65.05000305175781,66.70999908447266,262038,66.86899909973144,66.00799964904785,43.4991779714724,True,1.0,0.0
2025-07-29,67.04000091552734,69.76000213623047,66.52999877929688,69.20999908447266,329112,67.05699920654297,66.14239959716797,52.783375173081474,True,1.0,0.0
2025-07-30,69.33999633789062,70.51000213623047,68.44999694824219,70.0,345336,67.18449935913085,66.28859962463379,62.347020661994556,True,1.0,0.0
2025-07-31,70.30000305175781,70.41000366210938,68.55999755859375,69.26000213623047,247031,67.29749946594238,66.42259963989258,53.176492834049505,True,1.0,0.0
2025-08-01,69.3499984741211,69.58000183105469,67.05000305175781,67.33000183105469,355819,67.33899955749511,66.53779968261719,51.32474829060545,True,1.0,0.0
2025-08-04,66.8499984741211,67.73999786376953,65.45999908447266,66.29000091552734,277375,67.25699958801269,66.63959968566894,49.16607744918068,True,1.0,0.0
2025-08-05,66.20999908447266,66.38999938964844,65.02999877929688,65.16000366210938,279030,67.09849967956544,66.71219978332519,45.872820291517385,True,1.0,0.0
2025-08-06,65.1500015258789,66.75,63.63999938964844,64.3499984741211,353827,66.89699974060059,66.78139976501465,38.94662487680874,True,1.0,0.0
2025-08-07,64.36000061035156,65.11000061035156,63.70000076293945,63.880001068115234,300518,66.76249980926514,66.82219978332519,38.23129700094433,False,1.0,0.0
2025-08-08,63.84999847412109,64.58000183105469,62.77000045776367,63.880001068115234,322939,66.53400001525878,66.88099983215332,38.5989043738847,False,0.0,-1.0
2025-08-11,63.47999954223633,64.44000244140625,63.02000045776367,63.959999084472656,234807,66.38299980163575,66.94439979553222,41.7582334664147,False,0.0,0.0
2025-08-12,64.0,64.33999633789062,63.060001373291016,63.16999816894531,304441,66.21549987792969,66.95739974975587,42.28485286518542,False,0.0,0.0
2025-08-13,63.06999969482422,63.380001068115234,61.93999862670898,62.650001525878906,298939,66.02900009155273,66.9421997833252,37.21633569371584,False,0.0,0.0
2025-08-14,62.790000915527344,64.0999984741211,62.58000183105469,63.959999084472656,251652,65.85,66.96439979553223,45.607592985419245,False,0.0,0.0
2025-08-15,63.90999984741211,64.1500015258789,62.68000030517578,62.79999923706055,197390,65.6230001449585,66.95299980163574,35.26751333635559,False,0.0,0.0
2025-08-18,63.0,63.790000915527344,62.18000030517578,63.41999816894531,95113,65.43400020599366,66.92979972839356,24.582945109179448,False,0.0,0.0
2025-08-19,63.27000045776367,63.38999938964844,62.25,62.34999847412109,99484,65.24100017547607,66.87099967956543,17.223617277356496,False,0.0,0.0
2025-08-20,62.59999847412109,63.54999923706055,62.38999938964844,63.209999084472656,280663,65.13900012969971,66.83559959411622,24.342635721117347,False,0.0,0.0
2025-08-21,62.84999847412109,63.66999816894531,62.52000045776367,63.52000045776367,250166,65.01350021362305,66.7429995727539,31.268419427885135,False,0.0,0.0
2025-08-22,63.5,63.93000030517578,63.310001373291016,63.65999984741211,223169,64.93850002288818,66.6553995513916,35.81443849629211,False,0.0,0.0
2025-08-25,63.880001068115234,65.0999984741211,63.52999877929688,64.80000305175781,185270,64.84300022125244,66.49179954528809,48.06034128390888,False,0.0,0.0
2025-08-26,64.75,64.76000213623047,63.130001068115234,63.25,199101,64.54500026702881,66.32139961242676,44.51098381913,False,0.0,0.0
2025-08-27,63.310001373291016,64.2300033569336,62.95000076293945,64.1500015258789,193476,64.25250034332275,66.10759971618653,51.2918681246475,False,0.0,0.0
2025-08-28,63.869998931884766,64.69999694824219,63.34999847412109,64.5999984741211,208931,64.01950016021729,65.89679969787598,53.30274108804288,False,0.0,0.0
2025-08-29,64.26000213623047,64.55000305175781,63.880001068115234,64.01000213623047,0,63.85350017547607,65.67839973449708,50.21911949668713,False,0.0,0.0
2025-09-02,63.95000076293945,66.02999877929688,63.65999984741211,65.58999633789062,320218,63.81849994659424,65.61999961853027,59.91803396584403,False,0.0,0.0
2025-09-03,65.62000274658203,65.72000122070312,63.720001220703125,63.970001220703125,298737,63.758999824523926,65.6119995880127,54.962409422368246,False,0.0,0.0
2025-09-04,63.81999969482422,63.84000015258789,62.720001220703125,63.47999954223633,251689,63.71549987792969,65.58319961547852,48.07692366474047,False,0.0,0.0
2025-09-05,63.33000183105469,63.4900016784668,61.45000076293945,61.869998931884766,294540,63.614999771118164,65.51579963684082,46.40370907975171,False,0.0,0.0
2025-09-08,62.0,63.34000015258789,61.84999847412109,62.2599983215332,237288,63.533999633789065,65.45059967041016,45.433068997698264,False,0.0,0.0
2025-09-09,62.43000030517578,63.66999816894531,62.369998931884766,62.630001068115234,268529,63.46749973297119,65.40099967956543,51.16667784585252,False,0.0,0.0
2025-09-10,62.7400016784668,64.08000183105469,62.720001220703125,63.66999816894531,260684,63.49249973297119,65.36539970397949,51.888338920709366,False,0.0,0.0
2025-09-11,63.79999923706055,63.79999923706055,62.209999084472656,62.369998931884766,222661,63.47849960327149,65.26379974365234,45.63400777538398,False,0.0,0.0
2025-09-12,62.27000045776367,63.97999954223633,61.68999862670898,62.68999862670898,313265,63.4149995803833,65.17759971618652,46.367034135134645,False,0.0,0.0
2025-09-15,62.970001220703125,63.66999816894531,62.52000045776367,63.29999923706055,205560,63.4399995803833,65.11359970092774,44.14974575108691,False,0.0,0.0
2025-09-16,63.310001373291016,64.76000213623047,62.88999938964844,64.5199966430664,234250,63.49499950408936,65.04539962768554,55.084060895969486,False,0.0,0.0
2025-09-17,64.58999633789062,64.66999816894531,63.68999862670898,64.05000305175781,165427,63.57999973297119,64.9597996520996,49.58541175726328,False,0.0,0.0
2025-09-18,63.9900016784668,64.55000305175781,63.33000183105469,63.56999969482422,82321,63.59799976348877,64.86359970092774,45.74027960607273,False,0.0,0.0
2025-09-19,63.59000015258789,63.650001525878906,62.59999847412109,62.68000030517578,87165,63.555999755859375,64.78579971313476,44.63275409795688,False,0.0,0.0
2025-09-22,62.7400016784668,63.18000030517578,61.97999954223633,62.63999938964844,223779,63.50499973297119,64.66959976196289,36.405532546251045,False,0.0,0.0
2025-09-23,62.33000183105469,63.88999938964844,61.84999847412109,63.40999984741211,265948,63.435499572753905,64.59819969177246,47.199992065426656,False,0.0,0.0
2025-09-24,63.63999938964844,65.05000305175781,63.25,64.98999786376953,282721,63.52249946594238,64.56759971618652,56.80793209903085,False,0.0,0.0
2025-09-25,64.80000305175781,65.33999633789062,64.05999755859375,64.9800033569336,258353,63.563999557495116,64.53959983825683,66.38571588785499,False,0.0,0.0
2025-09-26,65.19999694824219,66.41999816894531,64.66000366210938,65.72000122070312,284990,63.619999694824216,64.50319984436035,67.5813425351416,False,0.0,0.0
2025-09-29,65.06999969482422,65.4000015258789,62.97999954223633,63.45000076293945,294292,63.59199962615967,64.42539993286132,53.49233777602171,False,0.0,0.0
2025-09-30,63.13999938964844,63.2599983215332,62.02999877929688,62.369998931884766,271649,63.430999755859375,64.32879997253418,44.48217048088229,False,0.0,0.0
2025-10-01,62.459999084472656,62.88999938964844,61.400001525878906,61.77999877929688,274339,63.32149963378906,64.24019996643067,47.33513650048884,False,0.0,0.0
2025-10-02,61.77999877929688,62.540000915527344,60.400001525878906,60.47999954223633,290507,63.17149963378906,64.1447999572754,40.82987002790908,False,0.0,0.0
2025-10-03,60.70000076293945,61.380001068115234,60.54999923706055,60.880001068115234,240044,63.121999740600586,64.04180000305176,39.78040339173305,False,0.0,0.0
2025-10-06,61.13999938964844,62.119998931884766,61.040000915527344,61.68999862670898,224682,63.093499755859376,63.97239990234375,37.62029407573262,False,0.0,0.0
2025-10-07,61.72999954223633,62.11000061035156,60.720001220703125,61.72999954223633,245121,63.04849967956543,63.87279991149902,39.45452584510313,False,0.0,0.0
2025-10-08,62.04999923706055,62.91999816894531,62.04999923706055,62.54999923706055,273318,62.99249973297119,63.73959991455078,45.50264051904138,False,0.0,0.0
2025-10-09,62.310001373291016,62.869998931884766,61.25,61.5099983215332,259171,62.949499702453615,63.56979988098144,44.90860491900321,False,0.0,0.0
2025-10-10,61.4900016784668,61.66999816894531,58.220001220703125,58.900001525878906,339103,62.75999984741211,63.36259986877442,36.69985582278955,False,0.0,0.0
2025-10-13,59.0,60.16999816894531,59.0,59.4900016784668,339103,62.56949996948242,63.20579986572265,35.878958575874606,False,0.0,0.0
2025-10-14,59.58000183105469,59.81999969482422,57.68000030517578,58.70000076293945,259200,62.278500175476076,63.0539998626709,25.97402332474516,False,0.0,0.0
2025-10-15,58.59999847412109,59.41999816894531,58.20000076293945,58.27000045776367,224919,61.98950004577637,62.91619979858398,25.1665294862582,False,0.0,0.0
2025-10-16,58.77000045776367,59.11000061035156,57.2599983215332,57.459999084472656,203866,61.68400001525879,62.778399810791015,19.58762510126644,False,0.0,0.0
2025-10-17,57.5,57.720001220703125,56.59999847412109,57.540000915527344,108748,61.42700004577637,62.65159980773926,24.056197608630924,False,0.0,0.0
2025-10-20,57.72999954223633,57.810001373291016,56.34999847412109,57.52000045776367,108146,61.17100009918213,62.524399795532226,26.524696929187712,False,0.0,0.0
2025-10-21,57.369998931884766,58.27999877929688,56.9900016784668,57.81999969482422,314207,60.891500091552736,62.40159980773926,30.27889081987864,False,0.0,0.0
2025-10-22,57.59000015258789,59.83000183105469,57.34000015258789,58.5,378637,60.567000198364255,62.30819984436035,39.49045050269357,False,0.0,0.0
2025-10-23,59.93999862670898,62.20000076293945,59.63999938964844,61.790000915527344,735186,60.40750007629394,62.29099983215332,53.69618093376714,False,0.0,0.0
2025-10-24,61.790000915527344,62.59000015258789,61.209999084472656,61.5,373744,60.19650001525879,62.24179985046387,49.19423854758132,False,0.0,0.0
2025-10-27,61.81999969482422,62.16999816894531,60.66999816894531,61.310001373291016,272191,60.08950004577637,62.21199989318848,48.24121405750799,False,0.0,0.0
2025-10-28,61.5,61.5,59.7599983215332,60.150001525878906,307568,59.97850017547607,62.14659996032715,40.228024412814776,False,0.0,0.0
2025-10-29,60.18000030517578,61.02000045776367,59.70000076293945,60.47999954223633,276875,59.913500213623045,62.10919998168945,45.54883834717109,False,0.0,0.0
2025-10-30,60.38999938964844,60.790000915527344,59.63999938964844,60.56999969482422,247917,59.91800022125244,62.056399993896484,59.22650610941476,False,0.0,0.0
2025-10-31,60.29999923706055,61.380001068115234,59.9900016784668,60.97999954223633,278598,59.92300014495849,62.00559997558594,58.399083440778455,False,0.0,0.0
2025-11-03,61.400001525878906,61.5,60.5099983215332,61.04999923706055,0,59.89100017547607,61.95339996337891,64.41716585364483,False,0.0,0.0
2025-11-04,61.02999877929688,61.02999877929688,59.93999862670898,60.560001373291016,219300,59.832500267028806,61.86859992980957,63.946413951850246,False,0.0,0.0
2025-11-05,60.43000030517578,61.09000015258789,59.52000045776367,59.59999847412109,292518,59.68500022888183,61.79559989929199,62.79903847733353,False,0.0,0.0
2025-11-06,59.68000030517578,60.5099983215332,58.83000183105469,59.43000030517578,277768,59.581000328063965,61.70119987487793,61.18343238006497,False,0.0,0.0
2025-11-07,59.650001525878906,60.459999084472656,59.31999969482422,59.75,259446,59.62350025177002,61.60419990539551,62.742860082510845,False,0.0,0.0
2025-11-10,59.869998931884766,60.47999954223633,59.40999984741211,60.130001068115234,222879,59.65550022125244,61.5265998840332,63.08041841579,False,0.0,0.0
2025-11-11,60.06999969482422,61.27999877929688,59.65999984741211,61.040000915527344,264427,59.77250022888184,61.43559997558594,64.01766887408294,False,0.0,0.0
2025-11-12,61.04999923706055,61.060001373291016,58.29999923706055,58.4900016784668,329517,59.783500289916994,61.32599998474121,30.1682639955214,False,0.0,0.0
2025-11-13,58.470001220703125,59.209999084472656,58.119998931884766,58.68999862670898,247349,59.84500026702881,61.23019996643066,32.92828593849286,False,0.0,0.0
2025-11-14,58.709999084472656,60.650001525878906,58.709999084472656,60.09000015258789,334116,59.972500228881835,61.19459999084473,43.53812557634692,False,0.0,0.0
2025-11-17,59.79999923706055,60.43999862670898,59.31999969482422,59.90999984741211,189638,60.09200019836426,61.14760002136231,48.58154957057577,False,0.0,0.0
2025-11-18,59.7400016784668,60.93000030517578,59.310001373291016,60.7400016784668,105325,60.238000297546385,61.109800033569336,51.4509049263244,False,0.0,0.0
2025-11-19,60.619998931884766,60.790000915527344,58.77000045776367,59.43999862670898,79622,60.285000228881835,61.025200042724606,44.444440276743634,False,0.0,0.0
2025-11-20,59.630001068115234,60.33000183105469,58.86000061035156,59.13999938964844,324282,60.15250015258789,60.96060005187988,40.854871265360686,False,0.0,0.0
2025-11-21,58.79999923706055,58.79999923706055,57.380001068115234,58.060001373291016,345014,59.98050022125244,60.86800010681152,36.49504089341797,False,0.0,0.0
2025-11-24,58.04999923706055,59.060001373291016,57.41999816894531,58.84000015258789,238138,59.85700016021728,60.77880012512207,42.429572498720596,False,0.0,0.0
2025-11-25,58.88999938964844,58.959999084472656,57.09999847412109,57.95000076293945,334442,59.74700012207031,60.64740020751953,42.692656621407274,False,0.0,0.0
2025-11-26,58.04999923706055,58.720001220703125,57.65999984741211,58.650001525878906,228285,59.65550022125244,60.53940017700195,46.70051269274388,False,0.0,0.0
2025-11-28,58.58000183105469,59.63999938964844,58.27000045776367,58.54999923706055,153758,59.55450019836426,60.43900016784668,44.82758393894381,False,0.0,0.0
2025-12-01,58.959999084472656,59.970001220703125,58.83000183105469,59.31999969482422,232770,59.47150020599365,60.37180015563965,46.62217990033429,False,0.0,0.0
2025-12-02,59.52000045776367,59.66999816894531,58.27999877929688,58.63999938964844,255513,59.351000213623045,60.29180015563965,39.795913733361786,False,0.0,0.0
2025-12-03,58.650001525878906,59.63999938964844,58.369998931884766,58.95000076293945,260974,59.27050018310547,60.202600173950195,52.41596049385882,False,0.0,0.0
2025-12-04,59.09000015258789,60.02000045776367,58.810001373291016,59.66999816894531,264993,59.27400016784668,60.096200180053714,54.88047350857379,False,0.0,0.0
2025-12-05,59.70000076293945,60.5,59.41999816894531,60.08000183105469,255075,59.30650024414062,59.99820014953613,49.94476069642409,False,0.0,0.0
2025-12-08,60.150001525878906,60.29999923706055,58.68000030517578,58.880001068115234,263009,59.263000297546384,59.86140014648438,44.885809184966085,False,0.0,0.0
2025-12-09,58.869998931884766,59.16999816894531,58.119998931884766,58.25,260206,59.169000244140626,59.75740013122559,37.386018119606724,False,0.0,0.0
2025-12-10,58.369998931884766,59.04999923706055,57.65999984741211,58.459999084472656,256508,59.04000015258789,59.679200134277345,44.419138652039365,False,0.0,0.0
2025-12-11,58.90999984741211,58.93999862670898,57.0099983215332,57.59999847412109,286808,58.995499992370604,59.59560012817383,41.755887251646534,False,0.0,0.0
2025-12-12,57.88999938964844,58.18999862670898,57.150001525878906,57.43999862670898,212806,58.932999992370604,59.53480010986327,46.31827601173219,False,0.0,0.0
2025-12-15,57.5,57.79999923706055,56.400001525878906,56.81999969482422,229310,58.769499969482425,59.45360008239745,37.77240313285251,False,0.0,0.0
2025-12-16,56.68000030517578,56.70000076293945,54.97999954223633,55.27000045776367,230933,58.5375,59.32520011901855,34.97758652985084,False,0.0,0.0
2025-12-17,55.22999954223633,56.97999954223633,55.20000076293945,55.93999862670898,125608,58.29749984741211,59.209400100707995,34.758144418636434,False,0.0,0.0
2025-12-18,56.900001525878906,57.02999877929688,55.880001068115234,56.150001525878906,85735,58.13299999237061,59.08140014648436,36.66668503371978,False,0.0,0.0
2025-12-19,56.02999877929688,56.900001525878906,55.81999969482422,56.65999984741211,209264,58.00900001525879,58.984400177001945,34.78261249099248,False,0.0,0.0
2025-12-22,56.630001068115234,58.130001068115234,56.59999847412109,58.0099983215332,221576,58.0064998626709,58.96660011291503,46.652491613544,False,0.0,0.0
2025-12-23,57.95000076293945,58.560001373291016,57.7400016784668,58.380001068115234,183633,57.983499908447264,58.944400100708,46.990498303326,False,0.0,0.0
2025-12-24,58.470001220703125,58.75,58.130001068115234,58.34999847412109,111762,58.003499794006345,58.93740005493163,42.482922942302494,False,0.0,0.0
2025-12-26,58.34999847412109,58.880001068115234,56.650001525878906,56.7400016784668,166669,57.90799980163574,58.90680007934569,33.26653153413142,False,0.0,0.0
2025-12-29,57.040000915527344,58.29999923706055,56.90999984741211,58.08000183105469,178590,57.88449993133545,58.91920013427733,46.04743418232973,False,0.0,0.0
2025-12-30,57.810001373291016,58.470001220703125,57.59999847412109,57.95000076293945,143802,57.81599998474121,58.927400131225575,48.44075223300586,False,0.0,0.0
2025-12-31,57.95000076293945,58.54999923706055,57.20000076293945,57.41999816894531,157160,57.75499992370605,58.92540008544921,44.76860834965645,False,0.0,0.0
2026-01-02,57.40999984741211,57.93000030517578,56.59999847412109,57.31999969482422,189503,57.67349987030029,58.91540008544921,48.47495223317693,False,0.0,0.0
2026-01-05,57.470001220703125,58.5099983215332,56.310001373291016,58.31999969482422,301483,57.60599994659424,58.911800079345696,54.39122269417364,False,0.0,0.0
2026-01-06,58.34000015258789,58.869998931884766,56.84000015258789,57.130001068115234,292067,57.458499908447266,58.81860008239745,51.46365141087963,False,0.0,0.0
2026-01-07,57.0,57.16999816894531,55.7599983215332,55.9900016784668,383128,57.31399993896484,58.70840011596679,53.53635166561369,False,0.0,0.0
2026-01-08,56.41999816894531,58.7400016784668,55.970001220703125,57.7599983215332,334134,57.289499855041505,58.63740005493163,58.06737540683347,False,0.0,0.0
2026-01-09,58.400001525878906,59.77000045776367,57.61000061035156,59.119998931884766,360309,57.32249984741211,58.61680000305175,61.94689559357842,False,0.0,0.0
2026-01-12,59.0,59.90999984741211,58.45000076293945,59.5,309700,57.41749992370605,58.597200012207026,61.544716783521494,False,0.0,0.0
2026-01-13,59.95000076293945,61.5,59.470001220703125,61.150001525878906,411190,57.60300006866455,58.608800048828115,62.4603279125284,False,0.0,0.0
2026-01-14,61.119998931884766,62.36000061035156,59.18999862670898,62.02000045776367,410261,57.863000106811526,58.62960006713866,63.893129059668276,False,0.0,0.0
2026-01-15,61.060001373291016,61.13999938964844,58.880001068115234,59.18999862670898,113642,58.05900001525879,58.59240005493163,52.64151029404603,False,0.0,0.0
2026-01-16,59.2599983215332,60.18000030517578,58.93999862670898,59.43999862670898,113794,58.234000015258786,58.56999999999999,59.28472069543971,False,0.0,0.0
2026-01-20,59.0099983215332,60.68000030517578,58.70000076293945,60.34000015258789,499595,58.44349994659424,58.58480003356933,58.01417714423151,False,0.0,0.0
2026-01-21,59.56999969482422,60.88999938964844,59.220001220703125,60.619998931884766,333062,58.64149990081787,58.60860000610351,59.36841462787828,True,0.0,0.0
2026-01-22,60.68000030517578,60.81999969482422,58.959999084472656,59.36000061035156,324349,58.70900001525879,58.60080001831054,56.475310396249874,True,0.0,0.0
2026-01-23,59.65999984741211,61.36000061035156,59.52000045776367,61.06999969482422,283419,58.843499946594235,58.61959999084472,61.301991644914374,True,0.0,0.0
2026-01-26,61.220001220703125,61.709999084472656,60.31999969482422,60.630001068115234,281062,58.95750007629395,58.61139999389648,57.20524672151297,True,0.0,0.0
2026-01-27,60.77999877929688,62.630001068115234,60.13999938964844,62.38999938964844,360208,59.23999996185303,58.689399948120105,65.84337353550622,True,0.0,0.0
2026-01-28,62.58000183105469,63.56999969482422,62.06999969482422,63.209999084472656,354864,59.49649982452392,58.77979995727538,72.17444606618594,True,0.0,0.0
2026-01-29,63.5,66.4800033569336,63.27999877929688,65.41999816894531,560007,59.869999694824216,58.88639991760253,72.90670166210856,True,0.0,0.0
2026-01-30,65.5199966430664,66.11000061035156,63.63999938964844,65.20999908447266,449325,60.25949974060059,58.99239990234374,69.55684574188285,True,0.0,0.0
2026-02-02,64.72000122070312,64.73999786376953,61.38999938964844,62.13999938964844,414083,60.5004997253418,59.02039985656737,57.22891616604842,True,0.0,0.0
2026-02-03,62.27999877929688,64.20999908447266,61.119998931884766,63.209999084472656,381144,60.744999694824216,59.09579986572265,55.82578736419844,True,0.0,0.0
2026-02-04,63.79999923706055,65.52999877929688,62.86000061035156,65.13999938964844,446588,61.14549961090088,59.215799865722644,58.32443949479061,True,0.0,0.0
2026-02-05,64.48999786376953,64.66999816894531,62.650001525878906,63.290000915527344,389763,61.51049957275391,59.32039985656738,61.54280528602192,True,0.0,0.0
2026-02-06,63.09999847412109,64.58000183105469,62.20000076293945,63.54999923706055,448924,61.79999961853027,59.41459983825683,61.564443307166414,True,0.0,0.0
2026-02-09,62.9900016784668,64.87999725341797,62.619998931884766,64.36000061035156,298005,62.06199970245361,59.54279983520507,61.36878673779097,True,0.0,0.0
2026-02-10,64.44000244140625,64.70999908447266,63.650001525878906,63.959999084472656,276292,62.28499965667724,59.64899978637695,59.38202732396074,True,0.0,0.0
2026-02-11,64.19999694824219,65.83000183105469,64.1500015258789,64.62999725341797,340194,62.458999443054196,59.77059974670409,65.31086362483752,True,0.0,0.0
2026-02-12,64.87000274658203,65.0999984741211,62.38999938964844,62.84000015258789,369303,62.49999942779541,59.840999755859364,55.11857008556268,True,0.0,0.0
2026-02-13,62.9900016784668,63.2599983215332,62.13999938964844,62.88999938964844,255793,62.68499946594238,59.925999755859365,56.68638949075116,True,0.0,0.0
2026-02-17,63.29999923706055,64.13999938964844,61.869998931884766,62.33000183105469,328727,62.82949962615967,59.99359977722167,49.80892484263756,True,0.0,0.0
2026-02-18,62.29999923706055,65.55999755859375,62.119998931884766,65.19000244140625,115379,63.07199974060059,60.10399986267089,55.580621327222936,True,0.0,0.0
2026-02-19,65.0999984741211,66.9000015258789,64.87999725341797,66.43000030517578,113408,63.36249980926514,60.23099983215331,53.01133809749981,True,0.0,0.0
2026-02-20,66.66999816894531,67.05000305175781,65.94000244140625,66.38999938964844,351351,63.71399974822998,60.38119979858398,53.554219746906185,True,0.0,0.0
2026-02-23,65.88999938964844,67.27999877929688,65.37999725341797,66.30999755859375,270365,63.975999641418454,60.54239974975585,65.31961910186115,True,0.0,0.0
2026-02-24,66.30999755859375,67.1500015258789,65.55000305175781,65.62999725341797,312124,64.22599945068359,60.685799713134756,59.15279630141548,True,0.0,0.0
2026-02-25,66.06999969482422,66.5999984741211,65.12000274658203,65.41999816894531,306780,64.37749938964843,60.84219970703125,51.21738680458852,True,0.0,0.0
2026-02-26,65.6500015258789,66.70999908447266,63.59999847412109,65.20999908447266,498542,64.47749938964844,60.99759971618652,59.736305962151675,True,0.0,0.0
2026-02-27,65.3499984741211,67.83000183105469,64.8499984741211,67.0199966430664,437053,64.5574993133545,61.20159965515137,65.20595868823806,True,0.0,0.0
2026-03-02,75.0,75.33000183105469,69.19999694824219,71.2300033569336,881329,64.85849952697754,61.520799713134764,73.19380107728512,True,0.0,0.0
2026-03-03,71.2300033569336,77.9800033569336,70.41000366210938,74.55999755859375,1009753,65.4794994354248,61.89319969177246,79.87599861690269,True,0.0,0.0
2026-03-04,74.73999786376953,77.2300033569336,73.27999877929688,74.66000366210938,617822,66.05199966430663,62.26339973449707,79.20794256935996,True,0.0,0.0
2026-03-05,76.1500015258789,82.16000366210938,74.97000122070312,81.01000213623047,707030,66.84549980163574,62.75039978027344,91.8085650400631,True,0.0,0.0
2026-03-06,79.08000183105469,92.61000061035156,78.23999786376953,90.9000015258789,996251,68.22599983215332,63.408199844360354,94.36173963730289,True,0.0,0.0
2026-03-09,98.0,119.4800033569336,81.19000244140625,94.7699966430664,1107193,69.78699970245361,64.13599975585937,96.50228980283657,True,0.0,0.0
2026-03-10,85.75,91.4800033569336,76.7300033569336,83.44999694824219,801564,70.74149951934814,64.6379997253418,71.0659852904416,True,0.0,0.0
2026-03-11,86.88999938964844,88.98999786376953,81.79000091552734,87.25,538020,71.90599956512452,65.24819969177246,72.67973747570105,True,0.0,0.0
2026-03-12,89.31999969482422,97.19000244140624,88.61000061035156,95.7300033569336,548999,73.4609998703003,66.00119972229004,76.99668920244191,True,0.0,0.0
2026-03-13,96.73999786376952,99.31999969482422,92.04000091552734,98.70999908447266,436700,75.25449981689454,66.81639968872071,78.30188918157413,True,0.0,0.0
2026-03-16,100.93000030517578,102.44000244140624,92.93000030517578,93.5,455454,76.78499984741211,67.53799972534179,72.55949834968172,True,0.0,0.0
2026-03-17,94.41000366210938,98.41999816894533,93.83000183105467,96.20999908447266,308425,78.478999710083,68.31579971313477,73.95363507370669,True,0.0,0.0
2026-03-18,96.0,100.5500030517578,91.95999908447266,96.31999969482422,157222,80.0354995727539,69.07579971313477,74.24030037249328,True,0.0,0.0
2026-03-19,99.12999725341795,101.4800033569336,92.8000030517578,96.13999938964844,118719,81.52099952697753,69.85599967956543,73.28110195098523,True,0.0,0.0
2026-03-20,95.0,99.66999816894533,93.41999816894533,98.31999969482422,461845,83.11749954223633,70.70259963989258,72.3847288028015,True,0.0,0.0
2026-03-23,100.51000213623048,101.66999816894533,84.37000274658203,88.12999725341797,666790,84.20849952697753,71.30999961853027,60.07124769303404,True,0.0,0.0
2026-03-24,88.77999877929688,93.36000061035156,86.33999633789062,92.3499984741211,420067,85.5444995880127,71.974599609375,62.372356511830894,True,0.0,0.0
2026-03-25,88.48999786376953,91.7300033569336,86.45999908447266,90.31999969482422,405170,86.78949966430665,72.59099960327148,56.93017553400652,True,0.0,0.0
2026-03-26,91.37999725341795,95.44000244140624,89.51000213623047,94.4800033569336,350768,88.25299987792968,73.25759963989258,52.91341283268083,True,0.0,0.0
2026-03-27,93.30999755859376,101.23999786376952,92.08000183105467,99.63999938964844,374920,89.88400001525879,74.00999961853027,53.88171726922421,True,0.0,0.0
2026-03-30,102.5999984741211,105.36000061035156,99.43000030517578,102.87999725341795,374075,91.46649971008301,74.88379959106446,67.77676099055086,True,0.0,0.0
2026-03-31,105.06999969482422,106.86000061035156,99.62000274658205,101.37999725341795,495395,92.80749969482422,75.72259956359864,63.49569977581092,True,0.0,0.0
2026-04-01,101.72000122070312,103.30999755859376,96.5,100.12000274658205,434561,94.08049964904785,76.51819961547852,54.86372745287712,True,0.0,0.0
2026-04-02,98.91999816894533,113.97000122070312,97.5,111.54000091552734,0,95.6069995880127,77.53659965515136,61.97498948234331,True,0.0,0.0
2026-04-06,112.95999908447266,115.4800033569336,108.88999938964844,112.41000366210938,271742,96.68249969482422,78.59759971618652,69.20577422631303,True,0.0,0.0
2026-04-07,112.62000274658205,117.62999725341795,109.1999969482422,112.9499969482422,429331,97.59149971008301,79.63519966125489,67.78580689132588,True,0.0,0.0
2026-04-08,108.73999786376952,109.19000244140624,91.0500030517578,94.41000366210938,599576,98.13950004577637,80.31079971313477,48.541764742681735,True,0.0,0.0
2026-04-09,96.77999877929688,102.6999969482422,95.25,97.87000274658205,427201,98.67050018310547,81.02039978027344,51.25781868928143,True,0.0,0.0
2026-04-10,98.2300033569336,100.41999816894533,95.51000213623048,96.56999969482422,314855,98.7125,81.68759979248047,48.71115008907143,True,0.0,0.0
2026-04-13,102.0,105.62999725341795,97.02999877929688,99.08000183105467,344337,98.7310001373291,82.36079986572265,59.09318013548925,True,0.0,0.0
2026-04-14,97.98999786376952,98.0,91.05999755859376,91.27999877929688,315821,98.62000007629395,82.88219985961913,49.16131060086609,True,0.0,0.0
2026-04-15,92.0199966430664,93.3000030517578,86.95999908447266,91.29000091552734,240397,98.37400016784667,83.46519989013672,50.7851719226374,True,0.0,0.0
2026-04-16,91.47000122070312,95.44000244140624,90.5199966430664,94.69000244140624,194354,98.29250030517578,84.09479995727538,50.17210222065322,True,0.0,0.0
2026-04-17,93.18000030517578,94.04000091552734,80.55999755859375,83.8499984741211,116624,97.67800025939941,84.46899993896484,38.16164181745942,True,0.0,0.0
2026-04-20,89.0,91.1999969482422,87.0199966430664,89.61000061035156,115578,97.24250030517578,84.99539993286133,40.41323737999908,True,0.0,0.0
2026-04-21,87.88999938964844,94.4499969482422,87.76000213623047,92.12999725341795,383596,97.44250030517578,85.56699989318848,43.41449482932772,True,0.0,0.0
2026-04-22,90.0,93.7300033569336,87.63999938964844,92.95999908447266,299675,97.47300033569336,86.1389998626709,44.87105777287707,True,0.0,0.0
2026-04-23,92.9000015258789,98.38999938964844,92.3000030517578,95.8499984741211,365210,97.7495002746582,86.77679985046387,37.19601652740667,True,0.0,0.0
2026-04-24,96.62000274658205,97.8499984741211,92.68000030517578,94.4000015258789,330280,97.74550018310546,87.37219993591309,35.44057996722012,True,0.0,0.0
2026-04-27,95.5999984741211,97.66999816894533,94.58999633789062,96.37000274658205,219055,97.58200035095214,88.04279998779298,36.89950021924862,True,0.0,0.0
2026-04-28,96.66999816894533,101.8499984741211,96.23999786376952,99.93000030517578,281078,97.43450050354004,88.78360000610351,55.71428097553239,True,0.0,0.0
2026-04-29,99.70999908447266,108.5999984741211,98.41999816894533,106.87999725341795,318841,97.70950050354004,89.67459991455078,58.6985837229789,True,0.0,0.0
2026-04-30,109.06999969482422,110.93000030517578,103.33999633789062,105.06999969482422,341994,97.95700035095214,90.47219985961914,58.126194554509034,True,0.0,0.0
2026-05-01,105.13999938964844,106.6500015258789,99.3000030517578,101.94000244140624,268707,97.4770004272461,91.18239990234375,52.7021926580771,True,0.0,0.0
2026-05-04,99.7300033569336,107.45999908447266,99.11000061035156,106.41999816894533,342843,97.1775001525879,91.98299987792969,65.26209897603049,True,0.0,0.0
2026-05-05,104.93000030517578,105.4800033569336,101.08000183105467,102.2699966430664,241150,96.6435001373291,92.70219985961914,60.215851993694315,True,0.0,0.0
2026-05-06,102.6999969482422,102.6999969482422,88.66000366210938,95.08000183105467,423491,96.67700004577637,93.29119995117188,50.338953156061145,True,0.0,0.0
2026-05-07,96.3000030517578,97.98999786376952,89.8499984741211,94.80999755859376,392091,96.52399978637695,93.87899993896484,61.6695090070265,True,0.0,0.0
2026-05-08,98.25,98.63999938964844,93.81999969482422,95.41999816894533,243423,96.46649971008301,94.4831999206543,56.94809856284118,True,0.0,0.0
2026-05-11,98.19000244140624,100.37000274658205,96.12999725341795,98.06999969482422,256251,96.41599960327149,95.10419998168945,57.081550139181026,True,0.0,0.0
2026-05-12,98.38999938964844,102.72000122070312,98.0,102.18000030517578,231747,96.96099967956543,95.7231999206543,60.19460867200241,True,0.0,0.0
2026-05-13,102.16000366210938,103.66999816894533,100.55999755859376,101.0199966430664,212582,97.44749946594239,96.25239990234375,55.94389437785949,True,0.0,0.0
2026-05-14,101.0199966430664,102.3499984741211,99.38999938964844,101.16999816894533,173862,97.77149925231933,96.78259979248047,58.0232252613823,True,0.0,0.0
2026-05-15,102.05999755859376,106.0,101.4800033569336,105.41999816894533,96552,98.84999923706054,97.27079971313476,60.175395465013125,True,0.0,0.0
2026-05-18,106.0,109.47000122070312,102.6500015258789,108.66000366210938,117910,99.80249938964843,97.62599975585937,59.88675317691261,True,0.0,0.0
2026-05-19,107.11000061035156,109.23999786376952,106.76000213623048,107.7699966430664,206472,100.58449935913086,97.88599975585937,51.16828448238913,True,0.0,0.0
2026-05-20,104.12000274658205,104.4499969482422,96.94000244140624,98.26000213623048,320034,100.84949951171875,98.18219985961915,42.563882629643054,True,0.0,0.0
2026-05-21,98.9499969482422,102.66000366210938,95.76000213623048,96.3499984741211,345482,100.87449951171875,98.36419982910157,43.728963325339926,True,0.0,0.0
2026-05-22,98.0,99.43000030517578,94.7300033569336,96.5999984741211,261142,100.98449935913087,98.3815997314453,37.82846428531575,True,0.0,0.0
2026-05-26,93.87999725341795,94.6999969482422,89.41000366210938,93.88999938964844,358867,100.86049919128418,98.28519973754882,39.228799951673984,True,0.0,0.0
2026-05-27,93.38999938964844,93.69000244140624,87.7699966430664,88.68000030517578,290948,100.29799919128418,98.18879974365234,41.33261392785267,True,0.0,0.0
2026-05-28,89.11000061035156,92.5199966430664,87.11000061035156,88.9000015258789,235145,99.39899940490723,98.04259979248047,41.98536324032455,True,0.0,0.0
2026-05-29,88.55000305175781,89.0199966430664,86.3499984741211,87.36000061035156,267803,98.5134994506836,97.86339981079101,39.33863273242796,True,0.0,0.0
2026-06-01,88.5,94.77999877929688,88.44999694824219,92.16000366210938,322039,98.02449951171874,97.78379989624024,42.60326270560922,True,0.0,0.0
2026-06-02,92.4499969482422,94.0,90.12000274658205,93.76000213623048,238146,97.39149971008301,97.69259994506837,38.75534964169986,False,0.0,0.0
2026-06-03,93.4499969482422,97.0,93.4499969482422,96.0199966430664,260613,97.07899971008301,97.85039993286132,43.513234442888034,False,0.0,0.0
2026-06-04,95.75,95.91000366210938,91.91000366210938,93.04000091552734,219500,96.97699966430665,97.86419998168945,40.174043130696084,False,0.0,0.0
2026-06-05,92.81999969482422,93.62999725341795,89.68000030517578,90.54000091552734,252903,96.76349983215331,97.86860000610352,31.221610017806398,False,0.0,0.0
2026-06-08,93.0,95.47000122070312,90.38999938964844,91.3000030517578,278650,96.55750007629395,97.805,26.62897025357772,False,0.0,0.0
2026-06-09,91.27999877929688,91.5500030517578,85.94999694824219,88.19999694824219,306101,96.06399993896484,97.57619995117187,25.133417466719038,False,0.0,0.0
2026-06-10,89.4000015258789,91.87000274658205,87.38999938964844,90.02999877929688,291935,95.4564998626709,97.31919998168945,37.00662796000336,False,0.0,0.0
2026-06-11,92.25,93.63999938964844,85.73999786376953,87.70999908447266,317151,94.7909999847412,97.04580001831054,36.53366755533568,False,0.0,0.0
2026-06-12,86.63999938964844,87.2300033569336,83.19999694824219,84.87999725341797,233924,93.97649993896485,96.74099990844726,33.092902506649835,False,0.0,0.0
2026-06-15,81.4000015258789,82.41999816894531,79.69999694824219,80.75,208395,92.74300003051758,96.12519989013671,31.790467401891007,False,0.0,0.0
2026-06-16,81.0999984741211,81.58000183105469,75.5199966430664,76.05000305175781,205050,91.1125,95.39799987792969,32.24627865929422,False,0.0,0.0
2026-06-17,76.58999633789062,80.02999877929688,74.58999633789062,76.79000091552734,100474,89.56350021362304,94.6747999572754,33.222496759251015,False,0.0,0.0
2026-06-18,75.52999877929688,76.98999786376953,73.58000183105469,76.5999984741211,97813,88.48050003051758,94.31859985351562,34.513525046223265,False,0.0,0.0
2026-06-22,78.93000030517578,78.95999908447266,74.44999694824219,74.81999969482422,315903,87.40400009155273,93.85759979248047,22.667075235418082,False,0.0,0.0
2026-06-23,74.13999938964844,74.44999694824219,72.4800033569336,73.20999908447266,203509,86.23450012207032,93.39039978027344,17.61738761609395,False,0.0,0.0
2026-06-24,73.12999725341797,73.18000030517578,69.62999725341797,70.33999633789062,251403,85.05699996948242,92.81559967041015,10.296850409861648,False,0.0,0.0
2026-06-25,69.94999694824219,72.5,68.9000015258789,71.91999816894531,228065,84.2189998626709,92.42839965820312,15.869431363705715,False,0.0,0.0
2026-06-26,71.44000244140625,71.86000061035156,68.55999755859375,69.2300033569336,249316,83.23549995422363,91.98719970703125,15.772575945917296,False,0.0,0.0
2026-06-29,70.5,71.1500015258789,69.31999969482422,70.75,170488,82.40499992370606,91.50839965820313,17.77986289578233,False,0.0,0.0
2026-06-30,70.43000030517578,71.5999984741211,69.22000122070312,69.5,194279,81.27199974060059,91.22139968872071,18.874831678350347,False,0.0,0.0
2026-07-01,69.9800033569336,70.19000244140625,67.91999816894531,68.58000183105469,200004,80.0129997253418,90.80079971313477,13.182278426641759,False,0.0,0.0
2026-07-02,68.02999877929688,68.80000305175781,67.04000091552734,68.69000244140625,183635,78.6465000152588,90.33199981689454,14.67309931791715,False,0.0,0.0
2026-07-06,68.68000030517578,69.20999908447266,67.81999969482422,68.55000305175781,229909,77.42200012207032,89.84379989624023,16.30210024141394,False,0.0,0.0
2026-07-07,68.58000183105469,72.51000213623047,68.58000183105469,70.44000244140625,264072,76.41700019836426,89.33559997558594,26.557521288761095,False,0.0,0.0
2026-07-08,72.37999725341797,76.08000183105469,71.75,73.5199966430664,445251,75.52799987792969,88.91799987792969,43.78986754359189,False,0.0,0.0
2026-07-09,74.94999694824219,75.12999725341797,71.41999816894531,72.08000183105469,264009,74.72200012207031,88.43219985961915,38.82296496522956,False,0.0,0.0
2026-07-10,71.86000061035156,73.16000366210938,70.7699966430664,71.41000366210938,219817,73.79100036621094,87.86179992675781,37.95823761178136,False,0.0,0.0
2026-07-13,73.69000244140625,78.58000183105469,72.61000061035156,78.13999938964844,327411,73.31250038146973,87.28699996948242,56.26415577797579,False,0.0,0.0
2026-07-14,78.04000091552734,81.2699966430664,77.83999633789062,79.33999633789062,409973,73.03550033569336,86.77239990234375,61.74780278185144,False,0.0,0.0
2026-07-15,79.73999786376953,80.93000030517578,78.19000244140625,79.5999984741211,239855,72.97800025939941,86.32559982299804,69.71893706944479,False,0.0,0.0
2026-07-16,80.0,80.87000274658203,78.58000183105469,78.94999694824219,188731,73.12299995422363,85.77619979858399,65.58759942754097,False,0.0,0.0
2026-07-17,79.56999969482422,82.76000213623047,78.61000061035156,82.48999786376953,96003,73.40799980163574,85.38059982299805,78.33334746185463,False,0.0,0.0
2026-07-20,83.76000213623047,85.38999938964844,80.2699966430664,83.2300033569336,99783,73.73950004577637,85.14359985351562,77.58622957609617,False,0.0,0.0
2026-07-21,83.4800033569336,85.80000305175781,82.25,84.91000366210938,99783,74.24400024414062,84.94559997558594,83.42735753380767,False,0.0,0.0
2026-07-22,84.69000244140625,88.61000061035156,84.44000244140625,87.01000213623047,295839,74.93400039672852,84.77740005493165,88.03138538600253,False,0.0,0.0
