Date,Open,High,Low,Close,Volume,ma_short,ma_long,rsi,trend_up,position,signal
2016-01-04,1063.4000244140625,1082.5,1063.199951171875,1075.0999755859375,143,,,,False,0.0,0.0
2016-01-05,1075.5999755859375,1081.5,1075.300048828125,1078.4000244140625,82,,,,False,0.0,0.0
2016-01-06,1081.5999755859375,1093.699951171875,1081.5999755859375,1091.9000244140625,52,,,,False,0.0,0.0
2016-01-07,1091.5999755859375,1109.4000244140625,1091.5999755859375,1107.699951171875,122,,,,False,0.0,0.0
2016-01-08,1111.0999755859375,1111.0999755859375,1093.0,1097.800048828125,98,,,,False,0.0,0.0
2016-01-11,1105.699951171875,1107.9000244140625,1096.5,1096.5,43,,,,False,0.0,0.0
2016-01-12,1093.800048828125,1098.5,1084.0,1085.5999755859375,87,,,,False,0.0,0.0
2016-01-13,1081.5,1093.9000244140625,1081.5,1087.5,50,,,,False,0.0,0.0
2016-01-14,1091.5,1091.5,1073.699951171875,1073.9000244140625,59,,,,False,0.0,0.0
2016-01-15,1085.0,1095.800048828125,1081.800048828125,1091.5,44,,,,False,0.0,0.0
2016-01-19,1089.800048828125,1094.4000244140625,1084.9000244140625,1089.9000244140625,17,,,,False,0.0,0.0
2016-01-20,1099.800048828125,1109.800048828125,1099.800048828125,1107.0999755859375,30,,,,False,0.0,0.0
2016-01-21,1103.5999755859375,1103.5999755859375,1094.0999755859375,1099.0999755859375,16,,,,False,0.0,0.0
2016-01-22,1098.0,1103.199951171875,1097.199951171875,1097.199951171875,4,,,,False,0.0,0.0
2016-01-25,1099.300048828125,1109.300048828125,1099.300048828125,1106.199951171875,8,,,62.39044057212612,False,0.0,0.0
2016-01-26,1115.0999755859375,1121.699951171875,1114.300048828125,1121.699951171875,181,,,65.72257824876311,False,0.0,0.0
2016-01-27,1117.800048828125,1117.800048828125,1115.800048828125,1116.0999755859375,168706,,,59.32202911635256,False,0.0,0.0
2016-01-28,1125.4000244140625,1125.699951171875,1109.800048828125,1115.5999755859375,52861,,,53.449795998434944,False,0.0,0.0
2016-01-29,1114.4000244140625,1118.5999755859375,1108.800048828125,1116.4000244140625,6955,,,58.82351578632836,False,0.0,0.0
2016-02-01,1116.699951171875,1130.0,1115.300048828125,1127.9000244140625,1682,1099.1549926757812,,63.58132830690764,False,0.0,0.0
2016-02-02,1128.300048828125,1131.4000244140625,1123.0,1127.300048828125,1230,1101.7649963378906,,69.80061835090197,False,0.0,0.0
2016-02-03,1128.5,1146.0,1125.0,1141.300048828125,1630,1104.9099975585937,,72.9131574022085,False,0.0,0.0
2016-02-04,1142.5,1157.5999755859375,1141.0,1157.5999755859375,771,1108.1949951171875,,84.84598387165627,False,0.0,0.0
2016-02-05,1155.5999755859375,1174.800048828125,1146.0,1157.800048828125,877,1110.7,,82.27852013150795,False,0.0,0.0
2016-02-08,1173.5,1200.4000244140625,1165.0,1197.9000244140625,931,1115.7049987792968,,88.24363928728894,False,0.0,0.0
2016-02-09,1188.699951171875,1199.199951171875,1186.699951171875,1198.699951171875,700,1120.8149963378905,,86.69872970506503,False,0.0,0.0
2016-02-10,1189.800048828125,1197.699951171875,1182.0999755859375,1194.699951171875,671,1126.2699951171876,,89.56955031007698,False,0.0,0.0
2016-02-11,1205.5999755859375,1260.800048828125,1204.5999755859375,1247.9000244140625,995,1134.2899963378907,,93.78271197573063,False,0.0,0.0
2016-02-12,1247.800048828125,1247.800048828125,1233.5,1239.0999755859375,250,1142.5499938964845,,88.65619707357949,False,0.0,0.0
2016-02-16,1233.0999755859375,1233.5999755859375,1193.5999755859375,1207.9000244140625,422,1148.3699951171875,,72.97443615676276,False,0.0,0.0
2016-02-17,1196.5,1212.9000244140625,1196.5,1211.0999755859375,53,1154.4299926757812,,75.64795492625026,False,0.0,0.0
2016-02-18,1209.5999755859375,1239.199951171875,1201.5999755859375,1226.0999755859375,315,1160.3799926757813,,77.66650651428964,False,0.0,0.0
2016-02-19,1230.800048828125,1232.800048828125,1221.800048828125,1230.4000244140625,76,1166.9449951171875,,78.05118784294737,False,0.0,0.0
2016-02-22,1226.0999755859375,1226.0999755859375,1203.0,1209.5,280,1172.5599975585938,,69.19096541780952,False,0.0,0.0
2016-02-23,1207.4000244140625,1226.0999755859375,1207.4000244140625,1222.300048828125,351,1178.3650024414062,,71.12988864887525,False,0.0,0.0
2016-02-24,1230.0,1250.0999755859375,1230.0,1238.699951171875,111,1184.2150024414063,,71.43484227029339,False,0.0,0.0
2016-02-25,1239.4000244140625,1241.5,1235.0,1238.199951171875,1349,1190.320001220703,,69.06337896822303,False,0.0,0.0
2016-02-26,1232.4000244140625,1239.0999755859375,1212.199951171875,1219.800048828125,656,1195.5300048828126,,63.50175077437075,False,0.0,0.0
2016-02-29,1218.5999755859375,1241.0,1218.5999755859375,1233.9000244140625,580,1201.4050048828126,,58.8408708008322,False,0.0,0.0
2016-03-01,1240.5,1248.4000244140625,1229.0,1230.300048828125,477,1206.5250061035156,,57.65506603865089,False,0.0,0.0
2016-03-02,1232.800048828125,1242.5999755859375,1226.0,1241.0999755859375,267,1212.2150024414063,,60.88181557405443,False,0.0,0.0
2016-03-03,1238.4000244140625,1267.9000244140625,1238.0,1257.4000244140625,123,1218.020001220703,,52.694274113587134,False,0.0,0.0
2016-03-04,1263.0,1279.9000244140625,1250.9000244140625,1269.9000244140625,268,1223.6350036621093,,58.555580723172646,False,0.0,0.0
2016-03-07,1259.800048828125,1272.300048828125,1259.699951171875,1263.199951171875,67,1228.9049987792969,,67.78134089044671,False,0.0,0.0
2016-03-08,1268.699951171875,1276.300048828125,1261.0,1262.0999755859375,43,1232.1149963378907,,66.62321788371005,False,0.0,0.0
2016-03-09,1254.5,1260.0,1244.800048828125,1256.5999755859375,79,1235.0099975585938,,60.59764444007099,False,0.0,0.0
2016-03-10,1250.0,1273.0,1237.5,1272.0,119,1238.875,,63.41935753162608,False,0.0,0.0
2016-03-11,1270.0,1280.699951171875,1249.4000244140625,1258.699951171875,87,1239.4149963378907,,66.68927536231884,False,0.0,0.0
2016-03-14,1256.0,1258.0,1234.5,1244.4000244140625,58,1239.679998779297,,57.42109073141458,False,0.0,0.0
2016-03-15,1228.300048828125,1236.0,1228.0,1230.4000244140625,37,1240.804998779297,1173.387998046875,47.16725813184772,True,0.0,0.0
2016-03-16,1229.5,1263.800048828125,1228.9000244140625,1229.300048828125,45,1241.7150024414063,1176.4719995117186,46.974877224196334,True,0.0,0.0
2016-03-17,1261.5,1270.0999755859375,1255.9000244140625,1264.5,27,1243.6350036621093,1180.1939990234375,63.63635686558405,True,0.0,0.0
2016-03-18,1257.0999755859375,1264.4000244140625,1251.5,1253.800048828125,542,1244.8050048828125,1183.4319995117187,56.19938926769165,True,0.0,0.0
2016-03-21,1256.199951171875,1256.199951171875,1243.4000244140625,1243.800048828125,1061,1246.5200073242188,1186.1540014648438,54.04434029332,True,0.0,0.0
2016-03-22,1244.0,1252.4000244140625,1243.800048828125,1248.199951171875,20,1247.8150024414062,1189.1619995117187,52.21183208284055,True,0.0,0.0
2016-03-23,1247.699951171875,1247.699951171875,1218.5999755859375,1223.699951171875,28,1247.0650024414062,1191.7059985351561,40.01182353839285,True,0.0,0.0
2016-03-24,1214.199951171875,1221.4000244140625,1214.199951171875,1221.4000244140625,13,1246.2250061035156,1194.4219995117187,34.70029189097603,True,0.0,0.0
2016-03-28,1211.5,1222.199951171875,1210.0,1219.9000244140625,33,1246.2300048828124,1197.07,35.87735929436366,True,0.0,0.0
2016-03-29,1217.800048828125,1235.5999755859375,1217.699951171875,1235.5999755859375,189732,1246.3150024414062,1200.3039990234374,42.10838179076567,True,0.0,0.0
2016-03-30,1241.4000244140625,1245.0,1223.4000244140625,1226.9000244140625,48248,1246.145001220703,1203.0119995117188,41.32085944545278,True,0.0,0.0
2016-03-31,1225.5999755859375,1239.5999755859375,1224.5,1234.199951171875,3377,1245.8,1205.897998046875,38.40485826321135,True,0.0,0.0
2016-04-01,1232.300048828125,1235.199951171875,1209.199951171875,1222.199951171875,1602,1244.0399963378907,1208.1999975585939,38.713629795824076,True,0.0,0.0
2016-04-04,1221.699951171875,1222.300048828125,1215.0,1218.0,2038,1241.4449951171875,1210.577998046875,41.29283849060676,True,0.0,0.0
2016-04-05,1215.4000244140625,1236.699951171875,1215.4000244140625,1228.4000244140625,477,1239.7049987792968,1213.2019995117187,49.32432209512938,True,0.0,0.0
2016-04-06,1230.4000244140625,1230.4000244140625,1217.5999755859375,1222.5,248,1237.725,1215.5280004882814,47.774846732612524,True,0.0,0.0
2016-04-07,1224.800048828125,1242.9000244140625,1224.5999755859375,1236.199951171875,375,1236.7049987792968,1217.8180004882813,39.2230984207972,True,0.0,0.0
2016-04-08,1241.0,1242.800048828125,1232.0,1242.5,409,1235.229998779297,1220.3460009765624,45.547644103959165,True,0.0,0.0
2016-04-11,1241.5,1258.699951171875,1241.5,1256.699951171875,437,1235.1299987792968,1223.1680004882812,54.919885881143564,True,0.0,0.0
2016-04-12,1260.0,1261.699951171875,1253.699951171875,1259.4000244140625,185,1235.8799987792968,1226.0280004882814,54.327701800776,True,0.0,0.0
2016-04-13,1256.5,1256.9000244140625,1241.300048828125,1246.800048828125,203,1236.7,1228.4060009765626,59.82984921428111,True,0.0,0.0
2016-04-14,1231.4000244140625,1243.699951171875,1224.5,1225.0,264,1236.4849975585937,1230.36,51.313860873578705,True,0.0,0.0
2016-04-15,1225.699951171875,1235.0,1225.699951171875,1233.0999755859375,97,1234.9149963378907,1232.1959985351561,54.59608796552105,True,0.0,0.0
2016-04-18,1238.699951171875,1241.0999755859375,1232.199951171875,1233.5999755859375,304,1233.9049926757812,1233.7159985351564,49.22118320828405,True,0.0,0.0
2016-04-19,1231.5999755859375,1256.199951171875,1228.800048828125,1253.0,386,1234.364990234375,1235.6199975585937,59.38173262647794,False,0.0,0.0
2016-04-20,1256.0999755859375,1256.0999755859375,1243.0,1253.199951171875,180,1234.614990234375,1236.72599609375,57.196969696969695,False,0.0,0.0
2016-04-21,1247.699951171875,1270.5999755859375,1247.5999755859375,1249.0,124,1235.8799926757813,1237.7319970703124,60.78907381816824,False,0.0,0.0
2016-04-22,1248.5,1248.5,1228.0,1228.699951171875,188,1236.2449890136718,1238.4119970703125,53.813238577337565,False,0.0,0.0
2016-04-25,1231.5999755859375,1240.9000244140625,1231.5999755859375,1238.9000244140625,442,1237.1949890136718,1238.2319970703124,53.74732072841335,False,0.0,0.0
2016-04-26,1239.800048828125,1244.199951171875,1233.0,1242.199951171875,97,1237.5249877929687,1238.2939965820312,57.16361860795454,False,0.0,0.0
2016-04-27,1248.5999755859375,1249.5,1248.5999755859375,1249.199951171875,547,1238.6399841308594,1239.1199951171875,54.96941710514282,False,0.0,0.0
2016-04-28,1245.9000244140625,1270.0999755859375,1238.5,1265.5,887,1240.2049865722656,1240.2079956054688,58.16761080391249,False,0.0,0.0
2016-04-29,1267.300048828125,1295.5,1267.199951171875,1289.199951171875,464,1243.5549865722655,1241.4699951171874,60.81170640109546,True,0.0,0.0
2016-05-02,1292.0999755859375,1304.4000244140625,1290.4000244140625,1294.699951171875,192,1247.3899841308594,1242.7559936523437,61.52839072074119,True,0.0,0.0
2016-05-03,1292.699951171875,1301.5,1284.5,1290.699951171875,151,1250.50498046875,1244.3799926757813,65.19027762759515,True,0.0,0.0
2016-05-04,1286.9000244140625,1290.0,1273.0,1273.300048828125,109,1253.0449829101562,1245.3999926757813,67.23772281558388,True,0.0,0.0
2016-05-05,1282.9000244140625,1286.0,1270.800048828125,1271.4000244140625,330,1254.8049865722655,1246.053994140625,64.30174636341425,True,0.0,0.0
2016-05-06,1278.5999755859375,1295.5999755859375,1276.9000244140625,1292.9000244140625,305,1257.3249877929688,1247.1479956054689,69.14140936529702,True,0.0,0.0
2016-05-09,1286.5,1286.5,1262.300048828125,1265.5999755859375,341,1257.7699890136719,1248.063994140625,53.86977311257692,True,0.0,0.0
2016-05-10,1265.0999755859375,1267.4000244140625,1258.699951171875,1263.9000244140625,23,1257.9949890136718,1248.663994140625,53.256262328698426,True,0.0,0.0
2016-05-11,1266.9000244140625,1279.199951171875,1266.9000244140625,1274.5999755859375,50,1259.3849853515626,1249.5499926757811,57.49414126571531,True,0.0,0.0
2016-05-12,1267.0,1281.199951171875,1264.0,1270.300048828125,101,1261.6499877929687,1250.133994140625,63.43674100242879,True,0.0,0.0
2016-05-13,1271.4000244140625,1275.699951171875,1264.5999755859375,1271.9000244140625,66,1263.589990234375,1250.423994140625,61.2859323284917,True,0.0,0.0
2016-05-16,1272.800048828125,1287.800048828125,1272.800048828125,1273.4000244140625,44,1265.5799926757813,1250.493994140625,60.803365899555594,True,0.0,0.0
2016-05-17,1272.5,1281.5999755859375,1270.800048828125,1276.199951171875,16,1266.739990234375,1250.753994140625,59.62912140536135,True,0.0,0.0
2016-05-18,1276.4000244140625,1276.4000244140625,1256.800048828125,1273.699951171875,17,1267.764990234375,1250.9859936523437,53.24366034229998,True,0.0,0.0
2016-05-19,1248.0,1255.5,1247.5,1254.199951171875,69,1268.0249877929687,1250.9379931640624,35.67918006912673,True,0.0,0.0
2016-05-20,1256.5999755859375,1256.5999755859375,1252.4000244140625,1252.4000244140625,44,1269.2099914550781,1250.5459936523437,32.15187448042697,True,0.0,0.0
2016-05-23,1251.5999755859375,1251.5999755859375,1247.5,1251.0999755859375,56,1269.8199890136718,1250.393994140625,32.90151808237344,True,0.0,0.0
2016-05-24,1240.0,1240.0,1228.199951171875,1228.9000244140625,20,1269.1549926757812,1250.083994140625,31.59198868772097,True,0.0,0.0
2016-05-25,1219.300048828125,1223.5,1218.5999755859375,1223.5,5,1267.8699951171875,1249.9459936523438,30.700995942456657,True,0.0,0.0
2016-05-26,1232.5999755859375,1232.5999755859375,1220.0999755859375,1220.0999755859375,199778,1265.5999938964844,1249.7619921875,15.660275234640409,True,0.0,0.0
2016-05-27,1220.300048828125,1223.199951171875,1206.4000244140625,1213.800048828125,63739,1261.8299987792968,1248.7479931640626,19.529323569581095,True,0.0,0.0
2016-05-31,1212.5,1217.5999755859375,1199.0,1214.800048828125,6432,1257.8350036621093,1247.9679931640626,20.877722156496745,True,0.0,0.0
2016-06-01,1215.699951171875,1219.800048828125,1205.4000244140625,1211.9000244140625,2717,1253.8950073242188,1247.3299926757813,9.019508972595517,True,0.0,0.0
2016-06-02,1212.4000244140625,1217.0,1209.5999755859375,1209.800048828125,1627,1250.7200073242188,1246.5619946289062,9.286568615853739,True,0.0,0.0
2016-06-03,1209.0999755859375,1244.5,1206.4000244140625,1240.0999755859375,1622,1249.1550048828126,1246.8899951171875,34.56304650297355,True,0.0,0.0
2016-06-06,1244.4000244140625,1247.300048828125,1240.0,1244.5999755859375,1135,1246.7400024414062,1247.353994140625,36.41504001842575,False,1.0,1.0
2016-06-07,1244.0,1244.9000244140625,1236.5,1244.4000244140625,281,1245.6800048828125,1247.843994140625,34.62282672471906,False,0.0,-1.0
2016-06-08,1247.5999755859375,1264.0,1247.300048828125,1259.800048828125,406,1245.4750061035156,1248.3279956054687,44.02410761518503,False,0.0,0.0
2016-06-09,1262.5,1271.4000244140625,1258.0999755859375,1270.199951171875,381,1245.2550048828125,1249.193994140625,57.46270696212621,False,0.0,0.0
2016-06-10,1267.5999755859375,1278.0,1265.300048828125,1273.4000244140625,397,1245.4100036621094,1249.9779956054688,59.66852132861237,False,0.0,0.0
2016-06-13,1276.199951171875,1287.300048828125,1273.0,1284.4000244140625,328,1246.0350036621094,1251.2219970703125,64.07443102551613,False,0.0,0.0
2016-06-14,1281.800048828125,1289.699951171875,1277.800048828125,1285.5999755859375,554,1246.645001220703,1252.5739965820312,79.13672404275606,False,0.0,0.0
2016-06-15,1284.5999755859375,1296.199951171875,1278.800048828125,1285.800048828125,162,1247.1250061035157,1253.7219970703125,83.82201298374248,False,0.0,0.0
2016-06-16,1296.300048828125,1316.4000244140625,1281.0999755859375,1296.0999755859375,251,1248.2450073242187,1255.1939965820313,88.38393304118588,False,0.0,0.0
2016-06-17,1280.300048828125,1300.0999755859375,1280.300048828125,1292.5,129,1250.160009765625,1256.3199975585937,90.86194745008163,False,0.0,0.0
2016-06-20,1288.9000244140625,1291.199951171875,1280.300048828125,1290.0,153,1252.0400085449219,1257.2699975585938,88.44585958640798,False,0.0,0.0
2016-06-21,1293.9000244140625,1293.9000244140625,1266.300048828125,1270.5,134,1253.010009765625,1257.5459985351563,75.611926633894,False,0.0,0.0
2016-06-22,1267.0,1269.199951171875,1264.9000244140625,1268.0,53,1254.9650085449218,1257.717998046875,75.34845391518863,False,0.0,0.0
2016-06-23,1263.4000244140625,1270.5,1255.199951171875,1261.199951171875,218,1256.8500061035156,1258.00599609375,61.5553080573156,False,0.0,0.0
2016-06-24,1253.699951171875,1355.5999755859375,1253.699951171875,1320.0,694,1261.8450073242188,1259.90599609375,75.89286986849771,True,0.0,0.0
2016-06-27,1330.0,1331.699951171875,1320.0,1322.5,92,1267.2800048828126,1261.6939965820313,76.40296237115146,True,0.0,0.0
2016-06-28,1314.800048828125,1315.5999755859375,1314.0999755859375,1315.300048828125,1072,1272.3050048828125,1263.327998046875,69.86400121633454,True,0.0,0.0
2016-06-29,1311.5999755859375,1327.4000244140625,1311.5999755859375,1323.9000244140625,414,1277.9050048828126,1264.7459985351563,69.47065400109943,True,0.0,0.0
2016-06-30,1315.800048828125,1323.5,1314.5,1318.4000244140625,560,1283.3350036621093,1266.05,66.04850772909089,True,0.0,0.0
2016-07-01,1324.5,1344.199951171875,1321.9000244140625,1336.699951171875,137,1288.1650024414062,1267.8039990234374,67.72880340373692,True,0.0,0.0
2016-07-05,1342.199951171875,1356.800048828125,1339.699951171875,1356.4000244140625,90,1293.7550048828125,1270.3580004882813,71.32531591208584,True,0.0,0.0
2016-07-06,1359.0,1374.9000244140625,1359.0,1364.9000244140625,130,1299.7800048828126,1272.8780004882813,72.69076558358108,True,0.0,0.0
2016-07-07,1366.800048828125,1368.5999755859375,1350.5,1360.0999755859375,207,1304.7950012207032,1275.2360009765625,68.9573404878472,True,0.0,0.0
2016-07-08,1361.300048828125,1365.800048828125,1335.0,1356.5999755859375,249,1309.1150024414062,1277.3840014648438,68.99820621118371,True,0.0,0.0
2016-07-11,1371.699951171875,1371.800048828125,1353.0,1355.0,26,1313.195001220703,1279.1740014648437,69.36828995400904,True,0.0,0.0
2016-07-12,1353.5999755859375,1356.0,1330.300048828125,1334.0999755859375,252,1315.679998779297,1280.072001953125,68.79431089101911,True,0.0,0.0
2016-07-13,1341.5,1342.4000244140625,1336.699951171875,1342.4000244140625,7,1318.520001220703,1281.0260034179687,71.25713500478864,True,0.0,0.0
2016-07-14,1341.4000244140625,1341.4000244140625,1322.699951171875,1331.300048828125,20,1320.7950012207032,1281.8380053710937,69.54826507700707,True,0.0,0.0
2016-07-15,1333.699951171875,1333.699951171875,1322.9000244140625,1326.5,52,1322.3150024414062,1282.9020043945313,52.59377392937655,True,0.0,0.0
2016-07-18,1327.5,1335.0,1326.199951171875,1328.4000244140625,54,1324.1100036621094,1284.0420043945312,52.36568602594311,True,0.0,0.0
2016-07-19,1328.5,1333.199951171875,1326.4000244140625,1331.5,322,1326.1850036621095,1284.81400390625,56.71639222799396,True,0.0,0.0
2016-07-20,1331.0,1337.5,1315.5,1318.800048828125,751,1328.6000061035156,1285.8780053710936,47.95510321151434,True,0.0,0.0
2016-07-21,1312.800048828125,1330.5,1312.800048828125,1330.5,318,1331.7250061035156,1287.2100048828124,54.62183855201695,True,0.0,0.0
2016-07-22,1330.699951171875,1330.699951171875,1320.4000244140625,1323.0999755859375,55,1334.8200073242188,1288.1800048828125,44.33334927027459,True,0.0,0.0
2016-07-25,1315.699951171875,1319.300048828125,1313.800048828125,1319.300048828125,548,1334.785009765625,1289.1600048828125,32.180603128330986,True,0.0,0.0
2016-07-26,1315.199951171875,1320.699951171875,1315.199951171875,1320.699951171875,63,1334.6950073242188,1290.1360034179688,27.21642841951467,True,0.0,0.0
2016-07-27,1326.0,1326.5999755859375,1326.0,1326.5999755859375,215388,1335.2600036621093,1291.2000024414062,32.925560640789215,True,0.0,0.0
2016-07-28,1339.5,1344.300048828125,1330.0999755859375,1332.300048828125,56908,1335.6800048828125,1292.3220043945312,37.886368642876526,True,1.0,1.0
2016-07-29,1333.199951171875,1353.300048828125,1325.800048828125,1349.0,6076,1337.2100036621093,1293.8280053710937,47.4003444205146,True,1.0,0.0
2016-08-01,1348.800048828125,1353.5,1345.5999755859375,1351.4000244140625,1257,1337.9450073242188,1295.7720068359374,58.926762777713385,True,1.0,0.0
2016-08-02,1352.0999755859375,1366.0,1346.5999755859375,1364.4000244140625,2941,1338.3450073242188,1298.0120068359374,60.82678726333825,True,1.0,0.0
2016-08-03,1362.4000244140625,1364.699951171875,1353.300048828125,1356.0999755859375,715,1337.9050048828126,1300.1120068359376,62.550579525531624,True,1.0,0.0
2016-08-04,1354.4000244140625,1361.5999755859375,1347.0,1358.800048828125,381,1337.8400085449218,1302.7100073242189,66.70117121916365,True,1.0,0.0
2016-08-05,1357.5999755859375,1360.800048828125,1333.699951171875,1336.4000244140625,1107,1336.830010986328,1304.9680078125,53.41297070519591,True,1.0,0.0
2016-08-08,1330.0,1335.4000244140625,1327.800048828125,1333.4000244140625,587,1335.7500122070312,1307.2340087890625,50.81128301033167,True,1.0,0.0
2016-08-09,1331.800048828125,1339.4000244140625,1328.5,1339.0,620,1335.9950134277344,1309.7380078125,59.181795987215914,True,1.0,0.0
2016-08-10,1344.800048828125,1354.199951171875,1344.300048828125,1344.300048828125,110,1336.0900146484375,1312.3280078125,56.660248947792596,True,1.0,0.0
2016-08-11,1341.5999755859375,1350.4000244140625,1334.800048828125,1342.5,666,1336.6500122070313,1314.9400073242186,59.897959310776926,True,1.0,0.0
2016-08-12,1336.800048828125,1351.800048828125,1333.199951171875,1335.800048828125,113,1337.1150146484374,1317.4600073242189,58.17640041907923,True,1.0,0.0
2016-08-15,1336.5,1340.5999755859375,1333.5999755859375,1340.300048828125,62,1337.7100158691405,1319.4640087890625,59.42310175240912,True,1.0,0.0
2016-08-16,1342.199951171875,1355.0,1341.0,1350.5,338,1338.6600158691406,1321.5820092773438,61.034158217753706,True,1.0,0.0
2016-08-17,1345.5,1347.300048828125,1338.5999755859375,1342.699951171875,135,1339.8550109863281,1323.5480078125,54.71009444956755,True,1.0,0.0
2016-08-18,1351.300048828125,1354.4000244140625,1348.199951171875,1351.199951171875,140,1340.8900085449218,1325.376005859375,51.07629499393232,True,1.0,0.0
2016-08-19,1350.0999755859375,1350.0999755859375,1338.5999755859375,1340.4000244140625,197,1341.7550109863282,1326.7800073242188,45.02712916484555,True,1.0,0.0
2016-08-22,1334.4000244140625,1337.699951171875,1333.300048828125,1337.699951171875,117,1342.6750061035157,1328.066005859375,36.68991637650169,True,1.0,0.0
2016-08-23,1337.0,1341.199951171875,1334.300048828125,1340.5999755859375,551,1343.6700073242187,1329.1900048828124,41.83352156229178,True,1.0,0.0
2016-08-24,1337.199951171875,1337.199951171875,1322.9000244140625,1324.4000244140625,262,1343.560009765625,1329.966005859375,34.132833640948945,True,1.0,0.0
2016-08-25,1321.4000244140625,1324.0,1317.0,1320.0999755859375,58,1342.9500061035155,1330.6520043945313,40.97450719038362,True,1.0,0.0
2016-08-26,1323.800048828125,1340.5,1320.0999755859375,1321.5,141,1341.5750061035155,1331.1600048828125,43.29198726726495,True,1.0,0.0
2016-08-29,1315.0,1323.0,1315.0,1322.9000244140625,437,1340.1500061035156,1331.7680053710938,40.47340098956264,True,1.0,0.0
2016-08-30,1322.0,1322.0999755859375,1308.0,1311.699951171875,705,1337.5150024414063,1332.2020043945313,31.969001752732396,True,1.0,0.0
2016-08-31,1310.300048828125,1313.699951171875,1306.300048828125,1306.9000244140625,214,1335.0550048828125,1332.9300048828125,30.94220220536822,True,1.0,0.0
2016-09-01,1305.300048828125,1313.0999755859375,1301.5,1312.199951171875,225,1332.725,1333.81400390625,37.173859969429344,False,1.0,0.0
2016-09-02,1309.5999755859375,1326.699951171875,1309.199951171875,1322.0999755859375,55,1332.0099975585938,1335.0320043945312,40.65704893213569,False,0.0,-1.0
2016-09-06,1323.300048828125,1349.4000244140625,1323.199951171875,1349.4000244140625,46,1332.8099975585938,1335.6200048828125,49.51966182828083,False,0.0,0.0
2016-09-07,1348.4000244140625,1350.5,1343.9000244140625,1344.300048828125,14,1333.075,1336.056005859375,50.71560686825366,False,0.0,0.0
2016-09-08,1344.800048828125,1345.4000244140625,1335.699951171875,1336.800048828125,30,1332.7,1336.486005859375,43.50185198650617,False,0.0,0.0
2016-09-09,1338.5,1338.5,1328.0,1330.0999755859375,35,1332.0799987792968,1336.6100048828125,45.1733692717438,False,0.0,0.0
2016-09-12,1327.0,1329.300048828125,1319.9000244140625,1321.0,177,1331.3399963378906,1336.6620043945313,42.61718092294143,False,0.0,0.0
2016-09-13,1324.5999755859375,1324.5999755859375,1315.0,1319.0,79,1330.2749938964844,1336.3080053710937,40.37434871396507,False,0.0,0.0
2016-09-14,1319.199951171875,1322.300048828125,1319.199951171875,1321.5,73,1328.8249938964843,1335.6100048828125,48.52790821315309,False,0.0,0.0
2016-09-15,1320.699951171875,1320.699951171875,1310.800048828125,1313.5,37,1327.3649963378907,1334.5820043945312,46.77105144029727,False,0.0,0.0
2016-09-16,1312.199951171875,1312.5999755859375,1305.800048828125,1305.800048828125,4,1325.0950012207031,1333.496005859375,42.764999459965445,False,0.0,0.0
2016-09-19,1313.5,1313.5,1313.5,1313.5,20,1323.75,1332.6340063476562,45.905910099623476,False,0.0,0.0
2016-09-20,1313.699951171875,1313.699951171875,1313.699951171875,1313.699951171875,97,1322.55,1331.8080053710937,50.963392949544165,False,0.0,0.0
2016-09-21,1326.300048828125,1326.9000244140625,1324.0,1326.9000244140625,76,1321.8650024414062,1331.6640063476561,58.91265985016461,False,0.0,0.0
2016-09-22,1338.5999755859375,1340.4000244140625,1338.199951171875,1340.4000244140625,23,1322.6650024414062,1331.6240063476562,61.710991496648646,False,0.0,0.0
2016-09-23,1337.199951171875,1337.199951171875,1337.199951171875,1337.199951171875,40,1323.520001220703,1331.7420043945312,56.64026642875317,False,0.0,0.0
2016-09-26,1335.199951171875,1341.800048828125,1335.199951171875,1339.699951171875,24,1324.429998779297,1332.0060034179687,44.544392250665624,False,0.0,0.0
2016-09-27,1328.0,1328.699951171875,1325.9000244140625,1325.9000244140625,48,1324.5799987792968,1331.9560034179688,40.573755626679876,False,0.0,0.0
2016-09-28,1319.4000244140625,1319.4000244140625,1319.4000244140625,1319.4000244140625,10551,1324.9650024414063,1331.71400390625,40.993773907021826,False,0.0,0.0
2016-09-29,1321.199951171875,1325.0,1314.699951171875,1321.699951171875,6108,1325.7049987792968,1331.772001953125,45.44466378304808,False,0.0,0.0
2016-09-30,1320.5999755859375,1327.699951171875,1312.9000244140625,1313.300048828125,868,1325.7600036621093,1331.4280029296874,45.79236518198531,False,0.0,0.0
2016-10-03,1313.5,1316.800048828125,1308.199951171875,1309.0,299,1325.1050048828124,1331.1460034179688,44.66949849559089,False,0.0,0.0
2016-10-04,1307.5999755859375,1310.199951171875,1266.300048828125,1266.300048828125,1893,1320.9500061035155,1330.0860034179686,29.40296576741372,False,0.0,0.0
2016-10-05,1272.0999755859375,1274.0,1261.300048828125,1265.199951171875,246,1316.9950012207032,1328.9760034179687,30.99917211069514,False,0.0,0.0
2016-10-06,1265.300048828125,1265.300048828125,1249.800048828125,1249.800048828125,114,1312.645001220703,1327.4400048828124,29.228456550874768,False,0.0,0.0
2016-10-07,1253.9000244140625,1263.5999755859375,1248.9000244140625,1248.9000244140625,169,1308.5850036621093,1325.7720043945312,24.76561047135398,False,0.0,0.0
2016-10-11,1258.9000244140625,1258.9000244140625,1253.0,1253.0,26,1305.1850036621095,1323.8520043945311,26.990145521987472,False,0.0,0.0
2016-10-12,1251.699951171875,1254.0,1251.0999755859375,1251.0999755859375,127,1301.7900024414062,1321.8460034179689,18.57373926316407,False,0.0,0.0
2016-10-13,1258.699951171875,1259.0,1255.0,1255.0,315,1298.4650024414063,1319.6580029296874,11.531478229120722,False,0.0,0.0
2016-10-14,1253.9000244140625,1253.9000244140625,1250.5999755859375,1253.0999755859375,311,1295.445001220703,1317.5980029296875,11.668137373269786,False,0.0,0.0
2016-10-17,1249.9000244140625,1255.0,1249.9000244140625,1254.4000244140625,41,1292.875,1315.5100024414062,10.691233766599055,False,0.0,0.0
2016-10-18,1260.9000244140625,1261.699951171875,1260.800048828125,1260.800048828125,11,1290.2400024414062,1313.9980029296876,17.80415860209537,False,0.0,0.0
2016-10-19,1262.9000244140625,1271.5,1262.9000244140625,1267.9000244140625,219,1287.9500061035155,1312.6880029296874,24.68042048861757,False,0.0,0.0
2016-10-20,1270.0,1270.5,1265.5,1265.5999755859375,415,1284.8850036621093,1311.2200024414062,22.41891092234438,False,0.0,0.0
2016-10-21,1265.9000244140625,1265.9000244140625,1265.9000244140625,1265.9000244140625,224,1281.1600036621094,1309.652001953125,24.67953357773422,False,0.0,0.0
2016-10-24,1269.199951171875,1269.199951171875,1261.800048828125,1262.0,42,1277.4000061035156,1308.042001953125,24.78546056560873,False,0.0,0.0
2016-10-25,1264.0999755859375,1274.0999755859375,1264.0999755859375,1271.9000244140625,61,1274.010009765625,1306.7640014648437,54.63572076742273,False,0.0,0.0
2016-10-26,1274.0,1274.0,1264.800048828125,1264.800048828125,279,1270.955010986328,1305.2540014648437,49.698869381376966,False,0.0,0.0
2016-10-27,1269.4000244140625,1269.4000244140625,1267.9000244140625,1267.9000244140625,338,1268.3800109863282,1303.602001953125,66.72819045599056,False,0.0,0.0
2016-10-28,1270.300048828125,1281.5,1262.0,1275.5,560,1266.0700134277345,1302.2580029296876,71.87491843597851,False,0.0,0.0
2016-10-31,1276.5999755859375,1276.5999755859375,1271.5,1271.5,58,1263.9800109863281,1300.66400390625,65.2388307028975,False,0.0,0.0
2016-11-01,1279.300048828125,1290.699951171875,1279.0,1286.4000244140625,49,1262.8500122070313,1299.58400390625,73.94840928063178,False,0.0,0.0
2016-11-02,1288.300048828125,1307.0,1288.300048828125,1306.800048828125,30,1264.8750122070312,1298.966005859375,78.71393384940183,False,0.0,0.0
2016-11-03,1296.4000244140625,1303.0999755859375,1287.300048828125,1302.0999755859375,73,1266.7200134277343,1298.196005859375,76.34401686403503,False,0.0,0.0
2016-11-04,1300.0,1303.300048828125,1296.699951171875,1303.300048828125,11,1269.3950134277343,1297.7740063476563,76.31855923283827,False,0.0,0.0
2016-11-07,1292.0,1294.5,1278.300048828125,1278.300048828125,34,1270.8650146484374,1296.9380078125,57.84751644934915,False,0.0,0.0
2016-11-08,1284.0999755859375,1289.4000244140625,1273.199951171875,1273.4000244140625,50,1271.8850158691407,1295.9760083007814,52.51600423503554,False,0.0,0.0
2016-11-09,1272.199951171875,1318.5999755859375,1270.0,1272.5999755859375,108,1272.9600158691405,1294.9700073242188,53.246744423055155,False,0.0,0.0
2016-11-10,1274.4000244140625,1287.5,1253.300048828125,1265.5,63,1273.4850158691406,1294.0460083007813,49.82546961296541,False,0.0,0.0
2016-11-14,1227.800048828125,1229.5,1210.4000244140625,1221.199951171875,216,1271.8900146484375,1292.3320068359376,36.83871465676245,False,0.0,0.0
2016-11-15,1224.300048828125,1226.0,1222.5,1224.0,20,1270.3700134277344,1290.5680078125,33.80664724880097,False,0.0,0.0
2016-11-16,1229.300048828125,1229.300048828125,1223.0,1223.4000244140625,66,1268.5000122070312,1288.5940087890624,35.3606980958276,False,0.0,0.0
2016-11-17,1224.5999755859375,1225.0,1211.0,1216.5,1139,1265.9300109863282,1285.9360083007812,32.30030576360615,False,0.0,0.0
2016-11-18,1211.9000244140625,1211.9000244140625,1207.199951171875,1208.5,607,1263.0750122070312,1283.2200073242188,26.99181225361724,False,0.0,0.0
2016-11-21,1209.5999755859375,1209.5999755859375,1209.5999755859375,1209.5999755859375,19,1260.260009765625,1280.676005859375,28.31118194081955,False,0.0,0.0
2016-11-22,1210.4000244140625,1211.0999755859375,1207.5999755859375,1211.0,19,1257.710009765625,1278.2940063476562,20.82049566849865,False,0.0,0.0
2016-11-23,1212.800048828125,1213.800048828125,1186.800048828125,1189.0999755859375,309,1253.5700073242188,1275.656005859375,4.973302437571036,False,0.0,0.0
2016-11-25,1177.0,1189.300048828125,1177.0,1178.199951171875,14,1249.2400024414062,1272.8400048828125,4.748071087761161,False,0.0,0.0
2016-11-28,1188.0,1190.5999755859375,1188.0,1190.5999755859375,189914,1245.375,1270.2220043945313,11.951415922857606,False,0.0,0.0
2016-11-29,1193.199951171875,1194.800048828125,1179.4000244140625,1187.9000244140625,42124,1240.9950012207032,1267.7100048828124,14.069991412394302,False,0.0,0.0
2016-11-30,1187.0999755859375,1193.300048828125,1167.9000244140625,1170.800048828125,7158,1235.9600036621093,1265.0100048828126,12.826128684994302,False,0.0,0.0
2016-12-01,1172.699951171875,1174.5999755859375,1160.0,1166.9000244140625,1588,1229.9850036621094,1262.0780053710937,12.544338052343988,False,0.0,0.0
2016-12-02,1172.300048828125,1177.300048828125,1166.4000244140625,1175.0999755859375,1521,1223.4,1259.306005859375,18.2137911911979,False,0.0,0.0
2016-12-05,1181.800048828125,1186.699951171875,1157.0,1174.0,358,1216.9950012207032,1256.2480053710938,26.16164082228535,False,0.0,0.0
2016-12-06,1170.9000244140625,1174.5,1167.0999755859375,1167.5999755859375,652,1210.2099975585938,1252.7920043945312,22.514601445093916,False,0.0,0.0
2016-12-07,1167.699951171875,1178.5,1166.4000244140625,1175.0,182,1205.0449951171875,1249.5480053710937,27.879335643072736,False,0.0,0.0
2016-12-08,1173.800048828125,1177.800048828125,1169.0999755859375,1169.800048828125,322,1199.8649963378907,1246.1500073242187,28.319418595952754,False,0.0,0.0
2016-12-09,1166.5999755859375,1168.800048828125,1156.0,1159.4000244140625,365,1194.2049987792968,1242.8200073242188,27.70209515277641,False,0.0,0.0
2016-12-12,1158.300048828125,1163.9000244140625,1153.0,1163.5,331,1189.104998779297,1239.7020068359375,29.61981187568469,False,0.0,0.0
2016-12-13,1163.5,1164.0,1155.4000244140625,1156.699951171875,637,1185.8799987792968,1236.4020068359375,27.08858699235232,False,0.0,0.0
2016-12-14,1159.800048828125,1164.0,1142.0,1161.300048828125,487,1182.7450012207032,1233.3620068359376,36.26486826186235,False,0.0,0.0
2016-12-15,1139.800048828125,1143.300048828125,1123.9000244140625,1127.800048828125,244,1177.9650024414063,1229.7380078125,29.644635514755905,False,0.0,0.0
2016-12-16,1126.9000244140625,1140.9000244140625,1126.9000244140625,1135.300048828125,146,1173.9050048828126,1227.1180078125,26.74519957824664,False,0.0,0.0
2016-12-19,1139.4000244140625,1140.699951171875,1137.9000244140625,1140.5,249,1170.5050048828125,1224.6240087890626,30.477753343609763,False,0.0,0.0
2016-12-20,1133.5,1133.5,1126.5,1131.5,46,1166.6000061035156,1222.2580078125,32.656649650812255,False,0.0,0.0
2016-12-21,1136.0999755859375,1136.0999755859375,1130.0,1131.0999755859375,50,1162.6050048828124,1219.9020068359375,33.69761707293753,False,0.0,0.0
2016-12-22,1131.199951171875,1132.800048828125,1128.300048828125,1128.800048828125,104,1159.5900085449218,1217.4180078125,27.719001020972826,False,0.0,0.0
2016-12-23,1130.9000244140625,1132.800048828125,1130.300048828125,1131.9000244140625,70,1157.2750122070313,1215.0340087890625,30.12277342763906,False,0.0,0.0
2016-12-27,1134.300048828125,1142.199951171875,1134.300048828125,1137.300048828125,84,1154.6100158691406,1212.680009765625,35.557712246942714,False,0.0,0.0
2016-12-28,1141.199951171875,1141.199951171875,1138.0,1139.4000244140625,1570,1152.1850158691407,1210.4060107421874,32.12852193160384,False,0.0,0.0
2016-12-29,1143.800048828125,1158.800048828125,1143.5999755859375,1156.4000244140625,950,1151.4650146484375,1208.4460107421876,43.98562770316101,False,0.0,0.0
2016-12-30,1162.0,1162.0,1150.0,1150.0,16,1150.6200134277344,1206.230009765625,45.623825755466164,False,0.0,0.0
2017-01-03,1155.199951171875,1160.800048828125,1146.5,1160.4000244140625,52,1149.8850158691407,1204.080009765625,48.636775026813574,False,0.0,0.0
2017-01-04,1156.300048828125,1165.0,1156.300048828125,1163.800048828125,36,1149.375018310547,1202.0440112304686,53.218537857274086,False,0.0,0.0
2017-01-05,1172.0,1183.300048828125,1171.5,1179.699951171875,500,1149.9800170898438,1200.320009765625,57.56575843300079,False,0.0,0.0
2017-01-06,1176.5,1176.5,1171.9000244140625,1171.9000244140625,16,1149.825018310547,1198.5180102539061,72.9927406820933,False,0.0,0.0
2017-01-09,1173.9000244140625,1183.5999755859375,1173.0,1183.5,62,1150.5100158691407,1196.750009765625,74.10003442391218,False,0.0,0.0
2017-01-10,1184.300048828125,1188.9000244140625,1182.300048828125,1184.199951171875,8,1151.7500122070312,1195.1380078125,72.87961407787466,False,0.0,0.0
2017-01-11,1187.5,1197.0,1176.5,1195.5999755859375,20,1153.3550109863281,1193.6920068359375,82.73754823907879,False,0.0,0.0
2017-01-12,1192.699951171875,1204.300048828125,1192.300048828125,1198.9000244140625,110,1155.4650146484375,1192.1600073242187,83.63104176556642,False,0.0,0.0
2017-01-13,1195.699951171875,1196.0,1187.699951171875,1195.300048828125,65,1157.1650146484376,1190.6360083007812,82.56615837838743,False,0.0,0.0
2017-01-17,1205.5,1214.5999755859375,1200.800048828125,1212.0,79,1161.3750122070312,1189.1480078125,84.61542519463228,False,0.0,0.0
2017-01-18,1213.5999755859375,1214.699951171875,1203.0999755859375,1211.300048828125,114,1165.1750122070312,1187.2380078125,83.3334066489976,False,0.0,0.0
2017-01-19,1200.5,1204.0,1195.800048828125,1200.9000244140625,26,1168.1950134277345,1185.2140087890625,75.77539844306378,False,0.0,0.0
2017-01-20,1202.800048828125,1212.0999755859375,1202.800048828125,1204.300048828125,38,1171.8350158691405,1183.2340087890625,72.65851554406838,False,0.0,0.0
2017-01-23,1212.0,1215.0,1210.0,1215.0,16,1176.0300170898438,1181.9680078125,79.54552012056135,False,0.0,0.0
2017-01-24,1219.0,1219.0,1207.699951171875,1210.300048828125,24,1180.1050170898438,1180.7060083007811,73.92146512909882,False,0.0,0.0
2017-01-25,1202.0,1202.800048828125,1194.9000244140625,1197.300048828125,403,1183.375018310547,1179.200009765625,64.70592648322841,True,0.0,0.0
2017-01-26,1199.699951171875,1199.699951171875,1185.5999755859375,1189.5,19,1185.9850158691406,1177.680009765625,54.631411587701564,True,0.0,0.0
2017-01-27,1187.9000244140625,1188.300048828125,1187.9000244140625,1188.0999755859375,234352,1188.4200134277344,1177.0180102539061,58.14887680465292,True,0.0,0.0
2017-01-30,1191.699951171875,1198.5,1187.0999755859375,1193.199951171875,50503,1190.260009765625,1176.4020092773437,55.22064659227684,True,0.0,0.0
2017-01-31,1194.9000244140625,1214.699951171875,1193.5,1208.5999755859375,3212,1193.190008544922,1176.1060083007812,61.33830388027123,True,0.0,0.0
2017-02-01,1211.9000244140625,1211.9000244140625,1197.9000244140625,1205.5999755859375,1145,1195.4500061035155,1175.8880078125,55.04032506158893,True,0.0,0.0
2017-02-02,1209.699951171875,1224.199951171875,1208.9000244140625,1216.699951171875,1512,1198.0950012207031,1176.0520068359374,58.31773227325984,True,0.0,0.0
2017-02-03,1214.9000244140625,1220.5999755859375,1206.199951171875,1218.5,865,1200.0350036621094,1176.2300073242188,61.026597880245724,True,0.0,0.0
2017-02-06,1221.9000244140625,1235.4000244140625,1218.5,1230.0,908,1202.9400024414062,1176.6100073242187,59.00000000000001,True,0.0,0.0
2017-02-07,1234.199951171875,1236.199951171875,1228.5,1234.199951171875,1177,1205.475,1177.5120068359374,61.06275475543478,True,0.0,0.0
2017-02-08,1232.0999755859375,1243.9000244140625,1231.0,1237.5999755859375,288,1208.145001220703,1178.7000073242189,69.01551874190415,True,0.0,0.0
2017-02-09,1239.4000244140625,1243.5,1226.9000244140625,1235.0999755859375,885,1210.1200012207032,1179.5900073242187,66.10875241810369,True,0.0,0.0
2017-02-10,1227.5999755859375,1234.4000244140625,1221.5,1234.4000244140625,391,1211.895001220703,1180.5200073242188,61.33179319343729,True,0.0,0.0
2017-02-13,1230.5,1231.0999755859375,1219.0,1224.4000244140625,398,1213.35,1181.5920068359376,57.75576006542645,True,0.0,0.0
2017-02-14,1225.9000244140625,1233.5,1222.0999755859375,1223.9000244140625,159,1213.945001220703,1182.7320068359375,66.96426486135526,True,0.0,0.0
2017-02-15,1225.5,1231.699951171875,1217.300048828125,1231.699951171875,175,1214.9649963378906,1183.8640063476562,76.91326768931822,True,0.0,0.0
2017-02-16,1234.5,1240.699951171875,1233.199951171875,1240.0,87,1216.9199951171875,1185.1840063476564,80.42208029170966,True,0.0,0.0
2017-02-17,1240.699951171875,1241.199951171875,1234.800048828125,1237.5999755859375,301,1218.5849914550781,1186.5840063476562,76.87653603957088,True,0.0,0.0
2017-02-21,1237.300048828125,1237.5,1228.0999755859375,1237.5,119,1219.7099914550781,1187.8340063476562,71.47106676509692,True,0.0,0.0
2017-02-22,1236.0999755859375,1238.5999755859375,1231.800048828125,1232.0,36,1220.794989013672,1189.0780053710937,68.91121211750242,True,0.0,0.0
2017-02-23,1236.0999755859375,1250.300048828125,1236.0999755859375,1250.199951171875,112,1223.4399841308593,1190.89400390625,71.78156212101008,True,0.0,0.0
2017-02-24,1250.0,1258.800048828125,1250.0,1256.9000244140625,1264,1226.8099853515625,1192.7620043945312,73.47191857992404,True,0.0,0.0
2017-02-27,1254.699951171875,1263.0999755859375,1250.4000244140625,1257.4000244140625,544,1230.2749877929687,1194.776005859375,69.3503197452383,True,0.0,0.0
2017-02-28,1253.5999755859375,1257.300048828125,1247.199951171875,1252.5999755859375,721,1233.2449890136718,1196.6020043945311,62.885166752435,True,0.0,0.0
2017-03-01,1247.800048828125,1248.9000244140625,1236.9000244140625,1248.9000244140625,138,1235.259991455078,1199.02400390625,57.8800952046935,True,0.0,0.0
2017-03-02,1247.199951171875,1247.5999755859375,1230.699951171875,1231.9000244140625,79,1236.5749938964843,1200.9560034179688,48.14387877929618,True,0.0,0.0
2017-03-03,1231.699951171875,1235.199951171875,1222.9000244140625,1225.5,121,1237.0149963378906,1202.6560034179688,45.15776819929734,True,0.0,0.0
2017-03-06,1235.199951171875,1235.199951171875,1224.5,1224.5,29,1237.3149963378905,1204.5160034179687,50.060298888115014,True,0.0,0.0
2017-03-07,1224.300048828125,1225.4000244140625,1213.699951171875,1215.0999755859375,53,1236.5699951171875,1206.1960034179688,45.20694763212974,True,0.0,0.0
2017-03-08,1212.199951171875,1212.199951171875,1206.699951171875,1208.5,24,1235.2849975585937,1207.7900024414062,37.1965087389315,True,0.0,0.0
2017-03-09,1204.5,1205.5999755859375,1202.300048828125,1202.4000244140625,37,1233.525,1209.2000024414062,28.733051356512874,True,0.0,0.0
2017-03-10,1196.199951171875,1203.300048828125,1196.199951171875,1200.699951171875,3,1231.804998779297,1210.4680004882812,28.962375372161034,True,0.0,0.0
2017-03-13,1206.199951171875,1210.0,1202.300048828125,1202.4000244140625,35,1230.2049987792968,1211.7280004882812,30.34719573725269,True,0.0,0.0
2017-03-14,1203.0999755859375,1205.9000244140625,1196.800048828125,1201.9000244140625,22,1229.0799987792968,1212.6380004882812,32.147144385863044,True,1.0,1.0
2017-03-15,1198.199951171875,1221.199951171875,1197.699951171875,1200.0999755859375,36,1227.8899963378906,1213.64,13.107674938290913,True,1.0,0.0
2017-03-16,1222.199951171875,1231.4000244140625,1222.199951171875,1226.5,47,1227.6299987792968,1214.9619995117187,32.64843141435382,True,1.0,0.0
2017-03-17,1227.0999755859375,1230.9000244140625,1227.0999755859375,1229.800048828125,26,1227.1200012207032,1216.2819995117188,34.73457212727142,True,1.0,0.0
2017-03-20,1229.300048828125,1234.4000244140625,1229.300048828125,1233.5999755859375,23,1226.9200012207032,1217.36,39.373619201328296,True,1.0,0.0
2017-03-21,1226.4000244140625,1246.0999755859375,1226.4000244140625,1246.0999755859375,11,1227.35,1218.8439990234374,48.574316059548316,True,1.0,0.0
2017-03-22,1247.9000244140625,1249.5,1247.699951171875,1249.300048828125,3,1228.2150024414063,1220.16,60.308038535913006,True,1.0,0.0
2017-03-23,1246.4000244140625,1247.5,1244.800048828125,1246.9000244140625,16,1228.0500061035157,1221.4140014648438,63.308428441073175,True,1.0,0.0
2017-03-24,1248.0,1248.300048828125,1247.5999755859375,1248.199951171875,3,1227.6150024414062,1222.4660009765626,64.68394907849995,True,1.0,0.0
2017-03-27,1255.800048828125,1257.699951171875,1253.800048828125,1255.4000244140625,72,1227.5150024414063,1223.5960009765624,75.66874107800969,True,1.0,0.0
2017-03-28,1255.9000244140625,1255.9000244140625,1255.300048828125,1255.300048828125,19,1227.6500061035156,1224.7960009765625,82.49992370631338,True,0.0,-1.0
2017-03-29,1252.199951171875,1253.4000244140625,1252.0999755859375,1253.4000244140625,190678,1227.8750061035157,1225.6240014648438,87.61045695149616,True,0.0,0.0
2017-03-30,1253.0999755859375,1253.5999755859375,1241.0999755859375,1245.0,51328,1228.5300048828126,1226.2980004882813,79.731478963012,True,0.0,0.0
2017-03-31,1242.0999755859375,1248.800048828125,1238.699951171875,1247.300048828125,8223,1229.6200073242187,1227.2260009765625,79.89340415883072,True,0.0,0.0
2017-04-03,1247.5,1252.4000244140625,1243.5999755859375,1250.800048828125,1160,1230.935009765625,1228.1560009765626,81.30594547958181,True,0.0,0.0
2017-04-04,1253.0999755859375,1260.300048828125,1253.0,1255.0,724,1232.9300109863282,1228.9560009765626,84.09934233771118,True,0.0,0.0
2017-04-05,1255.4000244140625,1255.4000244140625,1243.0,1245.4000244140625,907,1234.7750122070313,1229.6580004882812,64.83516694102113,True,0.0,0.0
2017-04-06,1256.0999755859375,1257.5,1249.0,1250.300048828125,169,1237.1700134277344,1230.7180004882812,65.69677233623335,True,0.0,0.0
2017-04-07,1249.5,1269.0999755859375,1249.5,1254.300048828125,445,1239.8500183105468,1232.0140014648437,65.80155317876093,True,0.0,0.0
2017-04-10,1252.699951171875,1255.199951171875,1246.800048828125,1251.0999755859375,182,1242.2850158691406,1233.2740014648436,54.44838311699595,True,0.0,0.0
2017-04-11,1254.5,1273.5,1254.5,1271.199951171875,401,1245.7500122070312,1234.8340014648438,64.97939335644483,True,0.0,0.0
2017-04-12,1275.0,1285.0999755859375,1272.0,1275.300048828125,492,1249.5100158691407,1236.1680029296874,68.98393016549629,True,0.0,0.0
2017-04-13,1285.300048828125,1287.5999755859375,1282.0,1285.9000244140625,915,1252.4800170898438,1237.77400390625,72.41377808807329,True,0.0,0.0
2017-04-17,1291.800048828125,1294.800048828125,1284.300048828125,1289.4000244140625,73,1255.4600158691405,1239.2280053710938,71.14424008332347,True,0.0,0.0
2017-04-18,1283.9000244140625,1291.699951171875,1278.5999755859375,1291.699951171875,394,1258.3650146484374,1240.6920043945313,72.03381314101617,True,0.0,0.0
2017-04-19,1288.0,1288.0,1274.0,1281.4000244140625,194,1260.1300170898437,1241.7200048828124,65.38461538461539,True,0.0,0.0
2017-04-20,1279.699951171875,1281.9000244140625,1276.199951171875,1281.9000244140625,127,1261.7600158691407,1242.6740063476564,72.20218727736116,True,0.0,0.0
2017-04-21,1279.800048828125,1287.4000244140625,1279.199951171875,1287.4000244140625,474,1263.7850158691406,1243.6700073242187,73.2329140315912,True,0.0,0.0
2017-04-24,1275.0,1276.4000244140625,1265.0,1275.800048828125,605,1265.165020751953,1244.4840087890625,63.24153912202388,True,0.0,0.0
2017-04-25,1275.5999755859375,1276.9000244140625,1262.0999755859375,1265.5999755859375,356,1265.6750183105469,1245.1080078125,55.27887102010148,True,0.0,0.0
2017-04-26,1266.0,1266.0,1262.0999755859375,1262.0999755859375,1156,1266.0150146484375,1245.8620068359376,58.854688507273735,True,0.0,0.0
2017-04-27,1266.699951171875,1267.199951171875,1262.199951171875,1263.699951171875,206,1266.530010986328,1246.6580053710939,57.36258370535715,True,0.0,0.0
2017-04-28,1265.9000244140625,1267.199951171875,1264.699951171875,1266.0999755859375,85,1267.585009765625,1247.346005859375,56.59950980726824,True,0.0,0.0
2017-05-01,1268.699951171875,1269.300048828125,1253.300048828125,1253.300048828125,34,1267.885009765625,1247.6120068359376,51.11114947219938,True,0.0,0.0
2017-05-02,1256.199951171875,1256.199951171875,1251.199951171875,1255.0999755859375,90,1268.1000061035156,1247.9620068359375,40.024777149357206,True,0.0,0.0
2017-05-03,1255.0999755859375,1255.800048828125,1238.699951171875,1246.4000244140625,195,1267.6700073242187,1248.1400073242187,33.059711638224044,True,0.0,0.0
2017-05-04,1239.800048828125,1239.800048828125,1224.199951171875,1226.5,72,1266.7250061035156,1248.0300073242188,18.60454913214987,True,0.0,0.0
2017-05-05,1227.0,1233.699951171875,1224.800048828125,1224.800048828125,16,1265.4500061035155,1247.5220092773438,15.193859631814675,True,0.0,0.0
2017-05-08,1224.0,1234.0,1224.0,1225.300048828125,43,1264.0000061035157,1246.890009765625,13.516439293331729,True,0.0,0.0
2017-05-09,1226.0999755859375,1226.199951171875,1214.0,1214.300048828125,55,1262.160009765625,1246.0280102539064,13.413249379330537,True,0.0,0.0
2017-05-10,1219.800048828125,1220.199951171875,1217.300048828125,1217.300048828125,23,1259.4650146484375,1245.32201171875,15.711203405534647,True,0.0,0.0
2017-05-11,1218.5,1222.699951171875,1218.300048828125,1222.699951171875,13,1256.835009765625,1244.7980102539063,15.62154203394887,True,0.0,0.0
2017-05-12,1228.0,1229.5,1226.0999755859375,1226.199951171875,29,1253.8500061035156,1244.6840087890625,21.16265205603895,True,0.0,0.0
2017-05-15,1227.5,1232.699951171875,1227.5,1228.5999755859375,13,1250.8100036621095,1244.7460083007813,26.342622367361216,True,0.0,0.0
2017-05-16,1230.4000244140625,1237.300048828125,1230.4000244140625,1235.0,20,1247.9750061035156,1244.9560083007811,33.29219153813618,True,0.0,0.0
2017-05-17,1241.0,1259.199951171875,1240.699951171875,1257.5,26,1246.7800048828126,1245.8040087890624,46.96080097465,True,1.0,1.0
2017-05-18,1254.800048828125,1260.0,1245.800048828125,1251.699951171875,43,1245.270001220703,1246.6680078125,43.16885463294863,False,1.0,0.0
2017-05-19,1252.699951171875,1252.699951171875,1252.699951171875,1252.699951171875,14,1243.5349975585937,1247.6740063476564,49.67943451100069,False,0.0,-1.0
2017-05-22,1251.699951171875,1260.699951171875,1251.699951171875,1260.699951171875,14,1242.7799926757812,1248.8740063476562,52.80560104995223,False,0.0,0.0
2017-05-23,1261.5,1261.5999755859375,1250.5999755859375,1254.800048828125,20,1242.2399963378907,1249.9220068359375,54.32991494079583,False,0.0,0.0
2017-05-24,1251.9000244140625,1257.800048828125,1249.699951171875,1252.4000244140625,14,1241.7549987792968,1250.9320068359375,66.28934854275462,False,0.0,0.0
2017-05-25,1257.0999755859375,1258.300048828125,1255.800048828125,1255.800048828125,11,1241.3600036621094,1252.0460083007813,69.08868142936605,False,0.0,0.0
2017-05-26,1267.5999755859375,1267.5999755859375,1267.5999755859375,1267.5999755859375,271457,1241.4350036621095,1252.8680078125,72.86485544876405,False,0.0,0.0
2017-05-30,1267.4000244140625,1270.0,1258.4000244140625,1262.0999755859375,129819,1241.875,1253.5140063476563,77.47126081972435,False,0.0,0.0
2017-05-31,1262.4000244140625,1273.199951171875,1258.5,1272.0,2712,1242.7200012207031,1254.2820068359374,79.12673485624548,False,0.0,0.0
2017-06-01,1268.0,1269.199951171875,1260.800048828125,1267.0,825,1243.75,1254.7000073242189,73.6898656834893,False,0.0,0.0
2017-06-02,1265.199951171875,1279.0,1259.0,1276.800048828125,1732,1246.2650024414063,1255.2500073242188,75.35073792568637,False,0.0,0.0
2017-06-05,1279.199951171875,1282.0,1277.0,1279.300048828125,433,1248.9900024414062,1255.8980078125,75.37540583175807,False,0.0,0.0
2017-06-06,1279.4000244140625,1295.199951171875,1279.4000244140625,1294.4000244140625,942,1252.445001220703,1256.8220092773438,77.34808368674908,False,0.0,0.0
2017-06-07,1291.5999755859375,1293.0999755859375,1284.300048828125,1290.0999755859375,641,1256.2349975585937,1257.5160083007813,68.0309550784072,False,0.0,0.0
2017-06-08,1285.4000244140625,1287.5999755859375,1268.0999755859375,1276.300048828125,319,1259.1849975585938,1257.9360083007812,62.500062027659375,True,0.0,0.0
2017-06-09,1277.9000244140625,1277.9000244140625,1264.5999755859375,1268.5,467,1261.475,1258.2380078125,57.509532396222774,True,0.0,0.0
2017-06-12,1266.4000244140625,1269.300048828125,1263.199951171875,1266.0999755859375,255,1263.4700012207031,1258.6600073242187,52.71085629403754,True,0.0,0.0
2017-06-13,1264.0999755859375,1266.9000244140625,1259.699951171875,1265.800048828125,150,1265.3300048828125,1259.0300073242188,55.85106382978723,True,0.0,0.0
2017-06-14,1269.4000244140625,1278.0,1256.800048828125,1272.800048828125,336,1267.2200073242188,1259.4700073242188,60.344842528019846,True,0.0,0.0
2017-06-15,1263.199951171875,1264.199951171875,1250.300048828125,1252.199951171875,743,1266.9550048828125,1259.4140063476561,48.4455543444574,True,0.0,0.0
2017-06-16,1252.800048828125,1255.300048828125,1251.300048828125,1254.0,34,1267.0700073242188,1259.586005859375,43.57280074765062,True,0.0,0.0
2017-06-19,1252.0999755859375,1252.199951171875,1241.9000244140625,1244.199951171875,108,1266.6450073242188,1259.46400390625,41.87103147545128,True,0.0,0.0
2017-06-20,1242.199951171875,1245.5,1240.5,1241.0,75,1265.660009765625,1259.1980029296874,35.009692416304034,True,0.0,0.0
2017-06-21,1244.0999755859375,1245.0,1240.0,1243.4000244140625,205,1265.0900085449218,1259.04400390625,38.293682750937016,True,0.0,0.0
2017-06-22,1251.0,1252.699951171875,1246.300048828125,1247.5999755859375,156,1264.8500061035156,1258.5720043945312,34.66383887756946,True,0.0,0.0
2017-06-23,1250.0,1273.5999755859375,1249.800048828125,1256.199951171875,269,1264.8700012207032,1258.1900024414062,38.59818039404711,True,0.0,0.0
2017-06-26,1260.199951171875,1260.199951171875,1241.5999755859375,1246.300048828125,194,1263.8050048828125,1257.3980029296874,24.973991776447406,True,0.0,0.0
2017-06-27,1251.5999755859375,1251.800048828125,1245.9000244140625,1246.4000244140625,111,1263.0200073242188,1256.5380029296875,26.224157992890966,True,0.0,0.0
2017-06-28,1248.5,1248.5,1248.0,1248.0,370,1261.8200073242188,1255.66400390625,32.24588069878787,True,0.0,0.0
2017-06-29,1248.199951171875,1250.699951171875,1238.0999755859375,1244.199951171875,540,1260.6800048828125,1254.9200024414063,33.94975924558241,True,1.0,1.0
2017-06-30,1243.699951171875,1243.699951171875,1239.0999755859375,1240.699951171875,43,1258.875,1254.0960009765624,33.463510001668936,True,1.0,0.0
2017-07-03,1236.0,1236.0,1217.9000244140625,1217.9000244140625,33,1255.804998779297,1252.7060009765626,25.88113809444782,True,1.0,0.0
2017-07-05,1222.5,1225.0,1217.0999755859375,1220.4000244140625,40,1252.104998779297,1251.5980004882813,22.362834969308565,True,1.0,0.0
2017-07-06,1225.0999755859375,1225.0999755859375,1222.199951171875,1222.199951171875,5,1248.7099975585938,1250.73,30.263094492362555,False,1.0,0.0
2017-07-07,1219.0999755859375,1220.4000244140625,1208.5999755859375,1208.5999755859375,116,1245.3249938964843,1249.66,24.1456785145741,False,0.0,-1.0
2017-07-10,1211.4000244140625,1212.0999755859375,1209.5999755859375,1212.0999755859375,28,1242.5049926757813,1248.6280004882813,30.306674954504274,False,0.0,0.0
2017-07-11,1208.699951171875,1214.9000244140625,1208.699951171875,1213.5999755859375,12,1239.8799926757813,1247.5780004882813,32.831996622401974,False,0.0,0.0
2017-07-12,1218.300048828125,1219.4000244140625,1217.9000244140625,1218.0999755859375,7,1237.4949890136718,1246.8739990234376,34.55424028426553,False,0.0,0.0
2017-07-13,1221.4000244140625,1221.4000244140625,1216.300048828125,1216.300048828125,7,1234.669989013672,1246.0980004882813,30.314420792892548,False,0.0,0.0
2017-07-14,1214.9000244140625,1227.5,1214.800048828125,1226.5999755859375,23,1233.389990234375,1245.7019995117187,31.77332088570583,False,0.0,0.0
2017-07-17,1229.9000244140625,1233.4000244140625,1229.9000244140625,1232.800048828125,7,1232.3299926757813,1245.8280004882813,41.29029514331887,False,0.0,0.0
2017-07-18,1236.199951171875,1241.199951171875,1236.199951171875,1241.0999755859375,29,1232.1749938964845,1246.1539990234376,46.907778910963856,False,0.0,0.0
2017-07-19,1240.4000244140625,1241.199951171875,1240.0999755859375,1241.199951171875,3,1232.184991455078,1246.4719970703125,45.96195220394222,False,0.0,0.0
2017-07-20,1236.5999755859375,1244.800048828125,1236.5999755859375,1244.800048828125,5,1232.2549926757813,1247.0819970703126,50.35720202404792,False,0.0,0.0
2017-07-21,1250.699951171875,1254.300048828125,1250.5,1254.300048828125,16,1232.5899963378906,1247.8219970703126,57.55563030498672,False,0.0,0.0
2017-07-24,1256.0,1256.0,1253.9000244140625,1253.9000244140625,8,1232.475,1248.4459985351561,76.62727663431917,False,0.0,0.0
2017-07-25,1252.699951171875,1253.5999755859375,1249.199951171875,1251.699951171875,18,1232.7449951171875,1248.9559985351561,73.25405707382814,False,0.0,0.0
2017-07-26,1244.800048828125,1249.0,1244.800048828125,1249.0,7,1232.8749938964843,1249.3639990234376,69.64814370657282,False,0.0,0.0
2017-07-27,1259.5999755859375,1259.5999755859375,1259.5999755859375,1259.5999755859375,220309,1233.4549926757813,1249.8559985351562,89.11045873758233,False,0.0,0.0
2017-07-28,1258.4000244140625,1270.0,1256.9000244140625,1268.4000244140625,64180,1234.6649963378907,1250.0739990234374,89.92911264406028,False,0.0,0.0
2017-07-31,1268.9000244140625,1270.800048828125,1265.800048828125,1266.5999755859375,7780,1235.9599975585938,1250.3719995117187,87.4293527174419,False,0.0,0.0
2017-08-01,1268.4000244140625,1273.300048828125,1262.0,1272.5999755859375,1061,1238.6949951171875,1250.77,87.69015435214982,False,0.0,0.0
2017-08-02,1268.5,1272.0999755859375,1262.9000244140625,1271.800048828125,393,1241.2649963378906,1250.992001953125,88.92002944751665,False,0.0,0.0
2017-08-03,1265.9000244140625,1269.800048828125,1256.5999755859375,1267.800048828125,878,1243.5450012207032,1251.252001953125,81.69230451415169,False,0.0,0.0
2017-08-04,1269.0,1269.5999755859375,1253.9000244140625,1258.300048828125,521,1246.0300048828126,1251.3700024414063,68.6676294069496,False,0.0,0.0
2017-08-07,1258.699951171875,1259.0999755859375,1255.300048828125,1258.199951171875,260,1248.3350036621093,1251.4180004882812,64.2262171949929,False,0.0,0.0
2017-08-08,1256.9000244140625,1264.0999755859375,1251.4000244140625,1256.4000244140625,555,1250.4750061035156,1251.1940014648437,62.297759877693,False,0.0,0.0
2017-08-09,1260.199951171875,1277.800048828125,1260.199951171875,1273.0,574,1253.2200073242188,1251.412001953125,68.85022243546433,True,0.0,0.0
2017-08-10,1276.5999755859375,1287.4000244140625,1274.9000244140625,1283.699951171875,608,1256.5900024414063,1251.6460009765624,69.342041015625,True,0.0,0.0
2017-08-11,1286.300048828125,1291.0999755859375,1282.0,1287.699951171875,139,1259.645001220703,1252.06,71.2311162842767,True,0.0,0.0
2017-08-14,1288.4000244140625,1288.4000244140625,1278.800048828125,1284.199951171875,338,1262.2149963378906,1252.207998046875,70.0865508229571,True,0.0,0.0
2017-08-15,1280.5,1280.5,1267.4000244140625,1273.699951171875,188,1263.8449951171874,1252.09599609375,63.92331723160343,True,0.0,0.0
2017-08-16,1271.300048828125,1282.5999755859375,1269.4000244140625,1276.9000244140625,110,1265.6299987792968,1251.74599609375,60.63963003558505,True,0.0,0.0
2017-08-17,1283.800048828125,1288.5,1283.199951171875,1286.4000244140625,43,1267.7099975585938,1251.6719970703125,60.97560975609756,True,0.0,0.0
2017-08-18,1288.5999755859375,1300.699951171875,1284.300048828125,1285.699951171875,358,1269.2799926757812,1251.8599951171875,61.804678505521835,True,0.0,0.0
2017-08-21,1285.199951171875,1290.800048828125,1284.699951171875,1290.800048828125,18,1271.1249938964843,1252.30599609375,61.37502841945126,True,0.0,0.0
2017-08-22,1287.199951171875,1288.4000244140625,1283.199951171875,1285.0999755859375,100,1272.7949951171875,1252.68599609375,57.83267649456581,True,0.0,0.0
2017-08-23,1289.4000244140625,1289.4000244140625,1286.9000244140625,1288.9000244140625,250,1274.7899963378907,1253.1479956054689,62.455665006881745,True,0.0,0.0
2017-08-24,1288.699951171875,1288.699951171875,1284.0,1286.5,550,1276.1349975585938,1253.4219946289063,68.16999159983766,True,0.0,0.0
2017-08-25,1285.4000244140625,1292.699951171875,1280.300048828125,1292.5,280,1277.3399963378906,1254.2279956054688,70.53889134165846,True,0.0,0.0
2017-08-28,1293.5,1311.300048828125,1293.5,1309.699951171875,145,1279.4949951171875,1255.3419946289061,76.94630031683887,True,0.0,0.0
2017-08-29,1318.800048828125,1323.800048828125,1313.0999755859375,1313.0999755859375,1178,1281.5199951171876,1256.7199951171874,73.39546504058788,True,0.0,0.0
2017-08-30,1308.199951171875,1312.5,1304.9000244140625,1308.0999755859375,1178,1283.3349914550781,1258.0619946289062,65.24994545007881,True,0.0,0.0
2017-08-31,1306.5999755859375,1322.300048828125,1301.699951171875,1316.199951171875,373,1285.7549865722656,1259.5179931640625,66.94404528630525,True,0.0,0.0
2017-09-01,1320.199951171875,1327.699951171875,1316.9000244140625,1324.5,313,1289.0649841308593,1261.0559936523437,72.6658446294791,True,0.0,0.0
2017-09-05,1335.199951171875,1339.199951171875,1328.5999755859375,1339.199951171875,39,1293.1149841308593,1262.7159936523437,85.17709964100183,True,0.0,0.0
2017-09-06,1340.0,1340.300048828125,1332.5999755859375,1333.9000244140625,20,1296.9899841308593,1264.4679931640626,79.93691337128789,True,0.0,0.0
2017-09-07,1336.4000244140625,1349.0,1336.4000244140625,1345.0999755859375,26,1300.5949829101562,1266.4419921875,80.2888867053159,True,0.0,0.0
2017-09-08,1351.0,1355.800048828125,1345.5999755859375,1346.0,37,1303.7099853515624,1268.4019921875,81.05045735463464,True,0.0,0.0
2017-09-11,1331.0,1331.0,1327.300048828125,1331.0,9,1305.8749877929688,1270.1379931640624,68.78502391209112,True,0.0,0.0
2017-09-12,1327.0,1328.0,1325.199951171875,1328.0,15,1308.064990234375,1271.883994140625,70.56570208034643,True,0.0,0.0
2017-09-13,1323.4000244140625,1323.4000244140625,1323.4000244140625,1323.4000244140625,16,1310.5499938964845,1273.993994140625,66.41296293285077,True,0.0,0.0
2017-09-14,1319.5999755859375,1329.300048828125,1319.5999755859375,1324.699951171875,316,1312.939990234375,1276.0799926757813,68.36540425322137,True,0.0,0.0
2017-09-15,1320.5999755859375,1321.199951171875,1319.800048828125,1320.4000244140625,15,1314.639990234375,1278.043994140625,63.636417875540396,True,0.0,0.0
2017-09-18,1309.800048828125,1310.4000244140625,1306.0,1306.300048828125,129,1315.6699951171875,1279.9979956054688,48.28633448348846,True,0.0,0.0
2017-09-19,1307.9000244140625,1310.300048828125,1305.0999755859375,1306.199951171875,20,1316.439990234375,1281.8799951171875,46.40248163531315,True,0.0,0.0
2017-09-20,1312.0,1312.0,1298.699951171875,1312.0,12,1317.7849914550782,1283.8479956054687,52.01656220610605,True,0.0,0.0
2017-09-21,1299.0999755859375,1304.0999755859375,1290.300048828125,1290.5999755859375,336,1317.8699890136718,1285.2979956054687,38.363634547712344,True,0.0,0.0
2017-09-22,1295.0,1295.699951171875,1293.300048828125,1293.300048828125,209,1318.2099914550781,1286.8379956054687,35.057480672182436,True,0.0,0.0
2017-09-25,1293.0999755859375,1309.199951171875,1291.0,1306.800048828125,51,1318.9249938964845,1288.4419970703125,34.30236546827945,True,0.0,0.0
2017-09-26,1304.5,1305.5999755859375,1297.0,1297.0,39,1318.2899963378907,1289.72599609375,32.86908109566248,True,0.0,0.0
2017-09-27,1283.4000244140625,1283.4000244140625,1283.4000244140625,1283.4000244140625,19488,1316.804998779297,1290.5719970703126,21.98006519280662,True,0.0,0.0
2017-09-28,1283.0999755859375,1288.0,1277.0,1285.5,5226,1315.675,1291.457998046875,22.82121587681104,True,0.0,0.0
2017-09-29,1284.199951171875,1289.4000244140625,1281.5,1281.5,492,1313.9400024414062,1292.1919970703125,25.324039929021566,True,0.0,0.0
2017-10-02,1275.0,1276.0999755859375,1270.4000244140625,1272.699951171875,136,1311.35,1292.5599951171876,23.939680523532743,True,0.0,0.0
2017-10-03,1269.699951171875,1273.300048828125,1268.5999755859375,1271.5,192,1307.9650024414063,1292.9119946289063,24.73223592953447,True,0.0,0.0
2017-10-04,1273.800048828125,1280.800048828125,1270.0,1273.699951171875,218,1304.9549987792968,1293.3519946289061,25.386123587826916,True,0.0,0.0
2017-10-05,1277.800048828125,1277.800048828125,1267.5999755859375,1269.9000244140625,36,1301.195001220703,1293.7699951171876,25.50923755262872,True,0.0,0.0
2017-10-06,1267.5999755859375,1272.0,1260.5,1271.5999755859375,46,1297.475,1294.0099951171876,30.870978378632998,True,0.0,0.0
2017-10-09,1280.5999755859375,1284.0,1279.0,1281.800048828125,19,1295.0150024414063,1294.2779956054687,37.89687970024971,True,1.0,1.0
2017-10-10,1282.5999755859375,1293.0,1281.699951171875,1290.5999755859375,18,1293.145001220703,1294.7579956054688,39.69169580244822,False,1.0,0.0
2017-10-11,1287.300048828125,1292.0,1284.9000244140625,1285.800048828125,21,1291.2650024414063,1295.0219970703124,47.24774302468989,False,0.0,-1.0
2017-10-12,1291.5,1294.5,1289.300048828125,1293.300048828125,14,1289.6950073242188,1295.4519970703125,50.0,False,0.0,0.0
2017-10-13,1293.300048828125,1301.699951171875,1291.699951171875,1301.5,74,1288.7500061035157,1296.12599609375,46.943444787988355,False,0.0,0.0
2017-10-16,1302.0,1303.800048828125,1291.9000244140625,1299.9000244140625,173,1288.4300048828125,1296.9579956054688,51.84715792551033,False,0.0,0.0
2017-10-17,1295.0999755859375,1295.0999755859375,1283.0,1283.0,571,1287.2700073242188,1297.4539965820313,49.755485350759514,False,0.0,0.0
2017-10-18,1279.9000244140625,1279.9000244140625,1279.9000244140625,1279.9000244140625,163,1285.6650085449219,1297.9239965820314,46.61835926845989,False,0.0,0.0
2017-10-19,1286.4000244140625,1286.9000244140625,1285.0999755859375,1286.9000244140625,134,1285.4800109863281,1298.2019970703125,53.14687901478364,False,0.0,0.0
2017-10-20,1279.5999755859375,1279.5999755859375,1277.4000244140625,1277.4000244140625,304,1284.685009765625,1298.0759985351563,52.71681684436322,False,0.0,0.0
2017-10-23,1274.699951171875,1280.800048828125,1271.5,1277.699951171875,115,1283.2300048828124,1297.8759985351562,53.62148333219248,False,0.0,0.0
2017-10-24,1275.5,1275.5,1273.699951171875,1275.0,111,1282.1300048828125,1297.6919995117187,50.75496790145861,False,0.0,0.0
2017-10-25,1269.9000244140625,1275.4000244140625,1269.9000244140625,1275.4000244140625,105,1281.7300048828124,1297.7260009765625,53.3252838476935,False,0.0,0.0
2017-10-26,1273.5,1273.5,1264.699951171875,1266.300048828125,39,1280.7700073242188,1297.5140014648437,47.05885540789354,False,0.0,0.0
2017-10-27,1268.4000244140625,1268.5,1267.0999755859375,1268.5,567,1280.1200073242187,1297.1560009765626,41.90005352682289,False,0.0,0.0
2017-10-30,1270.0,1274.0999755859375,1267.9000244140625,1274.0999755859375,222,1280.190008544922,1296.9240014648437,39.543680938692276,False,0.0,0.0
2017-10-31,1273.0999755859375,1274.5999755859375,1266.0999755859375,1267.0,235,1279.9650085449218,1296.4480004882812,38.42357348599193,False,0.0,0.0
2017-11-01,1272.199951171875,1274.800048828125,1270.300048828125,1274.0999755859375,78,1279.985009765625,1296.2280004882812,38.118719888323355,False,0.0,0.0
2017-11-02,1274.9000244140625,1274.9000244140625,1274.9000244140625,1274.9000244140625,70,1280.235009765625,1295.9480004882812,31.880071379747918,False,0.0,0.0
2017-11-03,1265.300048828125,1267.9000244140625,1265.300048828125,1266.5,75,1279.9800109863281,1295.5480004882813,29.17699776406893,False,0.0,0.0
2017-11-06,1269.0,1280.5,1269.0,1279.4000244140625,128,1279.860009765625,1295.2860009765625,47.63780599747849,False,0.0,0.0
2017-11-07,1276.800048828125,1276.800048828125,1270.4000244140625,1273.699951171875,11,1279.0150085449218,1294.5660009765625,46.065939717657926,False,0.0,0.0
2017-11-08,1275.9000244140625,1284.9000244140625,1274.699951171875,1281.5999755859375,15,1278.8050048828125,1293.9360009765626,46.67499869812009,False,0.0,0.0
2017-11-09,1279.699951171875,1286.9000244140625,1279.699951171875,1285.5999755859375,18,1278.4200012207032,1293.4860009765625,55.52557720212027,False,0.0,0.0
2017-11-10,1283.5,1283.5,1272.4000244140625,1272.4000244140625,10,1276.9650024414063,1292.6100024414063,46.957561283938986,False,0.0,0.0
2017-11-13,1277.300048828125,1277.300048828125,1277.0,1277.300048828125,3,1275.8350036621093,1291.6660034179688,51.28782058817901,False,0.0,0.0
2017-11-14,1276.9000244140625,1281.5,1276.9000244140625,1281.5,4,1275.7600036621093,1290.5120043945312,53.27603500835873,False,0.0,0.0
2017-11-15,1281.4000244140625,1284.699951171875,1275.9000244140625,1276.5,13,1275.5900024414063,1289.36400390625,55.73030964712079,False,0.0,0.0
2017-11-16,1277.5,1277.5,1277.4000244140625,1277.4000244140625,43,1275.1150024414062,1288.0100048828126,55.074125987035785,False,0.0,0.0
2017-11-17,1288.300048828125,1295.800048828125,1288.300048828125,1295.800048828125,1,1276.0350036621094,1287.006005859375,60.79604322619905,False,0.0,0.0
2017-11-20,1274.5999755859375,1275.9000244140625,1274.5999755859375,1274.5999755859375,1,1275.8800048828125,1285.8780053710936,53.315864316870915,False,0.0,0.0
2017-11-21,1281.0999755859375,1281.0999755859375,1281.0999755859375,1281.0999755859375,4,1276.1850036621095,1284.9400048828124,53.07016886357066,False,0.0,0.0
2017-11-22,1284.699951171875,1291.5999755859375,1282.9000244140625,1291.5999755859375,4,1276.9950012207032,1284.30400390625,56.75017170736328,False,0.0,0.0
2017-11-24,1286.699951171875,1286.699951171875,1286.699951171875,1286.699951171875,0,1278.0149963378906,1283.54400390625,58.40262826502011,False,0.0,0.0
2017-11-27,1293.800048828125,1293.800048828125,1293.800048828125,1293.800048828125,1,1279.2799987792969,1283.0120043945312,56.29370218968444,False,0.0,0.0
2017-11-28,1294.699951171875,1294.699951171875,1294.699951171875,1294.699951171875,275442,1280.3099975585938,1282.7800024414062,59.580283434538735,False,0.0,0.0
2017-11-29,1293.4000244140625,1296.199951171875,1281.0999755859375,1282.0999755859375,47244,1281.0649963378905,1282.2980029296875,50.21872256623086,False,0.0,0.0
2017-11-30,1283.0999755859375,1284.5,1269.699951171875,1273.199951171875,3049,1281.0199951171876,1281.522001953125,44.798650673280854,False,0.0,0.0
2017-12-01,1274.0999755859375,1288.5999755859375,1271.0,1278.800048828125,823,1281.2149963378906,1281.2860034179687,52.867388805211824,False,0.0,0.0
2017-12-04,1272.5,1276.0999755859375,1270.300048828125,1274.300048828125,850,1281.604998779297,1280.9060034179688,48.651081505941036,True,0.0,0.0
2017-12-05,1275.4000244140625,1275.800048828125,1260.0,1261.5999755859375,1499,1280.7149963378906,1280.002001953125,41.68756405615016,True,0.0,0.0
2017-12-06,1264.9000244140625,1267.800048828125,1261.5999755859375,1262.800048828125,373,1280.1700012207032,1279.3180029296875,44.08977351241132,True,0.0,0.0
2017-12-07,1262.300048828125,1262.4000244140625,1243.9000244140625,1249.800048828125,358,1278.5800048828125,1278.6460034179688,39.2187903820313,False,0.0,0.0
2017-12-08,1246.300048828125,1249.300048828125,1241.5,1245.199951171875,157,1276.5600036621095,1277.8400024414063,27.84592690774214,False,0.0,0.0
2017-12-11,1248.4000244140625,1249.199951171875,1239.9000244140625,1243.699951171875,146,1275.125,1277.0840014648438,33.65084409033426,False,0.0,0.0
2017-12-12,1241.300048828125,1244.4000244140625,1236.5,1238.5,692,1273.1849975585938,1276.4000024414063,27.14601367130453,False,0.0,0.0
2017-12-13,1241.9000244140625,1254.5,1239.800048828125,1245.4000244140625,349,1271.3799987792968,1275.8780029296875,24.218875595022382,False,0.0,0.0
2017-12-14,1252.9000244140625,1257.699951171875,1250.300048828125,1253.800048828125,139,1270.2450012207032,1275.4800048828124,32.33094438281948,False,0.0,0.0
2017-12-15,1253.0999755859375,1260.300048828125,1253.0999755859375,1254.300048828125,578,1269.0900024414063,1275.1680053710938,27.167694500500986,False,0.0,0.0
2017-12-18,1256.199951171875,1262.4000244140625,1255.699951171875,1262.199951171875,45,1267.4099975585937,1274.9800048828124,32.62036623609251,False,0.0,0.0
2017-12-19,1261.0999755859375,1264.300048828125,1259.5,1260.699951171875,329,1266.7149963378906,1274.5580029296875,37.01459061394946,False,0.0,0.0
2017-12-20,1261.300048828125,1266.5999755859375,1261.300048828125,1266.0999755859375,63,1265.9649963378906,1274.0680029296875,45.50066449962946,False,0.0,0.0
2017-12-21,1266.4000244140625,1267.4000244140625,1264.300048828125,1267.300048828125,226,1264.75,1273.6980029296874,42.281904487257215,False,0.0,0.0
2017-12-22,1266.300048828125,1276.300048828125,1266.300048828125,1275.4000244140625,119,1264.1850036621095,1273.3400024414063,50.70420774089281,False,0.0,0.0
2017-12-26,1282.4000244140625,1284.0999755859375,1281.800048828125,1284.0999755859375,84,1263.7,1272.992001953125,65.18216622626963,False,0.0,0.0
2017-12-27,1284.0,1287.0,1284.0,1287.0,456,1263.3150024414062,1272.7340014648437,65.96301819458446,False,0.0,0.0
2017-12-28,1288.199951171875,1294.0999755859375,1288.199951171875,1294.0999755859375,245,1263.9150024414062,1272.9560009765626,81.68806243571228,False,0.0,0.0
2017-12-29,1294.199951171875,1306.300048828125,1294.0,1306.300048828125,65,1265.5700073242188,1273.4840014648437,89.41941784274194,False,0.0,0.0
2018-01-02,1302.300048828125,1317.5999755859375,1302.300048828125,1313.699951171875,68,1267.3150024414062,1274.02,91.96647599866513,False,0.0,0.0
2018-01-03,1320.0,1320.0999755859375,1312.0999755859375,1316.199951171875,42,1269.4099975585937,1274.7959985351563,98.14126281587792,False,0.0,0.0
2018-01-04,1319.4000244140625,1322.0,1319.4000244140625,1319.4000244140625,2,1272.3,1275.63,98.05194805194805,False,0.0,0.0
2018-01-05,1320.300048828125,1320.300048828125,1320.300048828125,1320.300048828125,1,1275.175,1276.5360009765625,97.84172661870504,False,0.0,0.0
2018-01-08,1319.9000244140625,1319.9000244140625,1314.5999755859375,1318.5999755859375,41,1278.6149963378907,1277.4,95.47373419087495,True,0.0,0.0
2018-01-09,1309.5999755859375,1311.699951171875,1309.5999755859375,1311.699951171875,16,1281.9399963378905,1278.307998046875,85.50922617796645,True,0.0,0.0
2018-01-10,1320.300048828125,1320.699951171875,1315.300048828125,1317.4000244140625,70,1285.625,1279.2859985351563,88.36256237704228,True,0.0,0.0
2018-01-11,1317.0999755859375,1320.5999755859375,1316.300048828125,1320.5999755859375,9,1289.729998779297,1280.2159985351564,88.00547527274213,True,0.0,0.0
2018-01-12,1327.800048828125,1338.199951171875,1327.800048828125,1333.4000244140625,14,1294.1299987792968,1281.5439990234374,89.67577429494648,True,0.0,0.0
2018-01-16,1331.0999755859375,1335.4000244140625,1331.0,1335.4000244140625,13,1298.2099975585938,1282.77,88.86000531289135,True,0.0,0.0
2018-01-17,1334.4000244140625,1338.0,1326.800048828125,1338.0,27,1302.3949951171876,1284.0319995117188,87.90426008622154,True,0.0,0.0
2018-01-18,1328.9000244140625,1328.9000244140625,1326.0,1326.0,211,1305.5849975585938,1285.2219995117186,74.31415525114156,True,0.0,0.0
2018-01-19,1330.0999755859375,1333.0,1330.0999755859375,1331.9000244140625,50,1309.145001220703,1286.2719995117188,73.92400760233014,True,0.0,0.0
2018-01-22,1328.4000244140625,1330.9000244140625,1328.4000244140625,1330.9000244140625,162,1312.3850036621093,1287.4160009765626,68.14152918787438,True,0.0,0.0
2018-01-23,1335.800048828125,1335.9000244140625,1335.699951171875,1335.699951171875,47,1315.804998779297,1288.4980004882811,66.8711151052198,True,0.0,0.0
2018-01-24,1355.9000244140625,1357.199951171875,1355.9000244140625,1355.9000244140625,18,1319.8299987792968,1289.9040014648438,73.94447806643608,True,0.0,0.0
2018-01-25,1356.300048828125,1362.4000244140625,1346.699951171875,1362.4000244140625,4,1323.7450012207032,1291.7040014648437,74.94193884602748,True,0.0,0.0
2018-01-26,1351.5999755859375,1352.0,1350.9000244140625,1351.5999755859375,280546,1326.975,1293.19,66.28504432501369,True,0.0,0.0
2018-01-30,1338.699951171875,1347.800048828125,1332.800048828125,1335.4000244140625,52100,1329.0400024414062,1294.2680004882814,57.59495207695941,True,0.0,0.0
2018-01-31,1337.5,1346.9000244140625,1331.800048828125,1339.0,4881,1330.675,1295.5180004882814,62.7213589957702,True,0.0,0.0
2018-02-01,1343.800048828125,1350.5999755859375,1336.800048828125,1344.300048828125,1680,1332.2050048828125,1296.8560009765624,62.58186074395501,True,0.0,0.0
2018-02-02,1348.5,1352.0999755859375,1327.699951171875,1333.699951171875,2841,1333.0800048828125,1297.6139990234376,55.730514435353555,True,0.0,0.0
2018-02-05,1331.0999755859375,1340.199951171875,1329.0,1333.0,641,1333.7600036621093,1298.7819995117188,49.8042934797539,True,0.0,0.0
2018-02-06,1338.199951171875,1343.699951171875,1319.5,1326.0999755859375,529,1334.05,1299.6819995117187,45.65824446865839,True,0.0,0.0
2018-02-07,1325.4000244140625,1331.0999755859375,1310.5,1311.5999755859375,491,1333.7,1300.0819995117188,38.90756414583182,True,0.0,0.0
2018-02-08,1317.0999755859375,1321.0999755859375,1307.0,1316.9000244140625,459,1333.9600036621093,1300.6860009765626,45.94836966269296,True,0.0,0.0
2018-02-09,1320.9000244140625,1322.0,1311.9000244140625,1313.0999755859375,451,1333.7450012207032,1301.0719995117188,41.47004741016438,True,0.0,0.0
2018-02-12,1323.800048828125,1325.5,1318.0,1324.199951171875,140,1333.925,1301.6619995117187,47.21526861011529,True,0.0,0.0
2018-02-13,1324.5,1329.5999755859375,1323.4000244140625,1328.0999755859375,71,1333.6599975585937,1302.5819995117188,46.81743781737954,True,0.0,0.0
2018-02-14,1332.800048828125,1355.5,1324.0,1355.5,400,1334.6649963378907,1304.2280004882812,49.842012748901034,True,0.0,0.0
2018-02-15,1352.0,1355.9000244140625,1349.699951171875,1352.0999755859375,111,1335.3699951171875,1305.6939990234375,45.82994798925388,True,0.0,0.0
2018-02-16,1354.0,1361.4000244140625,1344.9000244140625,1353.199951171875,110,1336.7299926757812,1307.2719970703124,50.702975915284625,True,0.0,0.0
2018-02-20,1348.4000244140625,1350.199951171875,1328.5,1328.800048828125,283,1336.5749938964843,1308.6159985351562,47.29509467944069,True,0.0,0.0
2018-02-21,1326.800048828125,1331.5,1324.4000244140625,1330.0,119,1336.5299926757812,1309.9599975585938,46.23746126618247,True,0.0,0.0
2018-02-22,1322.0,1331.4000244140625,1322.0,1330.5999755859375,70,1336.2749938964844,1311.57599609375,44.03826356345371,True,0.0,0.0
2018-02-23,1328.0,1332.0999755859375,1327.699951171875,1328.199951171875,427,1334.889990234375,1313.23599609375,47.42267923293589,True,0.0,0.0
2018-02-26,1335.0,1340.5,1330.699951171875,1330.699951171875,652,1333.3049865722655,1314.97599609375,48.94006966445852,True,0.0,0.0
2018-02-27,1331.699951171875,1332.5999755859375,1312.699951171875,1315.5,710,1331.4999877929688,1316.51599609375,45.462336372899955,True,0.0,0.0
2018-02-28,1315.4000244140625,1321.0,1315.4000244140625,1315.5,58,1330.5049865722656,1317.9179956054688,51.906171655086084,True,0.0,0.0
2018-03-01,1310.4000244140625,1318.0999755859375,1301.800048828125,1302.9000244140625,43,1328.6999877929688,1318.8999951171875,43.61313014984819,True,0.0,0.0
2018-03-02,1314.300048828125,1323.199951171875,1314.300048828125,1321.0999755859375,155,1327.5399841308595,1320.2359936523437,53.225812802838334,True,0.0,0.0
2018-03-05,1323.5,1325.9000244140625,1318.0999755859375,1318.0999755859375,18,1326.7599853515626,1321.353994140625,47.36842659600127,True,0.0,0.0
2018-03-06,1321.5999755859375,1333.5999755859375,1321.4000244140625,1333.5999755859375,18,1326.7899841308595,1322.8119946289062,52.15686687512806,True,0.0,0.0
2018-03-07,1338.0999755859375,1338.0999755859375,1326.0,1326.0,27,1326.7849853515625,1324.0099951171876,36.304512420149706,True,0.0,0.0
2018-03-08,1324.800048828125,1326.800048828125,1319.300048828125,1319.9000244140625,62,1327.1999877929688,1325.0619946289062,35.41664363098384,True,0.0,0.0
2018-03-09,1316.800048828125,1322.4000244140625,1313.0,1322.4000244140625,88,1327.4749877929687,1326.0019946289062,36.22539615641204,True,0.0,0.0
2018-03-12,1319.4000244140625,1319.4000244140625,1319.4000244140625,1319.4000244140625,0,1327.789990234375,1326.7079956054688,44.80085881534795,True,0.0,0.0
2018-03-13,1325.9000244140625,1325.9000244140625,1325.300048828125,1325.9000244140625,13,1327.8749938964843,1327.48599609375,47.85789816741138,True,0.0,0.0
2018-03-14,1322.199951171875,1324.4000244140625,1322.199951171875,1324.4000244140625,19,1327.6899963378905,1328.0919970703126,46.79091067624023,False,0.0,0.0
2018-03-15,1316.800048828125,1316.800048828125,1316.800048828125,1316.800048828125,0,1325.7549987792968,1328.3019970703126,44.400823076849285,False,0.0,0.0
2018-03-16,1310.0999755859375,1311.300048828125,1310.0999755859375,1311.300048828125,34,1323.7150024414063,1328.2539990234375,40.74430415133019,False,0.0,0.0
2018-03-19,1309.4000244140625,1316.9000244140625,1307.300048828125,1316.800048828125,6,1321.8950073242188,1328.2660009765625,50.683517786865664,False,0.0,0.0
2018-03-20,1311.0999755859375,1311.0999755859375,1311.0999755859375,1311.0999755859375,4,1321.0100036621093,1328.1,47.81744662144733,False,0.0,0.0
2018-03-21,1312.4000244140625,1328.800048828125,1312.4000244140625,1320.699951171875,34,1320.5450012207032,1328.107998046875,59.10017386919495,False,0.0,0.0
2018-03-22,1326.5999755859375,1326.5999755859375,1326.5999755859375,1326.5999755859375,0,1320.3450012207031,1328.267998046875,53.216374269005854,False,0.0,0.0
2018-03-23,1343.199951171875,1349.300048828125,1343.199951171875,1349.300048828125,8,1321.4000061035156,1329.02,64.82892182515877,False,0.0,0.0
2018-03-26,1348.5,1354.4000244140625,1345.0999755859375,1354.4000244140625,10,1322.585009765625,1329.76,60.970484237743406,False,0.0,0.0
2018-03-27,1341.0,1341.300048828125,1341.0,1341.300048828125,290889,1323.8750122070312,1330.1740014648437,57.62713927205723,False,0.0,0.0
2018-03-28,1345.0,1346.4000244140625,1322.4000244140625,1324.199951171875,59284,1324.310009765625,1329.99,51.931680213562394,False,0.0,0.0
2018-03-29,1324.0,1327.0999755859375,1321.699951171875,1322.800048828125,5585,1325.3050109863282,1329.7380004882812,50.181499159797916,False,0.0,0.0
2018-04-02,1327.0,1344.199951171875,1324.699951171875,1342.0999755859375,649,1326.3550109863281,1329.82,58.972312716156125,False,0.0,0.0
2018-04-03,1340.4000244140625,1341.5,1328.5,1332.800048828125,702,1327.0900146484375,1329.9560009765626,52.6682244093559,False,0.0,0.0
2018-04-04,1331.800048828125,1347.300048828125,1331.5999755859375,1335.800048828125,718,1327.200018310547,1330.0340014648436,54.357809937910226,False,0.0,0.0
2018-04-05,1333.5,1333.699951171875,1322.5999755859375,1324.300048828125,258,1327.1150207519531,1329.902001953125,52.783965374430664,False,0.0,0.0
2018-04-06,1326.5,1333.0,1319.0,1331.9000244140625,348,1327.715020751953,1329.8260034179686,57.52923487393645,False,0.0,0.0
2018-04-09,1333.0,1337.5,1327.0,1336.300048828125,290,1328.4100219726563,1329.43400390625,57.184969423939464,False,0.0,0.0
2018-04-10,1335.199951171875,1342.0,1333.0,1342.0,105,1329.540020751953,1329.0260034179687,61.38543232465526,True,0.0,0.0
2018-04-11,1340.0999755859375,1365.4000244140625,1340.0999755859375,1356.5,118,1331.07001953125,1329.12400390625,62.73118283304132,True,0.0,0.0
2018-04-12,1351.199951171875,1351.5,1334.5999755859375,1338.4000244140625,34,1331.77001953125,1329.18400390625,53.861277457866514,True,0.0,0.0
2018-04-13,1335.9000244140625,1346.0,1335.9000244140625,1344.800048828125,67,1333.17001953125,1329.3000048828126,48.35164540344087,True,0.0,0.0
2018-04-16,1341.0,1348.800048828125,1341.0,1347.5,60,1334.9800170898438,1329.36400390625,47.42727880969829,True,0.0,0.0
2018-04-17,1348.0,1348.0999755859375,1339.0,1347.199951171875,409,1336.5000122070312,1329.63400390625,52.43195047137533,True,0.0,0.0
2018-04-18,1343.5,1354.199951171875,1343.5,1351.199951171875,45,1338.5050109863282,1329.9980029296876,62.47692842282924,True,0.0,0.0
2018-04-19,1348.5999755859375,1355.199951171875,1341.5999755859375,1346.800048828125,387,1339.8100158691407,1330.4120043945313,60.791395337604335,True,0.0,0.0
2018-04-20,1342.5,1343.4000244140625,1335.300048828125,1336.699951171875,310,1340.3150146484375,1330.91400390625,47.35292604086009,True,0.0,0.0
2018-04-23,1334.0,1334.4000244140625,1322.5,1322.5,68,1338.9750122070313,1331.0260034179687,45.18238623127834,True,0.0,0.0
2018-04-24,1326.4000244140625,1331.699951171875,1326.199951171875,1331.4000244140625,28,1337.8250122070312,1331.3920043945313,48.049633301841766,True,0.0,0.0
2018-04-25,1324.0,1325.0,1320.0,1321.199951171875,278,1336.8200073242188,1331.3320043945312,48.60982167881166,True,0.0,0.0
2018-04-26,1315.699951171875,1316.300048828125,1315.699951171875,1316.300048828125,569,1336.4250122070312,1331.096005859375,42.83088874652329,True,0.0,0.0
2018-04-27,1315.300048828125,1321.699951171875,1312.800048828125,1320.300048828125,622,1336.3000122070312,1330.3920068359375,42.6199195506367,True,0.0,0.0
2018-04-30,1309.5999755859375,1316.199951171875,1309.5999755859375,1316.199951171875,49,1335.0050109863282,1329.6740063476564,37.9213309772707,True,0.0,0.0
2018-05-01,1313.199951171875,1313.800048828125,1303.4000244140625,1303.800048828125,28,1333.5550109863282,1328.6860083007812,24.832867359525792,True,0.0,0.0
2018-05-02,1309.0,1309.300048828125,1302.5999755859375,1302.5999755859375,23,1331.8950073242188,1328.1620068359375,29.612739795733944,True,0.0,0.0
2018-05-03,1310.699951171875,1310.699951171875,1310.699951171875,1310.699951171875,4,1331.2150024414063,1327.776005859375,30.949666113826808,True,0.0,0.0
2018-05-04,1312.699951171875,1312.699951171875,1312.699951171875,1312.699951171875,0,1330.2549987792968,1327.4180053710938,30.405388686507663,True,1.0,1.0
2018-05-07,1310.5999755859375,1312.5,1310.199951171875,1312.199951171875,4,1329.0499938964845,1327.0980053710937,30.337078651685403,True,1.0,0.0
2018-05-08,1310.0999755859375,1312.0,1308.5,1312.0,337,1327.5499938964845,1326.7240063476563,26.995320635339084,True,1.0,0.0
2018-05-09,1311.300048828125,1311.300048828125,1311.300048828125,1311.300048828125,70,1325.2899963378907,1326.6400073242187,28.22085889570552,False,1.0,0.0
2018-05-10,1312.199951171875,1320.800048828125,1312.199951171875,1320.800048828125,8,1324.4099975585937,1326.7460083007813,40.17310164591419,False,0.0,-1.0
2018-05-11,1319.0,1319.0,1319.0,1319.0,3,1323.1199951171875,1327.0680078125,47.44525547445255,False,0.0,0.0
2018-05-14,1319.9000244140625,1319.9000244140625,1316.5,1316.5,4,1321.5699951171875,1326.9760083007814,38.00319623842445,False,0.0,0.0
2018-05-15,1304.5999755859375,1304.699951171875,1288.9000244140625,1288.9000244140625,8,1318.6549987792969,1326.3920092773437,29.685549463120125,False,0.0,0.0
2018-05-16,1290.9000244140625,1294.0,1285.4000244140625,1290.199951171875,26,1315.604998779297,1325.5240087890625,32.80623765624699,False,0.0,0.0
2018-05-17,1291.300048828125,1291.300048828125,1288.199951171875,1288.199951171875,2,1312.6749938964845,1324.7680078125,28.281366660720067,False,0.0,0.0
2018-05-18,1285.199951171875,1290.199951171875,1285.199951171875,1290.199951171875,2,1310.3499938964844,1324.1740063476564,31.89410116562165,False,0.0,0.0
2018-05-21,1287.4000244140625,1292.0999755859375,1287.4000244140625,1290.199951171875,52,1308.7349914550782,1323.5300048828126,38.55208752907909,False,0.0,0.0
2018-05-22,1291.699951171875,1291.699951171875,1291.699951171875,1291.699951171875,50,1306.7499877929688,1322.9760034179687,40.87097519532329,False,0.0,0.0
2018-05-23,1289.300048828125,1289.300048828125,1289.300048828125,1289.300048828125,10,1305.1549926757812,1322.24400390625,30.18518602243391,False,0.0,0.0
2018-05-24,1303.699951171875,1303.699951171875,1303.699951171875,1303.699951171875,0,1304.5249877929687,1321.8300024414064,43.222856680626386,False,0.0,0.0
2018-05-25,1303.300048828125,1303.300048828125,1303.300048828125,1303.300048828125,1,1303.6749877929688,1321.5600024414061,43.28811362372636,False,0.0,0.0
2018-05-29,1298.699951171875,1298.699951171875,1298.699951171875,1298.699951171875,386334,1302.7999877929688,1321.3080004882813,40.59398589710828,False,0.0,0.0
2018-05-30,1298.0,1303.699951171875,1295.199951171875,1301.5,50845,1302.6849853515625,1321.0019995117189,43.26917917555368,False,0.0,0.0
2018-05-31,1301.0,1306.800048828125,1296.5999755859375,1300.0999755859375,4082,1302.5599853515625,1320.7819995117188,34.002992334266,False,0.0,0.0
2018-06-01,1298.5999755859375,1299.5,1288.9000244140625,1294.800048828125,663,1301.764990234375,1320.2640014648437,32.25802409914587,False,0.0,0.0
2018-06-04,1293.9000244140625,1297.0999755859375,1290.0,1293.0999755859375,144,1300.7849914550782,1319.5940014648438,32.64087485216585,False,0.0,0.0
2018-06-05,1292.0999755859375,1299.800048828125,1289.9000244140625,1297.5,357,1300.0499938964845,1318.5580004882813,59.72851678473287,False,0.0,0.0
2018-06-06,1296.0999755859375,1300.4000244140625,1294.0999755859375,1297.0999755859375,373,1299.3049926757812,1317.4119995117187,57.967709105671354,False,0.0,0.0
2018-06-07,1298.4000244140625,1302.800048828125,1296.199951171875,1298.699951171875,79,1298.6749877929688,1316.5599975585938,62.237790095493914,False,0.0,0.0
2018-06-08,1295.300048828125,1299.4000244140625,1294.800048828125,1298.0999755859375,650,1297.5399841308595,1316.037998046875,59.5181297008239,False,0.0,0.0
2018-06-11,1299.300048828125,1302.0,1295.199951171875,1298.9000244140625,71,1296.5349853515625,1315.5599975585938,60.28379232427472,False,0.0,0.0
2018-06-12,1297.800048828125,1298.0999755859375,1292.699951171875,1295.0999755859375,153,1295.4649841308594,1314.6199975585937,53.81168864937062,False,0.0,0.0
2018-06-13,1294.0,1299.4000244140625,1290.9000244140625,1296.9000244140625,135,1295.8649841308593,1313.9019970703125,58.63631193317224,False,0.0,0.0
2018-06-14,1297.199951171875,1307.699951171875,1297.199951171875,1304.0,42,1296.5549865722655,1313.26599609375,50.40878369388787,False,0.0,0.0
2018-06-15,1297.199951171875,1307.699951171875,1274.0,1274.5999755859375,589,1295.8749877929688,1312.2719946289062,28.158345054132454,False,0.0,0.0
2018-06-18,1280.699951171875,1280.699951171875,1276.199951171875,1276.199951171875,35,1295.1749877929688,1311.1579931640624,32.05747215948914,False,0.0,0.0
2018-06-19,1278.699951171875,1281.800048828125,1269.9000244140625,1275.5999755859375,34,1294.4449890136718,1309.9439916992187,28.595064333951413,False,0.0,0.0
2018-06-20,1274.4000244140625,1274.4000244140625,1271.199951171875,1271.199951171875,7,1293.419989013672,1308.5279907226563,27.244119009675245,False,0.0,0.0
2018-06-21,1262.699951171875,1268.9000244140625,1260.0,1267.199951171875,46,1292.3149841308593,1306.7419897460939,27.813495988570182,False,0.0,0.0
2018-06-22,1268.0999755859375,1270.199951171875,1267.0,1267.4000244140625,74,1290.4999877929688,1305.3219897460938,28.830421352381876,False,0.0,0.0
2018-06-25,1270.5999755859375,1271.199951171875,1265.5999755859375,1265.5999755859375,37,1288.6149841308593,1303.73798828125,22.547414997573313,False,0.0,0.0
2018-06-26,1267.199951171875,1267.199951171875,1256.5999755859375,1256.5999755859375,89,1286.5099853515626,1301.9199877929686,19.640268810119906,False,0.0,0.0
2018-06-27,1255.5,1255.5,1252.300048828125,1252.800048828125,1162,1284.0749877929688,1300.0319897460938,16.69099799798026,False,0.0,0.0
2018-06-28,1251.699951171875,1251.699951171875,1244.800048828125,1247.800048828125,378,1281.4599914550781,1297.9639916992187,15.689079478745981,False,0.0,0.0
2018-06-29,1250.300048828125,1253.300048828125,1249.0999755859375,1251.300048828125,48,1279.2849914550782,1296.0539916992188,18.68427688714779,False,0.0,0.0
2018-07-02,1249.9000244140625,1249.9000244140625,1239.800048828125,1239.800048828125,29,1276.6199951171875,1294.1159936523438,16.965425109126684,False,0.0,0.0
2018-07-03,1238.0999755859375,1254.0999755859375,1237.0,1251.5999755859375,36,1274.3249938964843,1292.6979931640626,25.827069138472353,False,0.0,0.0
2018-07-05,1255.5,1257.300048828125,1253.5999755859375,1257.300048828125,9,1272.3349975585938,1291.2159936523437,24.70209833862789,False,0.0,0.0
2018-07-06,1255.5,1255.5,1254.300048828125,1254.300048828125,7,1270.1150024414062,1289.8779956054686,34.597936845770974,False,0.0,0.0
2018-07-09,1258.199951171875,1262.300048828125,1257.699951171875,1258.0999755859375,37,1268.1150024414062,1288.713994140625,36.71073269101501,False,0.0,0.0
2018-07-10,1256.199951171875,1256.9000244140625,1249.300048828125,1253.800048828125,65,1265.8600036621094,1287.383994140625,34.81897702253542,False,0.0,0.0
2018-07-11,1253.199951171875,1253.199951171875,1242.800048828125,1242.800048828125,30,1263.2450073242187,1285.91599609375,31.887794821970203,False,0.0,0.0
2018-07-12,1240.9000244140625,1246.699951171875,1240.9000244140625,1245.0,7,1260.6500061035156,1284.7399951171874,35.509142542063344,False,0.0,0.0
2018-07-13,1244.699951171875,1247.0,1239.5999755859375,1239.5999755859375,2,1257.4300048828125,1283.4799951171874,33.00726454401108,False,0.0,0.0
2018-07-16,1242.699951171875,1243.800048828125,1238.0999755859375,1238.0999755859375,2,1255.6050048828124,1282.0279956054687,33.12878381657346,False,0.0,0.0
2018-07-17,1225.699951171875,1225.699951171875,1225.699951171875,1225.699951171875,0,1253.0800048828125,1280.2879956054687,31.802058665792472,False,0.0,0.0
2018-07-18,1226.699951171875,1226.699951171875,1222.199951171875,1226.300048828125,67,1250.615008544922,1278.5699975585937,33.78212005032228,False,0.0,0.0
2018-07-19,1227.199951171875,1228.0,1211.699951171875,1222.4000244140625,33,1248.1750122070312,1276.777998046875,34.24315626064897,False,0.0,0.0
2018-07-20,1229.5,1229.5,1229.5,1229.5,0,1246.2900146484376,1275.1419970703125,37.05459532653102,False,0.0,0.0
2018-07-23,1222.0,1224.0,1222.0,1224.0,1,1244.1200134277344,1273.20599609375,39.89766068178342,False,0.0,0.0
2018-07-24,1223.9000244140625,1223.9000244140625,1223.9000244140625,1223.9000244140625,0,1242.0350158691406,1271.3039965820312,29.172969043703006,False,0.0,0.0
2018-07-25,1231.4000244140625,1231.4000244140625,1231.4000244140625,1231.4000244140625,0,1240.7750183105468,1269.6019970703126,31.039493273614738,False,0.0,0.0
2018-07-26,1227.800048828125,1227.800048828125,1225.300048828125,1225.300048828125,1,1239.4000183105468,1268.3299975585937,29.69184897453958,False,0.0,0.0
2018-07-27,1222.5999755859375,1222.5999755859375,1222.5999755859375,1222.5999755859375,254428,1238.1400146484375,1266.977998046875,24.75108439341689,False,0.0,0.0
2018-07-30,1222.5,1223.9000244140625,1218.0999755859375,1221.300048828125,62239,1236.6400146484375,1265.64,25.854400876438817,False,0.0,0.0
2018-07-31,1220.4000244140625,1228.0999755859375,1213.0,1223.699951171875,2722,1235.835009765625,1264.31,33.730738037307376,False,0.0,0.0
2018-08-01,1222.9000244140625,1223.699951171875,1214.4000244140625,1217.9000244140625,1026,1234.1500122070313,1262.8640014648438,28.250395308418945,False,0.0,0.0
2018-08-02,1214.699951171875,1219.300048828125,1205.800048828125,1210.5999755859375,411,1231.815008544922,1261.242001953125,27.4143130402376,False,0.0,0.0
2018-08-03,1206.5,1218.5999755859375,1205.0999755859375,1214.199951171875,784,1229.8100036621095,1259.74,31.975828946714316,False,0.0,0.0
2018-08-06,1214.4000244140625,1214.4000244140625,1206.5999755859375,1208.5999755859375,297,1227.3350036621093,1257.8380004882813,35.630243135838896,False,0.0,0.0
2018-08-07,1207.800048828125,1214.800048828125,1207.800048828125,1209.5999755859375,715,1225.125,1255.9639990234375,36.059987894819436,False,0.0,0.0
2018-08-08,1212.0,1215.199951171875,1205.9000244140625,1212.5999755859375,209,1223.6149963378907,1254.2419995117189,41.694839507909776,False,0.0,0.0
2018-08-09,1214.5,1215.300048828125,1211.5999755859375,1211.9000244140625,44,1221.9599975585938,1252.45,33.26989976722976,False,0.0,0.0
2018-08-10,1212.5,1216.4000244140625,1205.5999755859375,1211.0999755859375,75,1220.5349975585937,1250.67,36.534359510187436,False,0.0,0.0
2018-08-13,1207.0,1207.4000244140625,1191.300048828125,1191.300048828125,78,1218.195001220703,1248.6,25.887496230432106,False,0.0,0.0
2018-08-14,1193.0999755859375,1197.5,1192.800048828125,1193.0,92,1216.5600036621095,1246.5980004882813,18.93185952755782,False,0.0,0.0
2018-08-15,1187.800048828125,1188.0999755859375,1174.5999755859375,1177.5,71,1214.1200012207032,1244.1980004882812,16.432411858699595,False,0.0,0.0
2018-08-16,1173.199951171875,1180.199951171875,1161.4000244140625,1176.199951171875,123,1211.8099975585938,1241.78,16.762009027647835,False,0.0,0.0
2018-08-17,1174.699951171875,1181.199951171875,1174.699951171875,1176.5,66,1209.1599975585937,1239.3360009765624,17.4417325517026,False,0.0,0.0
2018-08-20,1184.800048828125,1190.0,1184.4000244140625,1186.800048828125,68,1207.3,1237.1100024414063,25.94528954714592,False,0.0,0.0
2018-08-21,1189.800048828125,1192.5999755859375,1189.800048828125,1192.5999755859375,22,1205.7349975585937,1234.9840014648437,33.50712846515981,False,0.0,0.0
2018-08-22,1194.699951171875,1196.300048828125,1194.699951171875,1196.300048828125,17,1203.979998779297,1233.0080029296876,40.21892507952942,False,0.0,0.0
2018-08-23,1189.300048828125,1190.300048828125,1184.9000244140625,1187.0,95,1202.0649963378905,1230.8100024414061,32.741158427958425,False,0.0,0.0
2018-08-24,1185.300048828125,1208.0,1185.300048828125,1206.300048828125,12,1201.25,1228.8560034179689,48.75679798775603,False,0.0,0.0
2018-08-27,1210.300048828125,1211.4000244140625,1205.199951171875,1209.0,154,1200.6349975585938,1227.54400390625,49.68154186865918,False,0.0,0.0
2018-08-28,1209.699951171875,1217.0,1202.300048828125,1207.4000244140625,136,1199.820001220703,1226.1680053710938,47.19830364448092,False,0.0,0.0
2018-08-29,1205.199951171875,1205.199951171875,1202.4000244140625,1204.5,817,1199.15,1224.746005859375,46.10525531294291,False,0.0,0.0
2018-08-30,1205.4000244140625,1205.5999755859375,1196.0,1197.699951171875,493,1198.5049987792968,1223.276005859375,43.36633256505676,False,0.0,0.0
2018-08-31,1207.0999755859375,1208.199951171875,1199.0999755859375,1200.300048828125,191,1197.8100036621095,1221.9380078125,55.36990962749748,False,0.0,0.0
2018-09-04,1193.800048828125,1193.800048828125,1189.9000244140625,1192.699951171875,26,1197.0150024414063,1220.4440063476563,49.832749521655465,False,0.0,0.0
2018-09-05,1192.5,1196.0,1192.5,1194.9000244140625,21,1196.2800048828126,1219.0300073242188,61.387374115835,False,0.0,0.0
2018-09-06,1202.0,1202.0,1197.9000244140625,1197.9000244140625,7,1195.5450073242187,1217.8560083007812,63.892409960003064,False,0.0,0.0
2018-09-07,1198.300048828125,1198.300048828125,1193.0999755859375,1193.5999755859375,29,1194.6300048828125,1216.6720068359375,60.41405540265877,False,0.0,0.0
2018-09-10,1193.0,1193.0,1193.0,1193.0,11,1193.7250061035156,1215.576005859375,54.28171113329198,False,0.0,0.0
2018-09-11,1190.4000244140625,1196.300048828125,1190.4000244140625,1195.4000244140625,21,1193.9300048828125,1214.4580053710938,52.02900653160006,False,0.0,0.0
2018-09-12,1205.0,1205.0,1204.699951171875,1204.699951171875,37,1194.5150024414063,1213.7560034179687,55.62993556156996,False,0.0,0.0
2018-09-13,1203.4000244140625,1203.4000244140625,1200.0,1202.0,22,1195.7400024414062,1212.76400390625,61.029372165914495,False,0.0,0.0
2018-09-14,1195.0,1195.0,1195.0,1195.0,1,1196.6800048828125,1211.5180029296876,39.85636516647089,False,0.0,0.0
2018-09-17,1199.699951171875,1199.699951171875,1199.699951171875,1199.699951171875,0,1197.8400024414063,1210.4260009765626,41.94105949056445,False,0.0,0.0
2018-09-18,1198.699951171875,1198.699951171875,1196.800048828125,1196.800048828125,2,1198.3400024414063,1209.2000024414062,41.01698842817211,False,0.0,0.0
2018-09-19,1202.199951171875,1202.199951171875,1202.199951171875,1202.199951171875,0,1198.820001220703,1208.1680004882812,48.13004160315041,False,0.0,0.0
2018-09-20,1206.199951171875,1206.199951171875,1206.199951171875,1206.199951171875,0,1199.3149963378905,1207.4359985351562,57.24021045188928,False,0.0,0.0
2018-09-21,1196.199951171875,1196.199951171875,1196.199951171875,1196.199951171875,0,1199.7749938964844,1206.4599975585938,46.898557683429054,False,0.0,0.0
2018-09-24,1199.300048828125,1199.300048828125,1199.300048828125,1199.300048828125,0,1199.4249938964845,1205.6539990234376,55.35723486304708,False,0.0,0.0
2018-09-25,1202.0999755859375,1202.800048828125,1200.0,1200.0,21,1198.9749938964844,1204.8919995117187,54.24292710074603,False,0.0,0.0
2018-09-26,1194.0,1194.0,1194.0,1194.0,17857,1198.3049926757812,1204.2580004882811,46.909634696747815,False,0.0,0.0
2018-09-27,1194.5999755859375,1197.300048828125,1180.5,1182.300048828125,4947,1197.1949951171875,1203.3780004882813,41.98582591817265,False,0.0,0.0
2018-09-28,1181.699951171875,1191.9000244140625,1180.0,1191.5,404,1196.8849975585938,1202.76,49.051828440208396,False,0.0,0.0
2018-10-01,1191.5999755859375,1191.5999755859375,1185.800048828125,1187.0999755859375,180,1196.2249938964844,1201.9119995117187,44.88280591479421,False,0.0,0.0
2018-10-02,1193.0,1206.0,1190.300048828125,1202.4000244140625,451,1196.7099975585938,1201.48,48.67971650448971,False,0.0,0.0
2018-10-03,1202.5999755859375,1202.5999755859375,1196.5999755859375,1198.300048828125,76,1196.8799987792968,1200.9680004882812,47.90962633967365,False,0.0,0.0
2018-10-04,1199.300048828125,1204.5999755859375,1197.199951171875,1197.199951171875,496,1196.8449951171874,1200.2839990234374,51.33169193300013,False,0.0,0.0
2018-10-05,1197.0999755859375,1205.300048828125,1196.9000244140625,1201.199951171875,34,1197.2249938964844,1199.8019970703126,50.91575200767896,False,0.0,0.0
2018-10-08,1201.0,1201.0,1183.699951171875,1184.4000244140625,250,1196.7949951171875,1199.037998046875,43.528166025945694,False,0.0,0.0
2018-10-09,1185.5999755859375,1189.0999755859375,1185.5999755859375,1187.199951171875,9,1196.384991455078,1198.35599609375,41.95278548357943,False,0.0,0.0
2018-10-10,1189.300048828125,1192.0,1189.300048828125,1189.300048828125,1078,1195.6149963378907,1197.667998046875,40.744855802013554,False,0.0,0.0
2018-10-11,1198.0999755859375,1224.5999755859375,1196.300048828125,1223.5,126,1196.6899963378905,1197.7799975585938,61.818202955898265,False,0.0,0.0
2018-10-12,1221.5999755859375,1221.5999755859375,1216.0,1218.0999755859375,122,1197.8449951171874,1197.9299975585936,57.97960035937191,False,0.0,0.0
2018-10-15,1222.4000244140625,1232.300048828125,1222.4000244140625,1226.4000244140625,136,1199.179998779297,1198.1739990234375,60.526323474583776,True,0.0,0.0
2018-10-16,1227.0999755859375,1230.5,1227.0999755859375,1227.300048828125,426,1200.7049987792968,1198.5480004882813,63.840413679175406,True,0.0,0.0
2018-10-17,1225.9000244140625,1225.9000244140625,1223.699951171875,1223.699951171875,1,1201.7799987792969,1198.83,68.44912222676751,True,0.0,0.0
2018-10-18,1226.5,1226.5,1226.5,1226.5,165,1202.7950012207032,1199.1080004882813,66.54059691986762,True,0.0,0.0
2018-10-19,1225.300048828125,1225.300048828125,1225.300048828125,1225.300048828125,55,1204.2500061035157,1199.3760009765624,68.61598023083852,True,0.0,0.0
2018-10-22,1224.5,1224.5,1219.5999755859375,1221.199951171875,18,1205.3450012207031,1199.5780004882813,60.28439361015878,True,0.0,0.0
2018-10-23,1224.800048828125,1237.800048828125,1224.800048828125,1233.4000244140625,33,1207.0150024414063,1200.42,67.63811376911252,True,0.0,0.0
2018-10-24,1231.5999755859375,1231.5999755859375,1227.800048828125,1227.800048828125,36,1208.7050048828125,1201.1160009765624,64.71155087620456,True,0.0,0.0
2018-10-25,1238.5999755859375,1238.5999755859375,1229.0999755859375,1229.0999755859375,7,1211.0450012207032,1202.1480004882812,63.770966113193815,True,0.0,0.0
2018-10-26,1234.300048828125,1234.800048828125,1232.5,1232.5,20,1213.0950012207031,1203.2740014648436,77.36053960745974,True,0.0,0.0
2018-10-29,1224.5,1224.5,1224.5,1224.5,214,1214.9650024414063,1204.2340014648437,70.0321760952853,True,0.0,0.0
2018-10-30,1227.699951171875,1227.699951171875,1219.800048828125,1222.5999755859375,72,1215.975,1204.95,67.92240607905771,True,0.0,0.0
2018-10-31,1216.0,1216.5999755859375,1212.0,1212.300048828125,121,1216.675,1205.3440014648438,41.88412206988058,True,0.0,0.0
2018-11-01,1215.4000244140625,1236.0,1215.4000244140625,1236.0,14,1218.6150024414062,1206.1380004882812,60.25199849544789,True,0.0,0.0
2018-11-02,1233.300048828125,1233.300048828125,1230.9000244140625,1230.9000244140625,18,1220.1000061035156,1207.0160009765625,52.675383338074866,True,0.0,0.0
2018-11-05,1230.5999755859375,1231.5,1226.699951171875,1229.800048828125,15,1222.3700073242187,1207.4860009765625,51.48279866663963,True,0.0,0.0
2018-11-06,1230.699951171875,1233.800048828125,1223.800048828125,1223.800048828125,4,1224.2000122070312,1207.782001953125,50.05772647786822,True,0.0,0.0
2018-11-07,1228.5999755859375,1228.5999755859375,1226.199951171875,1226.199951171875,1,1226.0450073242187,1208.1580004882812,49.82615903407226,True,0.0,0.0
2018-11-08,1222.9000244140625,1222.9000244140625,1222.9000244140625,1222.9000244140625,2,1226.0150085449218,1208.5260009765625,48.642516753639676,True,0.0,0.0
2018-11-09,1207.9000244140625,1207.9000244140625,1206.4000244140625,1206.4000244140625,14,1225.4300109863282,1208.7000024414062,42.658743374213294,True,0.0,0.0
2018-11-12,1201.5999755859375,1201.5999755859375,1201.300048828125,1201.300048828125,1,1224.1750122070312,1208.7200024414062,32.870801615973164,True,0.0,0.0
2018-11-13,1196.300048828125,1201.300048828125,1196.300048828125,1199.199951171875,5,1222.7700073242188,1208.8500024414063,34.14623583736176,True,0.0,0.0
2018-11-14,1207.9000244140625,1207.9000244140625,1207.9000244140625,1207.9000244140625,0,1221.9800109863281,1209.1100024414063,39.139352976343844,True,0.0,0.0
2018-11-15,1212.800048828125,1212.800048828125,1212.800048828125,1212.800048828125,0,1221.2950134277344,1209.4080029296874,40.06055484796003,True,0.0,0.0
2018-11-16,1216.699951171875,1223.800048828125,1216.699951171875,1220.800048828125,5,1221.0700134277345,1209.9520043945313,48.13322066551207,True,0.0,0.0
2018-11-19,1223.0999755859375,1223.0999755859375,1223.0999755859375,1223.0999755859375,0,1221.1650146484376,1210.55400390625,50.251256897909705,True,0.0,0.0
2018-11-20,1225.300048828125,1228.800048828125,1219.0,1219.0,12,1220.4450134277345,1211.0260034179687,53.590549409141815,True,0.0,0.0
2018-11-21,1225.800048828125,1225.800048828125,1225.800048828125,1225.800048828125,0,1220.3450134277343,1211.4480053710938,43.32463075281049,True,0.0,0.0
2018-11-23,1224.800048828125,1224.800048828125,1221.0,1221.0,1,1219.9400146484375,1211.8280053710937,43.49538266087701,True,0.0,0.0
2018-11-26,1220.199951171875,1222.0,1220.199951171875,1220.199951171875,2,1219.3250122070312,1212.3320043945312,43.667485836309936,True,0.0,0.0
2018-11-27,1221.9000244140625,1222.0,1211.199951171875,1211.199951171875,5,1218.660009765625,1212.5620043945312,42.005019131566314,True,0.0,0.0
2018-11-28,1211.5,1221.4000244140625,1211.5,1221.4000244140625,247168,1218.6000122070313,1213.05400390625,47.228686732569436,True,0.0,0.0
2018-11-29,1221.0,1228.699951171875,1220.5,1224.0999755859375,55478,1219.190008544922,1213.4920043945312,50.69764404965693,True,0.0,0.0
2018-11-30,1224.0999755859375,1225.0,1216.0999755859375,1220.199951171875,2060,1218.4000061035156,1213.7720043945312,59.40046067238211,True,0.0,0.0
2018-12-03,1222.5,1234.0999755859375,1221.300048828125,1233.9000244140625,751,1218.5500061035157,1214.526005859375,69.87794511921899,True,0.0,0.0
2018-12-04,1231.0,1241.4000244140625,1230.4000244140625,1241.0999755859375,474,1219.1150024414062,1215.3620043945311,74.05276619599874,True,0.0,0.0
2018-12-06,1237.5,1244.4000244140625,1234.800048828125,1238.0999755859375,434,1219.8299987792968,1216.12400390625,68.55030517523207,True,0.0,0.0
2018-12-07,1238.300048828125,1249.800048828125,1237.5999755859375,1246.800048828125,211,1220.8600036621094,1217.1800048828125,69.95300590291707,True,0.0,0.0
2018-12-10,1249.5999755859375,1249.5999755859375,1241.699951171875,1243.699951171875,131,1221.9,1218.4080029296874,64.25891581283634,True,0.0,0.0
2018-12-11,1245.800048828125,1248.699951171875,1241.5,1241.9000244140625,117,1223.675,1219.4160034179688,61.77943596992003,True,0.0,0.0
2018-12-12,1245.300048828125,1245.5999755859375,1244.0999755859375,1244.4000244140625,84,1225.8299987792968,1220.5620043945312,66.24035890399412,True,0.0,0.0
2018-12-13,1243.5,1243.5,1241.0,1242.699951171875,194,1228.0049987792968,1221.3680029296875,61.55938667886807,True,0.0,0.0
2018-12-14,1241.699951171875,1241.699951171875,1234.0999755859375,1237.0,33,1229.4599975585938,1222.142001953125,60.810775143927025,True,0.0,0.0
2018-12-17,1239.300048828125,1247.4000244140625,1239.300048828125,1247.4000244140625,10,1231.1899963378905,1223.1460034179688,66.26794363169907,True,0.0,0.0
2018-12-18,1248.199951171875,1249.199951171875,1245.5999755859375,1249.199951171875,31,1232.6099914550782,1224.1060034179689,74.86906226532666,True,0.0,0.0
2018-12-19,1255.800048828125,1255.800048828125,1252.0999755859375,1252.0999755859375,268,1234.059991455078,1225.4600024414062,72.21411561861825,True,0.0,0.0
2018-12-20,1243.199951171875,1263.5999755859375,1243.199951171875,1263.5999755859375,49,1236.289990234375,1226.9880029296876,75.35296901394327,True,0.0,0.0
2018-12-21,1260.300048828125,1261.300048828125,1253.800048828125,1253.800048828125,96,1237.689990234375,1228.2780029296875,70.04777928301942,True,0.0,0.0
2018-12-24,1260.300048828125,1268.5,1260.300048828125,1267.5,27,1240.014990234375,1229.1580029296874,70.0477356519915,True,0.0,0.0
2018-12-26,1269.300048828125,1277.4000244140625,1269.199951171875,1269.199951171875,63,1242.464990234375,1230.1800024414063,67.94380706948348,True,0.0,0.0
2018-12-27,1276.699951171875,1277.300048828125,1276.699951171875,1277.300048828125,480,1245.7699951171876,1231.1980029296874,73.50123607132768,True,0.0,0.0
2018-12-28,1273.5,1280.0999755859375,1273.5,1279.9000244140625,805,1248.6949951171875,1232.2500024414062,71.4100950506995,True,0.0,0.0
2018-12-31,1278.0,1281.300048828125,1277.5999755859375,1278.300048828125,19,1251.4049987792969,1233.3420043945312,72.82334222290933,True,0.0,0.0
2019-01-02,1286.0,1286.0,1277.5999755859375,1281.0,149,1254.445001220703,1234.4320043945313,75.48895873950583,True,0.0,0.0
2019-01-03,1286.800048828125,1292.0,1286.699951171875,1291.800048828125,10,1257.3400024414063,1235.7620043945312,77.88240734490944,True,0.0,0.0
2019-01-04,1294.199951171875,1294.199951171875,1275.300048828125,1282.699951171875,34,1259.4200012207032,1236.9920043945312,71.64504452136234,True,0.0,0.0
2019-01-07,1286.800048828125,1286.800048828125,1286.5999755859375,1286.800048828125,2,1261.8550048828124,1238.0600048828126,77.42291962991743,True,0.0,0.0
2019-01-08,1280.5,1283.199951171875,1278.199951171875,1283.199951171875,54,1263.675,1239.1680029296874,71.3094492457083,True,0.0,0.0
2019-01-09,1279.4000244140625,1289.300048828125,1279.199951171875,1289.300048828125,102,1265.9550048828125,1240.3720043945314,72.7066617267293,True,0.0,0.0
2019-01-10,1284.699951171875,1284.699951171875,1284.699951171875,1284.699951171875,0,1268.0950012207031,1241.4160034179688,68.11102385379834,True,0.0,0.0
2019-01-11,1291.199951171875,1291.199951171875,1286.300048828125,1287.0999755859375,11,1270.229998779297,1242.6680029296874,64.5240337027112,True,0.0,0.0
2019-01-14,1292.4000244140625,1293.9000244140625,1289.0999755859375,1289.0999755859375,7,1272.55,1243.9980029296876,74.14480352816032,True,0.0,0.0
2019-01-15,1290.0999755859375,1292.699951171875,1286.199951171875,1286.199951171875,3,1275.0099975585938,1245.4760009765625,65.00785710646869,True,0.0,0.0
2019-01-16,1291.5999755859375,1291.5999755859375,1291.5999755859375,1291.5999755859375,2,1277.2199951171874,1246.5880004882813,66.96955853494785,True,0.0,0.0
2019-01-17,1291.5999755859375,1292.699951171875,1288.5,1291.0,10,1279.3099975585938,1247.79,61.70926224240249,True,0.0,0.0
2019-01-18,1281.300048828125,1281.300048828125,1281.300048828125,1281.300048828125,3,1280.770001220703,1248.82,51.067084233502484,True,0.0,0.0
2019-01-22,1282.5,1283.300048828125,1282.5,1282.5,7,1281.7150024414063,1249.9939990234375,53.220799742380954,True,0.0,0.0
2019-01-23,1281.699951171875,1283.9000244140625,1278.699951171875,1283.0999755859375,14,1283.179998779297,1251.1319995117187,51.66399377852237,True,0.0,0.0
2019-01-24,1279.0999755859375,1279.0999755859375,1278.5,1279.0999755859375,1,1283.7599975585938,1252.2559985351563,38.72115486770754,True,0.0,0.0
2019-01-25,1297.4000244140625,1297.4000244140625,1297.4000244140625,1297.4000244140625,0,1285.1700012207032,1254.0759985351563,61.221367217129256,True,0.0,0.0
2019-01-28,1300.800048828125,1307.0999755859375,1298.4000244140625,1302.4000244140625,54,1286.425,1256.097998046875,61.74692205731766,True,0.0,0.0
2019-01-29,1308.199951171875,1308.199951171875,1308.199951171875,1308.199951171875,213607,1287.8399963378906,1258.277998046875,68.22154840454685,True,0.0,0.0
2019-01-30,1310.4000244140625,1323.4000244140625,1308.0999755859375,1309.9000244140625,54958,1289.4199951171875,1260.317998046875,66.0435763898792,True,0.0,0.0
2019-01-31,1320.0,1325.4000244140625,1316.699951171875,1319.699951171875,1970,1291.3549926757812,1262.45599609375,75.21617381148377,True,0.0,0.0
2019-02-01,1320.300048828125,1320.699951171875,1315.4000244140625,1316.9000244140625,878,1292.6099914550782,1264.3779956054686,71.34679958027283,True,0.0,0.0
2019-02-04,1318.0999755859375,1318.0999755859375,1308.300048828125,1314.300048828125,675,1294.1899963378905,1266.2019970703125,67.89783515254501,True,0.0,0.0
2019-02-05,1311.0999755859375,1315.0999755859375,1311.0,1314.199951171875,362,1295.559991455078,1268.10599609375,70.7101040489149,True,0.0,0.0
2019-02-06,1312.5,1313.5,1305.0,1309.5,358,1296.8749938964843,1269.7799951171876,63.37823856887142,True,0.0,0.0
2019-02-07,1302.9000244140625,1310.4000244140625,1302.199951171875,1309.4000244140625,203,1297.8799926757813,1271.5479956054687,63.85548592050328,True,0.0,0.0
2019-02-08,1309.5,1314.0,1307.800048828125,1313.699951171875,122,1299.3299926757813,1273.4179956054688,76.55740329391047,True,0.0,0.0
2019-02-11,1313.4000244140625,1313.4000244140625,1304.699951171875,1307.0,119,1300.3249938964843,1275.3339965820312,68.42112026080923,True,0.0,0.0
2019-02-12,1310.0,1312.0,1307.5999755859375,1309.199951171875,109,1301.3299926757813,1277.0899951171875,69.16305323971585,True,0.0,0.0
2019-02-13,1311.5999755859375,1316.0,1308.0999755859375,1310.800048828125,143,1302.5599975585938,1278.8239965820312,74.12492823473235,True,0.0,0.0
2019-02-14,1305.0,1311.800048828125,1301.5999755859375,1309.800048828125,858,1303.4700012207031,1280.6159985351562,62.81000073141635,True,0.0,0.0
2019-02-15,1313.5999755859375,1318.800048828125,1313.5999755859375,1318.0999755859375,190,1304.825,1282.2999975585938,65.18379123733249,True,0.0,0.0
2019-02-19,1320.9000244140625,1340.0999755859375,1320.5,1340.0999755859375,390,1307.7649963378906,1284.2799975585938,73.49052109270362,True,0.0,0.0
2019-02-20,1342.199951171875,1344.0,1338.0,1343.300048828125,581,1310.804998779297,1286.3839990234376,74.06349435291096,True,0.0,0.0
2019-02-21,1331.300048828125,1334.9000244140625,1320.9000244140625,1323.5,414,1312.825,1287.917998046875,52.39298079465719,True,0.0,0.0
2019-02-22,1324.199951171875,1331.300048828125,1321.0,1329.199951171875,718,1315.3299987792968,1289.627998046875,57.4726231494762,True,0.0,0.0
2019-02-25,1329.199951171875,1331.5999755859375,1325.5999755859375,1325.9000244140625,185,1316.7549987792968,1291.307998046875,56.98794737732283,True,0.0,0.0
2019-02-26,1323.300048828125,1325.5,1323.300048828125,1325.0999755859375,939,1317.8899963378906,1292.9219970703125,56.511377938918045,True,0.0,0.0
2019-02-27,1327.699951171875,1327.9000244140625,1316.5,1317.699951171875,604,1318.3649963378907,1294.4219970703125,54.745347476928124,True,0.0,0.0
2019-02-28,1321.0999755859375,1323.699951171875,1311.5,1312.800048828125,141,1318.5099975585938,1295.937998046875,51.86405196564357,True,0.0,0.0
2019-03-01,1312.199951171875,1312.199951171875,1288.9000244140625,1296.4000244140625,110,1317.3450012207031,1296.917998046875,41.62636058863222,True,0.0,0.0
2019-03-04,1285.5,1287.0,1281.9000244140625,1284.800048828125,28,1315.7400024414062,1297.63,39.741237897321,True,0.0,0.0
2019-03-05,1287.0,1287.0,1282.0,1282.0,114,1314.125,1298.2280004882812,37.50002804923201,True,0.0,0.0
2019-03-06,1287.0999755859375,1287.0999755859375,1282.5999755859375,1284.9000244140625,14,1312.6600036621094,1298.6540014648438,38.23795179053129,True,0.0,0.0
2019-03-07,1281.0,1284.5999755859375,1281.0,1283.800048828125,11,1311.3750061035157,1299.2540014648437,38.20326156068404,True,0.0,0.0
2019-03-08,1292.0999755859375,1297.4000244140625,1291.5999755859375,1297.0,10,1310.7550048828125,1299.8440014648438,40.83406600282745,True,0.0,0.0
2019-03-11,1291.0,1291.0,1288.800048828125,1288.800048828125,9,1309.510009765625,1300.2360034179687,24.679188623472456,True,0.0,0.0
2019-03-12,1294.699951171875,1296.300048828125,1294.699951171875,1296.300048828125,1,1308.9750122070313,1300.6160034179688,27.74618125154612,True,0.0,0.0
2019-03-13,1307.5,1307.5,1307.5,1307.5,0,1308.8900146484375,1301.1680029296874,41.75255656148458,True,0.0,0.0
2019-03-14,1293.4000244140625,1293.4000244140625,1293.4000244140625,1293.4000244140625,1,1308.0200134277343,1301.4700024414062,33.01707713956465,True,1.0,1.0
2019-03-15,1300.9000244140625,1304.699951171875,1300.5,1301.800048828125,26,1307.6200134277344,1301.8860034179688,39.0950216246969,True,1.0,0.0
2019-03-18,1297.300048828125,1302.199951171875,1297.300048828125,1300.300048828125,8,1306.7300170898438,1302.0560034179687,38.848936658363975,True,1.0,0.0
2019-03-19,1306.9000244140625,1306.9000244140625,1304.800048828125,1305.0,20,1304.9750183105468,1302.5020043945312,44.14747477020352,True,1.0,0.0
2019-03-20,1300.699951171875,1300.699951171875,1300.5,1300.5,2,1302.8350158691405,1302.7760034179687,44.31079301770417,True,1.0,0.0
2019-03-21,1306.0999755859375,1306.0999755859375,1306.0999755859375,1306.0999755859375,0,1301.9650146484375,1303.23400390625,54.98456867566618,False,1.0,0.0
2019-03-22,1311.5999755859375,1311.5999755859375,1311.5999755859375,1311.5999755859375,0,1301.0850158691405,1303.6800024414063,64.6929698343883,False,0.0,-1.0
2019-03-25,1320.699951171875,1322.9000244140625,1320.699951171875,1321.9000244140625,19,1300.8850158691407,1304.42400390625,70.21281332362045,False,0.0,0.0
2019-03-26,1315.5999755859375,1315.5999755859375,1314.300048828125,1314.300048828125,1,1300.34501953125,1304.9680053710938,64.21667644569217,False,0.0,0.0
2019-03-27,1309.9000244140625,1309.9000244140625,1309.9000244140625,1309.9000244140625,206263,1299.9550231933595,1305.3840063476562,62.23056110103708,False,0.0,0.0
2019-03-28,1308.4000244140625,1311.0999755859375,1287.699951171875,1289.800048828125,87798,1298.8050231933594,1305.4560083007811,46.83100332040275,False,0.0,0.0
2019-03-29,1289.5999755859375,1298.5,1286.0999755859375,1293.0,1265,1298.6350219726562,1305.4840087890625,51.93368178497161,False,0.0,0.0
2019-04-01,1291.800048828125,1295.9000244140625,1285.699951171875,1288.4000244140625,675,1298.8150207519532,1305.4320092773437,46.262990923820844,False,0.0,0.0
2019-04-02,1286.300048828125,1290.9000244140625,1284.5,1290.0,525,1299.215020751953,1305.6060083007812,40.894887265798666,False,0.0,0.0
2019-04-03,1291.4000244140625,1293.0999755859375,1287.5,1289.9000244140625,172,1299.465020751953,1305.7540087890625,47.8684493028152,False,0.0,0.0
2019-04-04,1290.5999755859375,1292.5999755859375,1279.5,1289.0,269,1299.7250183105468,1305.8720092773438,41.420861955550606,False,0.0,0.0
2019-04-05,1292.0,1292.0,1283.5999755859375,1290.4000244140625,181,1299.39501953125,1306.0980102539063,43.35567742580325,False,0.0,0.0
2019-04-08,1292.199951171875,1302.0999755859375,1291.800048828125,1297.0999755859375,63,1299.8100158691407,1306.0920092773438,44.83657711106182,False,0.0,0.0
2019-04-09,1298.5,1304.9000244140625,1298.5,1303.5,30,1300.1700134277344,1306.1140087890626,51.91326768931822,False,0.0,0.0
2019-04-10,1304.0,1309.0999755859375,1301.5,1309.0999755859375,66,1300.2500122070312,1306.1320092773437,51.91326768931822,False,0.0,0.0
2019-04-11,1307.0,1307.0999755859375,1288.5999755859375,1288.5999755859375,420,1300.010009765625,1305.7060083007811,37.687353293287956,False,0.0,0.0
2019-04-12,1293.4000244140625,1293.4000244140625,1289.199951171875,1290.5999755859375,607,1299.4500061035155,1305.1240087890626,31.60981039621997,False,0.0,0.0
2019-04-15,1284.800048828125,1287.300048828125,1282.300048828125,1286.800048828125,523,1298.7750061035156,1304.5220092773438,33.08729024275985,False,0.0,0.0
2019-04-16,1285.199951171875,1285.199951171875,1272.199951171875,1272.5999755859375,643,1297.1550048828126,1303.6880078125,29.527931501159074,False,0.0,0.0
2019-04-17,1273.5,1273.5,1271.5999755859375,1272.199951171875,308,1295.7400024414062,1302.8480078125,37.67498478393183,False,0.0,0.0
2019-04-18,1270.800048828125,1273.5999755859375,1270.0999755859375,1271.9000244140625,27,1294.0300048828126,1302.0960083007812,34.59853052030559,False,0.0,0.0
2019-04-22,1273.5,1273.5,1273.5,1273.5,147,1292.1250061035157,1301.3780078125,38.62591436425476,False,0.0,0.0
2019-04-23,1266.4000244140625,1269.800048828125,1266.0,1269.300048828125,206,1289.4950073242187,1300.490009765625,34.80176527316205,False,0.0,0.0
2019-04-24,1268.4000244140625,1275.5,1267.800048828125,1275.5,518,1287.5550048828125,1299.860009765625,40.29645715601839,False,0.0,0.0
2019-04-25,1280.5999755859375,1280.800048828125,1275.800048828125,1275.800048828125,95,1285.8500061035156,1299.19201171875,41.03262401937206,False,0.0,0.0
2019-04-26,1284.9000244140625,1284.9000244140625,1284.9000244140625,1284.9000244140625,804,1285.6050048828124,1298.6740112304688,46.61745804855197,False,0.0,0.0
2019-04-29,1284.800048828125,1284.9000244140625,1277.0999755859375,1278.5999755859375,568,1284.8850036621093,1298.050009765625,38.5661172238552,False,0.0,0.0
2019-04-30,1281.699951171875,1283.300048828125,1280.800048828125,1282.800048828125,114,1284.6050048828124,1297.3440112304688,36.84881574661476,False,0.0,0.0
2019-05-01,1278.699951171875,1283.300048828125,1278.699951171875,1281.4000244140625,70,1284.1750061035157,1296.1700122070313,31.409428743708062,False,0.0,0.0
2019-05-02,1269.199951171875,1270.800048828125,1266.5999755859375,1269.699951171875,63,1283.1650024414062,1294.6980102539062,35.61643581096773,False,0.0,0.0
2019-05-03,1270.0999755859375,1279.199951171875,1270.0999755859375,1279.199951171875,15,1282.675,1293.8120092773438,42.21310586920813,False,0.0,0.0
2019-05-06,1282.199951171875,1282.199951171875,1280.300048828125,1281.699951171875,12,1282.2399963378907,1292.8620092773438,46.4533468249899,False,0.0,0.0
2019-05-07,1280.5,1283.5,1280.5,1283.5,8,1281.5599975585938,1292.0140087890625,59.159665589577884,False,0.0,0.0
2019-05-08,1279.4000244140625,1279.4000244140625,1279.4000244140625,1279.4000244140625,5,1280.354998779297,1291.100009765625,55.69625387505191,False,0.0,0.0
2019-05-09,1278.9000244140625,1285.0,1278.800048828125,1283.5,38,1279.075,1290.4160107421876,58.656682426461884,False,0.0,0.0
2019-05-10,1285.4000244140625,1286.5,1283.300048828125,1285.699951171875,6,1278.929998779297,1289.8740087890626,59.02361948788328,False,0.0,0.0
2019-05-13,1286.699951171875,1300.0999755859375,1281.800048828125,1300.0999755859375,56,1279.4049987792969,1289.9480078125,69.7942539213825,False,0.0,0.0
2019-05-14,1297.800048828125,1297.800048828125,1294.699951171875,1294.699951171875,6,1279.7999938964845,1290.146005859375,62.46746123090874,False,0.0,0.0
2019-05-15,1296.9000244140625,1296.9000244140625,1296.0,1296.300048828125,55,1280.9849975585937,1290.4320068359375,63.09062790364121,False,0.0,0.0
2019-05-16,1285.199951171875,1285.4000244140625,1285.0,1285.0,3,1281.625,1290.4340063476564,50.06209635473927,False,0.0,0.0
2019-05-17,1280.0,1280.0,1274.5,1274.5,1,1281.7549987792968,1290.2480053710938,47.5797165154605,False,0.0,0.0
2019-05-20,1276.0999755859375,1276.0999755859375,1276.0999755859375,1276.0999755859375,20,1281.8849975585938,1289.8300048828125,45.9195765465048,False,0.0,0.0
2019-05-21,1272.0,1272.0,1272.0,1272.0,0,1282.0199951171876,1289.49400390625,44.45754394450419,False,0.0,0.0
2019-05-22,1273.5999755859375,1273.5999755859375,1273.5999755859375,1273.5999755859375,0,1281.9249938964845,1289.0400024414062,52.61045554896453,False,0.0,0.0
2019-05-23,1284.800048828125,1284.800048828125,1284.800048828125,1284.800048828125,0,1282.3749938964843,1288.5860034179686,53.66497835013661,False,0.0,0.0
2019-05-24,1283.0,1283.0,1283.0,1283.0,9,1282.2799926757812,1288.3780029296875,50.858682611556176,False,0.0,0.0
2019-05-28,1276.5,1276.5,1276.5,1276.5,0,1282.1749938964845,1287.872001953125,45.64677410049223,False,0.0,0.0
2019-05-29,1280.5999755859375,1280.5999755859375,1280.5999755859375,1280.5999755859375,189694,1282.064990234375,1287.4780004882812,50.746236931364415,False,0.0,0.0
2019-05-30,1279.4000244140625,1288.300048828125,1273.9000244140625,1287.0999755859375,55573,1282.3499877929687,1287.12,52.17389381379008,False,0.0,0.0
2019-05-31,1287.699951171875,1306.4000244140625,1287.5,1305.800048828125,2814,1284.1549926757812,1287.2260009765625,60.120865233789154,False,0.0,0.0
2019-06-03,1307.0,1327.800048828125,1307.0,1322.699951171875,812,1286.3299926757813,1287.5580004882813,61.100165837876986,False,0.0,0.0
2019-06-04,1324.300048828125,1328.5999755859375,1320.800048828125,1323.4000244140625,302,1288.4149963378907,1287.7940014648439,64.77858305728239,True,0.0,0.0
2019-06-05,1328.9000244140625,1343.300048828125,1326.300048828125,1328.300048828125,622,1290.6549987792969,1287.922001953125,65.93623172899458,True,0.0,0.0
2019-06-06,1330.800048828125,1338.699951171875,1326.199951171875,1337.5999755859375,161,1293.5649963378905,1288.3880004882812,76.72762323950215,True,0.0,0.0
2019-06-07,1333.0999755859375,1347.699951171875,1329.800048828125,1341.199951171875,240,1296.4499938964843,1289.0139990234375,86.44806074965847,True,0.0,0.0
2019-06-10,1335.800048828125,1336.5,1324.0999755859375,1324.699951171875,268,1298.3999938964844,1289.7119970703125,72.83832915150826,True,0.0,0.0
2019-06-11,1328.4000244140625,1328.4000244140625,1319.0999755859375,1326.4000244140625,201,1299.7149963378906,1290.3799975585937,76.15382719324295,True,0.0,0.0
2019-06-12,1326.9000244140625,1334.5,1326.9000244140625,1331.9000244140625,139,1301.575,1291.2499975585938,77.01574127916842,True,0.0,0.0
2019-06-13,1331.5999755859375,1341.0999755859375,1331.5999755859375,1339.199951171875,157,1303.7199951171874,1292.2339965820313,76.15379920372595,True,0.0,0.0
2019-06-14,1345.4000244140625,1355.4000244140625,1339.300048828125,1340.0999755859375,914,1306.4749938964844,1293.2379956054688,77.69155630805297,True,0.0,0.0
2019-06-17,1339.0,1340.300048828125,1335.0,1338.699951171875,76,1309.684991455078,1294.2319946289062,81.73466896524235,True,0.0,0.0
2019-06-18,1349.300048828125,1349.300048828125,1341.5999755859375,1346.5999755859375,29,1313.2099914550781,1295.3559936523438,82.41648739846465,True,0.0,0.0
2019-06-19,1344.0,1344.5999755859375,1344.0,1344.5999755859375,129,1316.839990234375,1296.3059936523437,79.54777551117702,True,0.0,0.0
2019-06-20,1381.5,1392.9000244140625,1379.5,1392.9000244140625,76,1322.8049926757812,1298.093994140625,84.31834469225109,True,0.0,0.0
2019-06-21,1406.0,1406.0,1390.300048828125,1396.199951171875,35,1328.3749877929688,1299.8359936523439,82.4359966126311,True,0.0,0.0
2019-06-24,1406.0,1420.5999755859375,1402.0999755859375,1414.300048828125,125,1334.939990234375,1302.3499951171875,84.77428212516169,True,0.0,0.0
2019-06-25,1418.0999755859375,1433.300048828125,1414.9000244140625,1414.9000244140625,105,1341.8599914550782,1304.83599609375,84.25631283988221,True,0.0,0.0
2019-06-26,1407.199951171875,1413.300048828125,1405.800048828125,1411.5999755859375,1333,1348.4099914550782,1307.3319946289062,80.73085962133916,True,0.0,0.0
2019-06-27,1407.0,1410.800048828125,1399.800048828125,1408.4000244140625,437,1354.4749938964844,1310.0479956054687,78.00000203450314,True,0.0,0.0
2019-06-28,1408.300048828125,1422.0,1408.300048828125,1409.699951171875,356,1359.669989013672,1312.7979956054687,90.55341621996874,True,0.0,0.0
2019-07-01,1386.5999755859375,1395.800048828125,1382.800048828125,1385.5999755859375,214,1362.814990234375,1315.0719946289062,73.2704299909215,True,0.0,0.0
2019-07-02,1391.0999755859375,1418.4000244140625,1390.800048828125,1404.5999755859375,38,1366.8749877929688,1317.693994140625,75.83510177735131,True,0.0,0.0
2019-07-03,1431.0,1434.0,1413.0999755859375,1417.699951171875,46,1371.3449829101562,1320.6619921875,76.79180887372014,True,0.0,0.0
2019-07-05,1418.300048828125,1418.300048828125,1390.199951171875,1396.699951171875,20,1374.299981689453,1323.0859912109374,66.98678988003257,True,0.0,0.0
2019-07-08,1395.9000244140625,1397.0,1393.5999755859375,1397.0,14,1377.0899841308594,1325.509990234375,67.61330780305892,True,0.0,0.0
2019-07-09,1394.5,1397.5,1386.199951171875,1397.5,53,1380.7299865722657,1327.7619897460938,66.09741691148936,True,0.0,0.0
2019-07-10,1409.9000244140625,1410.0999755859375,1409.9000244140625,1410.0999755859375,50,1384.9149841308595,1330.3919897460937,69.41316507355336,True,0.0,0.0
2019-07-11,1424.0,1424.0,1404.300048828125,1404.300048828125,6,1388.5349853515625,1332.8219897460938,54.516656042730474,True,0.0,0.0
2019-07-12,1405.5999755859375,1410.0999755859375,1405.5999755859375,1409.9000244140625,8,1392.0699890136718,1335.3919897460937,55.330772862556294,True,0.0,0.0
2019-07-15,1414.4000244140625,1415.0,1411.4000244140625,1411.4000244140625,25,1395.634991455078,1338.2259912109375,48.70418672540017,True,0.0,0.0
2019-07-16,1413.5999755859375,1413.699951171875,1405.0,1409.199951171875,13,1399.1599914550782,1340.8259912109374,47.488951818204306,True,0.0,0.0
2019-07-17,1404.5999755859375,1421.300048828125,1404.5999755859375,1421.300048828125,6,1402.8949951171876,1343.6179931640625,53.9656905361016,True,0.0,0.0
2019-07-18,1422.300048828125,1444.199951171875,1419.5,1426.0999755859375,66,1406.9699951171874,1346.4699926757812,57.14284306809538,True,0.0,0.0
2019-07-19,1440.5,1442.0,1425.0999755859375,1425.0999755859375,22,1408.5799926757813,1349.3839916992188,56.229784569558866,True,0.0,0.0
2019-07-22,1425.300048828125,1425.300048828125,1424.0,1425.300048828125,1,1410.0349975585937,1352.2199926757812,69.90975129263428,True,0.0,0.0
2019-07-23,1418.5999755859375,1421.300048828125,1416.300048828125,1420.0999755859375,5,1410.3249938964843,1354.9079931640624,59.022103357425244,True,0.0,0.0
2019-07-24,1422.800048828125,1422.800048828125,1422.800048828125,1422.800048828125,20,1410.7199951171874,1357.3619946289064,53.37753719494646,True,0.0,0.0
2019-07-25,1413.9000244140625,1413.9000244140625,1413.9000244140625,1413.9000244140625,4,1410.8349975585938,1359.74599609375,63.56466907340553,True,0.0,0.0
2019-07-26,1422.800048828125,1423.0,1418.5,1418.5,5,1411.3399963378906,1362.1899951171874,65.87883159033538,True,0.0,0.0
2019-07-29,1419.5999755859375,1419.5999755859375,1419.5999755859375,1419.5999755859375,224267,1411.8349975585938,1364.8819946289063,66.17856536464618,True,0.0,0.0
2019-07-30,1426.300048828125,1433.9000244140625,1422.0999755859375,1429.699951171875,73874,1414.0399963378907,1367.9859936523437,64.89355978739786,True,0.0,0.0
2019-07-31,1431.300048828125,1435.800048828125,1411.199951171875,1426.0999755859375,3294,1415.1149963378907,1370.9859936523437,67.13824798997338,True,0.0,0.0
2019-08-01,1411.300048828125,1445.199951171875,1400.9000244140625,1420.9000244140625,2431,1415.275,1373.963994140625,58.70250475145634,True,0.0,0.0
2019-08-02,1448.0,1448.0,1432.300048828125,1445.5999755859375,1873,1417.7200012207031,1377.403994140625,69.79160485454724,True,0.0,0.0
2019-08-05,1440.4000244140625,1469.699951171875,1440.4000244140625,1464.5999755859375,1008,1421.1,1380.9999926757812,76.84107805042494,True,0.0,0.0
2019-08-06,1469.699951171875,1475.0,1457.699951171875,1472.4000244140625,460,1424.8450012207031,1384.7879931640625,75.8341572151683,True,0.0,0.0
2019-08-07,1473.5,1509.9000244140625,1473.199951171875,1507.300048828125,824,1429.7050048828125,1389.403994140625,81.47286682330764,True,0.0,0.0
2019-08-08,1498.4000244140625,1508.5,1492.0,1497.699951171875,367,1434.375,1393.7459936523437,76.38076295597757,True,0.0,0.0
2019-08-09,1506.199951171875,1507.5,1495.5999755859375,1496.5999755859375,74,1438.7099975585938,1397.9359936523438,75.74002307435353,True,0.0,0.0
2019-08-12,1496.0,1514.9000244140625,1488.0999755859375,1505.300048828125,257,1443.4049987792969,1401.9259936523438,80.0,True,0.0,0.0
2019-08-13,1510.4000244140625,1531.4000244140625,1483.699951171875,1502.199951171875,672,1448.054998779297,1405.5159936523437,77.87915051494073,True,0.0,0.0
2019-08-14,1500.0,1520.5,1497.0,1515.9000244140625,328,1452.7849975585937,1409.3659936523438,84.6466931594276,True,0.0,0.0
2019-08-15,1519.800048828125,1522.699951171875,1510.5999755859375,1519.5999755859375,87,1457.4599975585938,1413.1919921875,84.55224110986232,True,0.0,0.0
2019-08-16,1524.5999755859375,1524.5999755859375,1504.699951171875,1512.5,1815,1461.8299987792968,1416.6899926757812,80.49898889345751,True,0.0,0.0
2019-08-19,1507.199951171875,1507.5999755859375,1492.9000244140625,1500.4000244140625,205,1465.5849975585938,1419.873994140625,72.90991410784738,True,0.0,0.0
2019-08-20,1497.5,1506.0999755859375,1497.5,1504.5999755859375,486,1469.8099975585938,1423.4719946289063,75.33890437860832,True,0.0,0.0
2019-08-21,1504.9000244140625,1505.0,1498.800048828125,1504.5999755859375,350,1473.8999938964844,1427.0359936523437,77.95585904118258,True,0.0,0.0
2019-08-22,1495.0999755859375,1497.300048828125,1493.800048828125,1497.300048828125,686,1478.0699951171875,1430.343994140625,69.53892912272802,True,0.0,0.0
2019-08-23,1493.5,1527.5999755859375,1493.5,1526.5999755859375,983,1483.4749938964844,1434.0919946289061,71.73911554726155,True,0.0,0.0
2019-08-26,1543.199951171875,1543.300048828125,1524.300048828125,1526.300048828125,334,1488.8099975585938,1437.81599609375,69.94819916890975,True,0.0,0.0
2019-08-27,1530.5,1542.0999755859375,1528.5,1541.0,166,1494.375,1441.8619970703126,64.66491723859508,True,0.0,0.0
2019-08-28,1538.0999755859375,1538.0999755859375,1537.800048828125,1537.800048828125,2756,1499.9600036621093,1445.6859985351562,68.47934925688827,True,0.0,0.0
2019-08-29,1537.5,1549.300048828125,1519.5999755859375,1526.5,704,1505.2400024414062,1449.3239990234374,62.594805165422486,True,0.0,0.0
2019-08-30,1524.5999755859375,1530.4000244140625,1516.699951171875,1519.0999755859375,276,1508.9150024414062,1451.847998046875,55.877322225676615,True,0.0,0.0
2019-09-03,1522.9000244140625,1547.300048828125,1521.0,1545.9000244140625,139,1512.9800048828124,1454.8419995117188,65.48552672445192,True,0.0,0.0
2019-09-04,1549.0,1553.199951171875,1534.800048828125,1550.300048828125,46,1516.8750061035157,1457.5619995117188,63.050116559831736,True,0.0,0.0
2019-09-05,1551.0,1551.0999755859375,1511.0999755859375,1515.4000244140625,125,1517.2800048828126,1459.5719995117188,48.711669490014934,True,0.0,0.0
2019-09-06,1517.300048828125,1526.0,1504.5,1506.199951171875,54,1517.7050048828125,1461.4639990234375,48.09204893463798,True,0.0,0.0
2019-09-09,1509.0,1513.0,1498.0,1502.199951171875,69,1517.9850036621094,1463.3399975585937,50.573225527799,True,0.0,0.0
2019-09-10,1498.5,1498.5,1486.9000244140625,1490.300048828125,23,1517.2350036621094,1464.9519995117187,45.65879125806669,True,0.0,0.0
2019-09-11,1491.699951171875,1496.5999755859375,1490.199951171875,1494.4000244140625,8,1516.8450073242188,1467.1280004882813,46.9786839532314,True,0.0,0.0
2019-09-12,1499.5,1515.4000244140625,1498.699951171875,1498.699951171875,27,1515.9850036621094,1469.01,50.42216646346132,True,0.0,0.0
2019-09-13,1490.9000244140625,1490.9000244140625,1486.9000244140625,1490.9000244140625,1,1514.5500061035157,1470.4740014648437,37.629937805810656,True,0.0,0.0
2019-09-16,1506.5999755859375,1506.800048828125,1496.9000244140625,1503.0999755859375,21,1514.0800048828125,1472.602001953125,42.57359198930281,True,0.0,0.0
2019-09-17,1497.9000244140625,1505.0999755859375,1497.9000244140625,1505.0999755859375,3,1514.3150024414062,1474.7640014648437,37.491270051235546,True,0.0,0.0
2019-09-18,1508.9000244140625,1509.4000244140625,1489.300048828125,1507.5,8,1514.4600036621093,1476.9640014648437,39.383300912405325,True,0.0,0.0
2019-09-19,1496.0999755859375,1502.4000244140625,1496.0999755859375,1498.4000244140625,10,1514.1500061035156,1478.7300024414062,39.99999999999999,True,0.0,0.0
2019-09-20,1503.0,1507.300048828125,1503.0,1507.300048828125,2,1514.6500061035156,1480.7900024414062,45.845092640271375,True,0.0,0.0
2019-09-23,1515.5,1523.699951171875,1515.5,1523.699951171875,5,1514.5050048828125,1483.0660009765625,41.56530450390283,True,0.0,0.0
2019-09-24,1515.0999755859375,1533.0,1515.0999755859375,1532.0999755859375,25,1514.7950012207032,1485.48,43.28904524802558,True,0.0,0.0
2019-09-25,1527.5999755859375,1527.9000244140625,1504.5999755859375,1504.5999755859375,25,1512.975,1487.3880004882812,45.78780284361634,True,0.0,0.0
2019-09-26,1507.5,1507.5,1507.5,1507.5,8178,1511.4599975585938,1489.1119995117188,50.53324547717708,True,0.0,0.0
2019-09-27,1504.199951171875,1506.0999755859375,1485.5999755859375,1499.0999755859375,7827,1510.0899963378906,1490.5719995117188,48.77276984324122,True,0.0,0.0
2019-09-30,1495.9000244140625,1495.9000244140625,1463.5,1465.699951171875,1078,1507.4199951171875,1491.3839990234376,41.6778991324572,True,0.0,0.0
2019-10-01,1468.699951171875,1485.5,1458.300048828125,1482.0,219,1504.2249938964844,1492.517998046875,46.12498941420701,True,0.0,0.0
2019-10-02,1476.5999755859375,1503.699951171875,1474.0999755859375,1501.0,205,1501.759991455078,1494.1359985351562,50.658285481105295,True,0.0,0.0
2019-10-03,1497.4000244140625,1518.199951171875,1496.5999755859375,1507.0999755859375,1213,1501.344989013672,1495.8219970703126,54.68206681268064,True,0.0,0.0
2019-10-04,1505.5999755859375,1508.699951171875,1497.0999755859375,1506.199951171875,233,1501.344989013672,1497.6679956054688,50.958557260915555,True,0.0,0.0
2019-10-07,1504.800048828125,1505.800048828125,1489.0999755859375,1497.699951171875,121,1501.1199890136718,1499.2519946289062,47.80023151256083,True,0.0,0.0
2019-10-08,1489.4000244140625,1506.300048828125,1489.300048828125,1497.199951171875,46,1501.4649841308594,1500.803994140625,46.903173239963884,True,0.0,0.0
2019-10-09,1507.699951171875,1507.699951171875,1498.4000244140625,1506.0999755859375,120,1502.049981689453,1502.3319946289062,52.31786473353264,False,0.0,0.0
2019-10-10,1511.199951171875,1511.199951171875,1490.5999755859375,1494.800048828125,78,1501.8549865722657,1503.70599609375,46.29080118694362,False,0.0,0.0
2019-10-11,1491.9000244140625,1494.9000244140625,1476.9000244140625,1482.699951171875,57,1501.4449829101563,1504.9419946289063,37.51524018532066,False,0.0,0.0
2019-10-14,1484.4000244140625,1493.5,1481.300048828125,1491.699951171875,400,1500.874981689453,1505.863994140625,37.742723750280554,False,0.0,0.0
2019-10-15,1488.9000244140625,1495.4000244140625,1476.5999755859375,1477.5999755859375,367,1499.499981689453,1506.123994140625,41.08323187693002,False,0.0,0.0
2019-10-16,1482.0,1488.0,1480.0,1488.0,383,1498.5249816894532,1506.4359936523438,43.86407110646764,False,0.0,0.0
2019-10-17,1486.199951171875,1493.199951171875,1485.800048828125,1492.300048828125,271,1498.2199829101562,1506.1359936523438,47.80364365286333,False,0.0,0.0
2019-10-18,1487.300048828125,1489.0999755859375,1486.5999755859375,1488.199951171875,82,1497.2649780273437,1505.9459936523438,58.96412598798947,False,0.0,0.0
2019-10-21,1489.9000244140625,1489.9000244140625,1481.5,1482.4000244140625,72,1495.1999816894531,1505.6619946289063,50.173923473671586,False,0.0,0.0
2019-10-22,1483.4000244140625,1483.5,1481.699951171875,1481.699951171875,99,1492.67998046875,1505.1899926757812,40.02067743205986,False,0.0,0.0
2019-10-23,1486.4000244140625,1490.300048828125,1486.4000244140625,1489.9000244140625,67,1491.9449829101563,1504.943994140625,41.29559708020539,False,0.0,0.0
2019-10-24,1490.5,1501.199951171875,1485.9000244140625,1498.9000244140625,115,1491.5149841308594,1504.603994140625,46.58563684801314,False,0.0,0.0
2019-10-25,1501.4000244140625,1514.300048828125,1499.0,1499.5,93,1491.5349853515625,1504.2019946289063,50.90911332782579,False,0.0,0.0
2019-10-28,1504.0999755859375,1504.0999755859375,1490.0,1490.0,37,1492.7499877929688,1503.7519946289062,46.66669680741643,False,0.0,0.0
2019-10-29,1485.9000244140625,1487.0,1485.9000244140625,1487.0,425,1492.9999877929688,1503.483994140625,40.646457158912256,False,0.0,0.0
2019-10-30,1487.199951171875,1495.4000244140625,1481.0,1493.199951171875,320,1492.6099853515625,1503.2559936523437,49.17520946961211,False,0.0,0.0
2019-10-31,1496.0999755859375,1513.0999755859375,1496.0999755859375,1511.4000244140625,210,1492.8249877929688,1503.3919946289063,63.91853156002212,False,0.0,0.0
2019-11-01,1511.0,1511.5999755859375,1503.0,1508.0,235,1492.914990234375,1503.6059936523438,58.35897846810279,False,0.0,0.0
2019-11-04,1511.5999755859375,1511.5999755859375,1508.0,1508.0,101,1493.4299926757812,1503.233994140625,68.2253756138258,False,0.0,0.0
2019-11-05,1507.0999755859375,1507.0999755859375,1480.800048828125,1480.800048828125,31,1492.6099975585937,1502.323994140625,46.407216997222356,False,0.0,0.0
2019-11-06,1483.199951171875,1491.0,1483.199951171875,1490.199951171875,567,1491.8149963378905,1501.3079931640625,49.00280309476501,False,0.0,0.0
2019-11-07,1489.0999755859375,1489.0999755859375,1464.199951171875,1464.199951171875,581,1490.2849914550782,1499.8359912109374,40.56603411444288,False,0.0,0.0
2019-11-08,1469.0999755859375,1469.0999755859375,1461.300048828125,1461.300048828125,21,1489.2149963378906,1498.5319921875,41.51247465050846,False,0.0,0.0
2019-11-11,1461.0,1461.0,1449.300048828125,1455.5,22,1487.4049987792969,1497.2599926757812,39.87636362264208,False,0.0,0.0
2019-11-12,1454.9000244140625,1454.9000244140625,1447.0999755859375,1452.0999755859375,6,1486.1299987792968,1495.3839916992188,34.831423247466006,False,0.0,0.0
2019-11-13,1456.800048828125,1463.300048828125,1456.800048828125,1461.699951171875,56,1484.8149963378905,1493.6119897460937,35.14372043910272,False,0.0,0.0
2019-11-14,1463.800048828125,1471.800048828125,1463.699951171875,1471.800048828125,83,1483.7899963378907,1492.739990234375,39.71790600854403,False,0.0,0.0
2019-11-15,1469.0999755859375,1469.0999755859375,1467.300048828125,1467.300048828125,13,1482.7450012207032,1491.9619921875,41.249051766490794,False,0.0,0.0
2019-11-18,1472.0,1472.0,1469.699951171875,1470.9000244140625,141,1482.1700012207032,1491.3359936523439,43.821955243358495,False,0.0,0.0
2019-11-19,1467.699951171875,1474.300048828125,1467.699951171875,1473.300048828125,18,1481.7500061035157,1490.9959936523437,42.13442595108695,False,0.0,0.0
2019-11-20,1472.5999755859375,1474.5,1467.300048828125,1473.300048828125,31,1480.9200073242187,1490.573994140625,32.409971674708885,False,0.0,0.0
2019-11-21,1463.0999755859375,1463.0999755859375,1463.0999755859375,1463.0999755859375,16,1479.1300048828125,1489.8619946289064,30.495206803697954,False,0.0,0.0
2019-11-22,1468.5999755859375,1468.5999755859375,1463.0999755859375,1463.0999755859375,19,1477.3100036621095,1489.3059936523437,30.495206803697954,False,0.0,0.0
2019-11-25,1457.0999755859375,1457.0999755859375,1455.5,1456.5999755859375,14,1475.6400024414063,1488.3759936523438,37.182167911292154,False,0.0,0.0
2019-11-26,1459.800048828125,1459.800048828125,1459.800048828125,1459.800048828125,346362,1474.2800048828126,1487.4699951171874,32.7665334322442,False,0.0,0.0
2019-11-27,1461.0999755859375,1461.9000244140625,1452.0,1453.4000244140625,88364,1472.2900085449219,1486.3879956054689,42.1283584798558,False,0.0,0.0
2019-11-29,1453.5999755859375,1465.5999755859375,1452.0999755859375,1465.5999755859375,7020,1470.0000061035157,1485.7319946289062,52.75989212719715,False,0.0,0.0
2019-12-02,1462.800048828125,1464.4000244140625,1453.300048828125,1462.300048828125,2172,1467.7150085449218,1484.8319946289062,54.509307438503555,False,0.0,0.0
2019-12-03,1461.5999755859375,1480.4000244140625,1459.5,1478.199951171875,1460,1466.2250061035156,1483.9219946289063,64.84639837128529,False,0.0,0.0
2019-12-04,1477.5,1483.4000244140625,1471.199951171875,1474.0,613,1465.8850036621093,1482.7599951171876,57.45457504734849,False,0.0,0.0
2019-12-05,1474.699951171875,1478.0,1472.300048828125,1476.9000244140625,907,1465.2200073242188,1482.20599609375,53.38644126596602,False,0.0,0.0
2019-12-06,1475.0,1476.0,1458.199951171875,1459.0999755859375,899,1464.9650085449218,1481.2379956054688,45.372417888403454,False,0.0,0.0
2019-12-09,1458.800048828125,1464.199951171875,1458.5999755859375,1459.300048828125,1461,1464.865008544922,1480.4419970703125,43.19250844247298,False,0.0,0.0
2019-12-10,1460.699951171875,1467.199951171875,1460.699951171875,1462.5999755859375,367,1465.2200073242188,1480.3799975585937,43.786250710659246,False,0.0,0.0
2019-12-11,1463.0999755859375,1475.4000244140625,1463.0999755859375,1469.4000244140625,393,1466.085009765625,1480.127998046875,47.90095619529668,False,0.0,0.0
2019-12-12,1475.0999755859375,1483.9000244140625,1463.699951171875,1466.699951171875,955,1466.335009765625,1479.4419970703125,52.10771344073802,False,0.0,0.0
2019-12-13,1463.0999755859375,1475.9000244140625,1463.0999755859375,1475.5999755859375,468,1466.5250061035156,1478.8119970703126,56.6277802373056,False,0.0,0.0
2019-12-16,1473.800048828125,1475.300048828125,1473.800048828125,1475.0,99,1466.9100036621094,1478.187998046875,60.40725075361827,False,0.0,0.0
2019-12-17,1474.0999755859375,1476.9000244140625,1474.0,1474.5999755859375,410,1467.0950012207031,1477.7259985351564,58.64481949703024,False,0.0,0.0
2019-12-18,1472.5999755859375,1472.5999755859375,1472.5999755859375,1472.5999755859375,250,1467.0599975585938,1477.2339990234375,61.82263714126791,False,0.0,0.0
2019-12-19,1475.9000244140625,1478.9000244140625,1473.300048828125,1478.199951171875,319,1467.3049926757812,1476.6759985351562,58.445026614936765,False,0.0,0.0
2019-12-20,1476.699951171875,1478.0999755859375,1474.699951171875,1474.699951171875,118,1467.884991455078,1476.2739965820313,58.28869936451673,False,0.0,0.0
2019-12-23,1482.300048828125,1482.5,1479.9000244140625,1482.5,391,1468.8549926757812,1476.2699975585938,53.22341546975887,False,0.0,0.0
2019-12-24,1488.699951171875,1499.0999755859375,1488.699951171875,1499.0999755859375,52,1470.9799926757812,1476.417998046875,65.86593290935494,False,0.0,0.0
2019-12-26,1505.199951171875,1512.300048828125,1505.0,1509.300048828125,126,1473.4549926757813,1477.0519995117188,68.74995584854851,False,0.0,0.0
2019-12-27,1513.800048828125,1513.800048828125,1513.800048828125,1513.800048828125,839,1476.4749938964844,1477.5680004882813,87.4144383196095,False,0.0,0.0
2019-12-30,1512.5999755859375,1515.0999755859375,1510.0,1514.5,446,1478.9199951171875,1478.0119995117188,87.49991707190861,True,0.0,0.0
2019-12-31,1513.800048828125,1523.4000244140625,1513.800048828125,1519.5,301,1481.7799926757812,1478.6380004882812,87.78213497736111,True,0.0,0.0
2020-01-02,1518.0999755859375,1528.699951171875,1518.0,1524.5,214,1484.0949951171874,1479.48,87.48291433667767,True,0.0,0.0
2020-01-03,1530.0999755859375,1552.699951171875,1530.0999755859375,1549.199951171875,107,1487.8549926757812,1480.83,93.19371727748691,True,0.0,0.0
2020-01-06,1580.0,1580.0,1560.4000244140625,1566.199951171875,416,1492.3199890136718,1482.3559985351562,93.72586724732558,True,0.0,0.0
2020-01-07,1558.300048828125,1576.300048828125,1558.300048828125,1571.800048828125,47,1497.9549926757813,1483.8139990234374,94.56720155746292,True,0.0,0.0
2020-01-08,1579.699951171875,1604.199951171875,1552.300048828125,1557.4000244140625,236,1502.8599914550782,1484.9719995117186,83.76834538104626,True,0.0,0.0
2020-01-09,1555.699951171875,1555.699951171875,1543.300048828125,1551.699951171875,54,1507.314990234375,1486.2059985351561,81.3142789211048,True,0.0,0.0
2020-01-10,1551.199951171875,1558.800048828125,1545.4000244140625,1557.5,16,1511.719989013672,1487.6159985351562,81.34383232492836,True,0.0,0.0
2020-01-13,1557.4000244140625,1558.0,1548.4000244140625,1548.4000244140625,48,1515.8049926757812,1488.72,77.89551500926385,True,0.0,0.0
2020-01-14,1546.699951171875,1546.699951171875,1534.9000244140625,1542.4000244140625,32,1519.1449951171876,1489.34,72.98539748683507,True,0.0,0.0
2020-01-15,1548.0,1553.9000244140625,1545.5999755859375,1552.0999755859375,11,1522.9999938964843,1490.2219995117186,71.47485295194156,True,0.0,0.0
2020-01-16,1555.699951171875,1556.0999755859375,1548.5,1549.0,98,1526.7199951171874,1491.0419995117188,67.06789961479117,True,0.0,0.0
2020-01-17,1554.0999755859375,1558.800048828125,1553.5999755859375,1558.800048828125,108,1531.0299987792969,1492.6019995117188,68.50327461381241,True,0.0,0.0
2020-01-21,1559.300048828125,1566.199951171875,1551.0,1556.4000244140625,45,1534.9400024414062,1493.9260009765626,66.99106501992426,True,0.0,0.0
2020-01-22,1549.800048828125,1557.0999755859375,1549.800048828125,1555.300048828125,42,1538.9700073242188,1495.7480029296876,64.99162684562111,True,0.0,0.0
2020-01-23,1553.0999755859375,1564.5999755859375,1552.199951171875,1564.5999755859375,15,1543.0750061035155,1497.8140014648438,66.20854965357512,True,0.0,0.0
2020-01-24,1556.300048828125,1571.0999755859375,1556.300048828125,1571.0999755859375,43,1546.6750061035157,1500.1260009765624,60.37914648073431,True,0.0,0.0
2020-01-27,1584.300048828125,1584.5,1576.800048828125,1576.800048828125,22,1550.0500061035157,1502.6200024414063,55.62636713283088,True,0.0,0.0
2020-01-28,1576.4000244140625,1576.4000244140625,1569.199951171875,1569.199951171875,3,1552.820001220703,1504.7700024414062,48.648600635474935,True,0.0,0.0
2020-01-29,1569.800048828125,1569.800048828125,1569.800048828125,1569.800048828125,251274,1555.5850036621093,1506.7300024414062,57.52426213625313,True,0.0,0.0
2020-01-30,1576.800048828125,1585.0,1571.4000244140625,1583.5,62336,1558.7850036621094,1509.0540014648439,67.5884940814899,True,0.0,0.0
2020-01-31,1573.4000244140625,1589.0,1570.0,1582.9000244140625,1095,1561.7050048828125,1511.2940014648439,64.90610479985213,True,0.0,0.0
2020-02-03,1592.9000244140625,1593.300048828125,1568.199951171875,1577.199951171875,1062,1563.1050048828124,1513.3719995117187,67.60383043305023,True,0.0,0.0
2020-02-04,1577.699951171875,1577.699951171875,1547.800048828125,1550.4000244140625,978,1562.315008544922,1514.9139990234376,53.89863176680547,True,0.0,0.0
2020-02-05,1553.199951171875,1560.699951171875,1547.699951171875,1557.800048828125,1305,1561.615008544922,1516.8080004882813,52.84150724327246,True,0.0,0.0
2020-02-06,1553.5999755859375,1565.5999755859375,1551.5999755859375,1565.0999755859375,110,1562.0000061035157,1518.8480004882813,57.70332860238417,True,0.0,0.0
2020-02-07,1564.9000244140625,1571.9000244140625,1560.5,1568.5999755859375,431,1562.8450073242188,1521.0880004882813,54.989775686645004,True,0.0,0.0
2020-02-10,1569.300048828125,1574.699951171875,1568.5999755859375,1574.699951171875,128,1563.7050048828125,1523.3859985351562,58.979353470737266,True,0.0,0.0
2020-02-11,1570.9000244140625,1571.0999755859375,1561.9000244140625,1565.5999755859375,440,1564.5650024414062,1525.6299975585937,54.686043889765756,True,0.0,0.0
2020-02-12,1565.199951171875,1568.699951171875,1561.0,1567.4000244140625,36,1565.8150024414062,1527.6659985351562,51.36720938604919,True,0.0,0.0
2020-02-13,1570.199951171875,1575.0999755859375,1570.199951171875,1575.0999755859375,74,1566.9650024414063,1529.9219970703125,51.930500110758665,True,0.0,0.0
2020-02-14,1575.800048828125,1582.699951171875,1574.800048828125,1582.699951171875,68,1568.65,1532.0119970703124,52.79616224822275,True,0.0,0.0
2020-02-18,1579.800048828125,1604.300048828125,1579.800048828125,1600.0,310,1570.7099975585938,1534.5319970703124,63.36808241445008,True,0.0,0.0
2020-02-19,1600.5999755859375,1610.5,1599.699951171875,1607.5,542,1573.2649963378906,1537.1439965820311,65.43816396432064,True,0.0,0.0
2020-02-20,1606.5,1621.0,1603.0,1616.5999755859375,117,1576.3299926757813,1540.2939965820312,64.08511062698494,True,0.0,0.0
2020-02-21,1619.300048828125,1645.0,1619.300048828125,1644.5999755859375,186,1580.3299926757813,1543.9999951171876,71.29054270357702,True,0.0,0.0
2020-02-24,1657.0,1686.5999755859375,1650.0,1672.4000244140625,435,1585.3949951171876,1548.19599609375,78.50303677535318,True,0.0,0.0
2020-02-25,1645.0999755859375,1653.699951171875,1632.300048828125,1646.9000244140625,409,1588.8999938964844,1551.74599609375,79.11889814014,True,0.0,0.0
2020-02-26,1644.0,1648.0999755859375,1636.4000244140625,1640.0,1990,1592.4399963378905,1555.2119970703125,74.87892719966777,True,0.0,0.0
2020-02-27,1641.0999755859375,1658.0,1638.5,1640.0,707,1595.9499938964843,1558.4999975585938,73.71754681229547,True,0.0,0.0
2020-02-28,1640.300048828125,1642.5,1564.0999755859375,1564.0999755859375,289,1594.9799926757812,1560.2819970703124,49.023013667843735,True,0.0,0.0
2020-03-02,1583.9000244140625,1608.300048828125,1574.300048828125,1592.300048828125,537,1595.4499938964843,1562.6359985351562,53.4865466406018,True,0.0,0.0
2020-03-03,1594.5,1645.300048828125,1594.0,1642.0999755859375,610,1598.6949951171875,1566.0259985351563,63.05014918311623,True,0.0,0.0
2020-03-04,1645.4000244140625,1645.9000244140625,1631.300048828125,1641.0999755859375,83,1603.2299926757812,1569.2839990234374,62.606900249820214,True,0.0,0.0
2020-03-05,1637.300048828125,1672.9000244140625,1637.199951171875,1666.4000244140625,154,1608.6599914550782,1573.1180004882813,64.7305591597596,True,0.0,0.0
2020-03-06,1670.800048828125,1686.199951171875,1647.199951171875,1670.800048828125,175,1613.9449951171875,1576.8840014648438,64.36257606006475,True,0.0,0.0
2020-03-09,1696.0999755859375,1701.5999755859375,1657.699951171875,1674.5,161,1619.2399963378907,1580.392001953125,62.70896881231581,True,0.0,0.0
2020-03-10,1671.5999755859375,1674.5999755859375,1643.0,1659.0999755859375,48,1623.4599975585938,1583.3880004882812,58.571421039803425,True,0.0,0.0
2020-03-11,1656.5999755859375,1666.5,1635.0,1641.4000244140625,47,1627.25,1585.94,54.00517458099457,True,0.0,0.0
2020-03-12,1637.0,1647.5,1566.4000244140625,1589.300048828125,256,1628.3450012207031,1587.4360009765626,41.7141272669608,True,0.0,0.0
2020-03-13,1574.9000244140625,1589.800048828125,1513.800048828125,1515.699951171875,89,1625.375,1587.36,29.354410693291598,True,0.0,0.0
2020-03-16,1569.0999755859375,1569.0999755859375,1452.0999755859375,1485.9000244140625,193,1620.5350036621094,1586.5880004882813,29.02553680079133,True,0.0,0.0
2020-03-17,1469.300048828125,1537.699951171875,1469.300048828125,1524.9000244140625,122,1616.7800048828126,1586.102001953125,36.16254281926345,True,0.0,0.0
2020-03-18,1537.5,1542.0,1477.300048828125,1477.300048828125,333,1610.2700073242188,1584.32400390625,32.4487647063781,True,1.0,1.0
2020-03-19,1481.5,1491.5999755859375,1471.0,1478.5999755859375,262,1603.3700073242187,1582.4600024414062,39.00745416947595,True,1.0,0.0
2020-03-20,1483.5,1484.0,1483.5,1484.0,14,1595.3400085449218,1580.992001953125,35.208946713836525,True,1.0,0.0
2020-03-23,1505.300048828125,1567.0,1490.199951171875,1567.0,51,1590.0700073242188,1581.2980029296875,40.59604440755535,True,1.0,0.0
2020-03-24,1592.699951171875,1685.5,1592.699951171875,1660.199951171875,442,1590.7350036621094,1583.352001953125,51.94302953506226,True,1.0,0.0
2020-03-25,1676.5,1676.5,1631.0999755859375,1632.300048828125,476,1590.3500061035156,1585.0300024414062,46.549282116973615,True,1.0,0.0
2020-03-26,1660.5,1660.5,1650.0999755859375,1650.0999755859375,3,1590.8550048828124,1587.1840014648437,47.96058244538643,True,1.0,0.0
2020-03-27,1623.9000244140625,1623.9000244140625,1623.9000244140625,1623.9000244140625,100638,1593.8450073242188,1588.6200024414063,45.2264140991769,True,1.0,0.0
2020-03-30,1641.199951171875,1652.800048828125,1607.199951171875,1622.0,16389,1595.3300048828125,1590.0800024414064,46.40851869402399,True,1.0,0.0
2020-03-31,1618.699951171875,1621.0,1576.0,1583.4000244140625,2874,1592.3950073242188,1590.572001953125,44.60364375798716,True,1.0,0.0
2020-04-01,1570.0,1600.0,1570.0,1578.199951171875,2158,1589.2500061035157,1591.0080004882811,48.86849101109111,False,1.0,0.0
2020-04-02,1590.9000244140625,1631.199951171875,1586.0,1625.699951171875,1294,1587.2150024414063,1592.4159985351562,61.84324730401576,False,0.0,-1.0
2020-04-03,1624.5,1636.0,1619.800048828125,1633.699951171875,643,1585.3599975585937,1593.797998046875,66.69679354246,False,0.0,0.0
2020-04-06,1629.0999755859375,1696.699951171875,1625.9000244140625,1677.0,1063,1585.4849975585937,1595.9159985351562,67.01723544067022,False,0.0,0.0
2020-04-07,1695.699951171875,1724.4000244140625,1658.0,1664.800048828125,1144,1585.770001220703,1597.6759985351562,72.78251655440542,False,0.0,0.0
2020-04-08,1669.699951171875,1677.0,1662.5,1665.4000244140625,747,1586.9700012207031,1599.6,72.73614138767981,False,0.0,0.0
2020-04-09,1662.699951171875,1736.199951171875,1662.699951171875,1736.199951171875,825,1594.3149963378905,1602.927998046875,76.48048155511829,False,0.0,0.0
2020-04-13,1722.0,1756.800048828125,1710.699951171875,1744.800048828125,696,1605.770001220703,1606.1539990234376,72.12545237128836,False,0.0,0.0
2020-04-14,1756.800048828125,1775.0,1739.5,1756.699951171875,675,1619.3099975585938,1609.6299975585937,65.05461365192757,True,0.0,0.0
2020-04-15,1739.4000244140625,1744.9000244140625,1722.699951171875,1727.199951171875,642,1629.4249938964845,1612.6299975585937,64.73144140053861,True,0.0,0.0
2020-04-16,1731.0,1750.5999755859375,1715.0,1720.4000244140625,162,1641.5799926757813,1616.0299975585938,61.29863097550353,True,0.0,0.0
2020-04-17,1715.699951171875,1725.0,1684.9000244140625,1689.199951171875,223,1652.1099914550782,1618.6579956054688,60.328999019498426,True,0.0,0.0
2020-04-20,1686.0,1701.5999755859375,1680.0,1701.5999755859375,106,1662.989990234375,1621.3879956054689,62.18615761423909,True,0.0,0.0
2020-04-21,1697.0,1707.0999755859375,1659.9000244140625,1678.199951171875,666,1668.5499877929688,1623.5799951171875,65.221567007933,True,0.0,0.0
2020-04-22,1696.0,1728.699951171875,1684.800048828125,1728.699951171875,453,1671.9749877929687,1626.6599951171875,71.09616212527627,True,0.0,0.0
2020-04-23,1734.0,1745.0999755859375,1733.300048828125,1733.300048828125,482,1677.0249877929687,1630.0139965820313,67.14469103145119,True,0.0,0.0
2020-04-24,1744.0,1744.0,1714.5,1723.5,221,1680.6949890136718,1633.13599609375,64.22687278853994,True,0.0,0.0
2020-04-27,1731.9000244140625,1731.9000244140625,1711.9000244140625,1711.9000244140625,169,1685.094989013672,1635.8719970703125,56.146534239666266,True,0.0,0.0
2020-04-28,1716.5999755859375,1716.5999755859375,1707.0999755859375,1710.5,1255,1689.5199890136719,1638.427998046875,58.36688664047959,True,0.0,0.0
2020-04-29,1710.0,1713.5,1702.0,1703.4000244140625,373,1695.5199890136719,1640.4959985351563,56.795419658028614,True,0.0,0.0
2020-04-30,1719.300048828125,1719.300048828125,1680.800048828125,1684.199951171875,327,1700.8199890136718,1642.0299975585938,38.59650343884552,True,0.0,0.0
2020-05-01,1686.5999755859375,1701.5,1670.5,1694.5,337,1704.259991455078,1643.587998046875,39.05093468473256,True,0.0,0.0
2020-05-04,1702.5999755859375,1709.0,1699.5999755859375,1706.9000244140625,320,1707.9199951171875,1644.8339990234374,39.18334967475359,True,0.0,0.0
2020-05-05,1701.5,1704.4000244140625,1697.199951171875,1704.4000244140625,82,1709.2899963378907,1645.4739990234375,44.38979056443614,True,0.0,0.0
2020-05-06,1704.0,1704.0,1684.199951171875,1684.199951171875,469,1710.259991455078,1646.2199975585938,41.64358362953825,True,0.0,0.0
2020-05-07,1686.199951171875,1721.800048828125,1685.5999755859375,1721.800048828125,853,1713.0799926757813,1647.8559985351562,57.309422931651724,True,0.0,0.0
2020-05-08,1726.199951171875,1728.9000244140625,1703.800048828125,1709.9000244140625,330,1711.7649963378906,1649.2539990234375,51.865175418768835,True,0.0,0.0
2020-05-11,1702.300048828125,1704.5,1690.199951171875,1695.300048828125,749,1709.2899963378907,1651.8780004882813,54.00095051278566,True,0.0,0.0
2020-05-12,1699.300048828125,1713.0999755859375,1699.300048828125,1704.4000244140625,324,1706.675,1654.12,42.948384148609435,True,0.0,0.0
2020-05-13,1702.0,1721.300048828125,1701.9000244140625,1713.9000244140625,431,1706.0100036621093,1655.5560009765625,44.52596228364764,True,0.0,0.0
2020-05-14,1724.300048828125,1743.0999755859375,1720.5,1738.0999755859375,672,1706.895001220703,1657.4960009765625,53.810010136411506,True,0.0,0.0
2020-05-15,1739.699951171875,1753.4000244140625,1739.699951171875,1753.4000244140625,719,1710.1050048828124,1659.2360009765625,60.62466404150259,True,0.0,0.0
2020-05-18,1755.699951171875,1770.5,1731.800048828125,1731.800048828125,229,1711.615008544922,1660.4560009765626,54.94200108985158,True,0.0,0.0
2020-05-19,1744.199951171875,1749.5,1744.199951171875,1744.199951171875,167,1714.9150085449219,1661.85,59.239106698105644,True,0.0,0.0
2020-05-20,1751.5999755859375,1752.0999755859375,1745.5999755859375,1750.5999755859375,16,1716.010009765625,1663.68,65.96153496285368,True,0.0,0.0
2020-05-21,1746.800048828125,1746.800048828125,1720.5,1720.5,528,1715.3700073242187,1665.2619995117188,55.70675909284308,True,0.0,0.0
2020-05-22,1726.5999755859375,1734.5999755859375,1726.5999755859375,1734.5999755859375,6,1715.9250061035157,1668.167998046875,56.03484774986383,True,0.0,0.0
2020-05-26,1726.4000244140625,1726.4000244140625,1704.800048828125,1704.800048828125,39,1715.5700073242188,1671.95,50.07788639566859,True,0.0,0.0
2020-05-27,1685.5999755859375,1710.300048828125,1685.5999755859375,1710.300048828125,137416,1715.560009765625,1676.4380004882812,55.39035800254326,True,0.0,0.0
2020-05-28,1709.300048828125,1727.800048828125,1705.0,1713.300048828125,23355,1716.0550109863282,1680.2060009765626,47.95180481904746,True,0.0,0.0
2020-05-29,1718.800048828125,1738.300048828125,1715.0999755859375,1736.9000244140625,1526,1718.6900146484375,1685.3980004882812,56.15876735550353,True,0.0,0.0
2020-06-01,1740.4000244140625,1747.0,1727.0999755859375,1737.800048828125,871,1720.8550170898438,1690.582001953125,60.340644888425814,True,0.0,0.0
2020-06-02,1743.0,1745.5,1721.800048828125,1725.199951171875,741,1721.7700134277343,1695.4060009765626,54.976061939330435,True,0.0,0.0
2020-06-03,1726.300048828125,1726.300048828125,1684.5,1697.800048828125,2755,1721.4400146484375,1698.022001953125,46.45218352205203,True,0.0,0.0
2020-06-04,1694.5,1718.9000244140625,1694.5,1718.9000244140625,807,1723.1750183105469,1699.1960034179688,45.710462929428246,True,0.0,0.0
2020-06-05,1711.800048828125,1711.800048828125,1668.5999755859375,1676.199951171875,1502,1720.8950134277343,1700.0740014648438,34.63373292921813,True,0.0,0.0
2020-06-08,1679.0999755859375,1699.4000244140625,1675.9000244140625,1698.300048828125,587,1720.3150146484375,1701.0380029296875,43.345250993488605,True,0.0,0.0
2020-06-09,1694.5999755859375,1720.9000244140625,1692.0,1714.699951171875,690,1721.285009765625,1702.8540014648438,44.231520212498815,True,0.0,0.0
2020-06-10,1716.0999755859375,1740.800048828125,1711.9000244140625,1713.300048828125,718,1721.7300109863281,1704.6800024414063,42.5608392132765,True,0.0,0.0
2020-06-11,1737.199951171875,1744.0999755859375,1720.0,1732.0,347,1722.635009765625,1707.652001953125,52.4028435825549,True,0.0,0.0
2020-06-12,1724.9000244140625,1743.0,1724.9000244140625,1729.300048828125,318,1722.1950134277345,1710.67400390625,48.837224250182786,True,0.0,0.0
2020-06-15,1730.0,1730.0,1703.300048828125,1720.300048828125,188,1720.5400146484376,1712.566005859375,53.742156195883204,True,0.0,0.0
2020-06-16,1726.300048828125,1729.5999755859375,1722.4000244140625,1729.5999755859375,22,1720.4300109863282,1714.4840063476563,54.575615662754515,True,0.0,0.0
2020-06-17,1714.699951171875,1729.199951171875,1714.699951171875,1729.199951171875,51,1719.6800109863282,1715.5280053710937,53.81659079508108,True,0.0,0.0
2020-06-18,1730.5,1734.0999755859375,1717.300048828125,1724.800048828125,110,1718.3900146484375,1716.7280053710938,46.800636496557686,True,0.0,0.0
2020-06-19,1723.699951171875,1750.699951171875,1723.5,1745.9000244140625,1329,1719.6600158691406,1718.3380053710937,51.93501860219074,True,0.0,0.0
2020-06-22,1755.199951171875,1767.5999755859375,1750.5,1756.699951171875,1356,1720.7650146484375,1718.7480053710938,57.590379307180214,True,0.0,0.0
2020-06-23,1755.4000244140625,1776.300048828125,1754.199951171875,1772.0999755859375,666,1724.1300109863282,1719.29400390625,69.00257440839496,True,0.0,0.0
2020-06-24,1778.300048828125,1783.0999755859375,1764.5,1765.800048828125,961,1726.905010986328,1719.476005859375,62.97734702163291,True,0.0,0.0
2020-06-25,1761.699951171875,1764.800048828125,1759.800048828125,1762.0999755859375,207,1729.3450073242188,1720.1740063476564,80.31061256733486,True,0.0,0.0
2020-06-26,1766.0,1772.5,1764.699951171875,1772.5,640,1731.1250061035157,1721.216005859375,78.53854994948148,True,0.0,0.0
2020-06-29,1779.800048828125,1780.199951171875,1774.300048828125,1774.800048828125,584,1732.9750061035156,1722.9280078125,75.92764231923746,True,0.0,0.0
2020-06-30,1777.300048828125,1793.199951171875,1774.4000244140625,1793.0,986,1736.365008544922,1724.7560083007813,80.03019108139634,True,0.0,0.0
2020-07-01,1793.5999755859375,1798.0,1765.800048828125,1773.199951171875,331,1740.1350036621093,1726.6560083007812,65.39611782995526,True,0.0,0.0
2020-07-02,1773.4000244140625,1784.0,1768.699951171875,1784.0,215,1743.3900024414063,1727.7620092773439,69.27413277542831,True,0.0,0.0
2020-07-06,1788.199951171875,1790.0999755859375,1788.199951171875,1788.5,172,1749.0050048828125,1728.8660083007812,74.81804936121821,True,0.0,0.0
2020-07-07,1789.300048828125,1804.199951171875,1783.300048828125,1804.199951171875,751,1754.3,1730.4800073242188,75.9388086169121,True,0.0,0.0
2020-07-08,1801.5,1817.9000244140625,1801.5,1815.5,209,1759.3400024414063,1732.5520068359374,77.8927201251162,True,0.0,0.0
2020-07-09,1816.0999755859373,1819.800048828125,1799.199951171875,1799.199951171875,396,1763.6349975585938,1734.326005859375,72.32888917546168,True,0.0,0.0
2020-07-10,1805.5,1805.5,1797.699951171875,1798.199951171875,236,1766.9449951171875,1736.2220043945313,67.84978948096412,True,0.0,0.0
2020-07-13,1805.0,1811.0,1805.0,1811.0,164,1771.0299926757812,1738.7580053710938,68.28281466551145,True,0.0,0.0
2020-07-14,1791.0,1811.5,1791.0,1810.5999755859373,339,1775.544989013672,1741.0800048828125,64.41944928559269,True,0.0,0.0
2020-07-15,1806.0999755859373,1813.5,1806.0999755859373,1811.4000244140625,167,1779.634991455078,1743.1700048828125,67.81243950145858,True,0.0,0.0
2020-07-16,1810.9000244140625,1810.9000244140625,1794.300048828125,1798.699951171875,146,1783.1099914550782,1745.0560034179687,63.357619617448655,True,0.0,0.0
2020-07-17,1798.5,1810.0999755859373,1798.5,1808.300048828125,24,1787.2849914550782,1747.5380053710937,63.14241311256777,True,0.0,0.0
2020-07-20,1807.0,1817.300048828125,1807.0,1815.9000244140625,89,1790.7849914550782,1749.4200048828125,64.5229219847632,True,0.0,0.0
2020-07-21,1822.0,1842.4000244140625,1822.0,1842.4000244140625,117,1795.0699951171875,1752.0700048828126,66.48861400056222,True,0.0,0.0
2020-07-22,1858.0999755859373,1867.0,1854.699951171875,1864.0999755859373,213,1799.6699951171875,1755.4460034179688,79.9603936175947,True,0.0,0.0
2020-07-23,1868.699951171875,1890.300048828125,1868.5,1889.0999755859373,133,1805.8349914550781,1759.1400024414063,81.67564962418729,True,0.0,0.0
2020-07-24,1884.300048828125,1897.300048828125,1884.300048828125,1897.300048828125,474,1812.5949951171874,1762.8080029296875,82.075421451223,True,0.0,0.0
2020-07-27,1901.699951171875,1938.0,1901.5,1931.0,364,1820.5199951171876,1766.6660034179688,83.79526060923118,True,0.0,0.0
2020-07-28,1931.5,1944.699951171875,1928.5999755859373,1944.699951171875,825,1829.014990234375,1770.492001953125,83.99994346224362,True,0.0,0.0
2020-07-29,1953.199951171875,1953.5,1952.5999755859373,1953.5,209835,1837.039990234375,1774.9260009765626,92.27392942806948,True,0.0,0.0
2020-07-30,1963.4000244140625,1965.0999755859373,1930.0,1942.300048828125,28853,1845.4949951171875,1778.8880029296874,87.38971240339532,True,0.0,0.0
2020-07-31,1948.5999755859373,1981.0999755859373,1948.0,1962.800048828125,2914,1854.4349975585938,1783.1320043945314,87.87423599512198,True,0.0,0.0
2020-08-03,1984.300048828125,1984.300048828125,1955.5,1966.0,683,1863.3099975585938,1788.0420043945312,88.23818120105851,True,0.0,0.0
2020-08-04,1971.0,2016.199951171875,1968.800048828125,2001.199951171875,2010,1873.1599975585937,1793.37400390625,89.94106613221511,True,0.0,0.0
2020-08-05,2024.0,2050.199951171875,2011.0,2031.0999755859373,1422,1883.9399963378905,1799.9000024414063,95.60441350419988,True,0.0,0.0
2020-08-06,2045.5,2063.0,2040.0,2051.5,294,1896.554998779297,1806.7240014648437,95.78314858851527,True,0.0,0.0
2020-08-07,2040.0999755859373,2055.0,2009.5999755859373,2010.0999755859373,808,1907.15,1812.66,82.43153215008532,True,0.0,0.0
2020-08-10,2026.4000244140625,2043.800048828125,2017.5,2024.4000244140625,233,1917.820001220703,1818.41,81.68524215574843,True,0.0,0.0
2020-08-11,2012.4000244140625,2016.0,1904.0,1932.5999755859373,971,1923.9200012207032,1822.3059985351563,59.58578094582783,True,0.0,0.0
2020-08-12,1923.0,1946.5999755859373,1871.5999755859373,1934.9000244140625,404,1930.0950012207031,1826.5,56.84399812626139,True,0.0,0.0
2020-08-13,1921.5,1957.4000244140625,1916.9000244140625,1956.699951171875,71,1937.9950012207032,1831.677998046875,58.52956787383774,True,0.0,0.0
2020-08-14,1938.699951171875,1947.4000244140625,1937.0,1937.0,201,1944.429998779297,1836.0399975585938,50.89766619937569,True,0.0,0.0
2020-08-17,1949.5999755859373,1985.0,1949.5999755859373,1985.0,97,1952.8849975585938,1842.2159985351564,55.468120600831064,True,0.0,0.0
2020-08-18,2001.0999755859373,2002.800048828125,1972.0999755859373,1999.4000244140625,92,1960.7349975585937,1848.237998046875,56.13472699940317,True,0.0,0.0
2020-08-19,1980.0,1980.0,1938.699951171875,1958.699951171875,347,1965.4649963378906,1853.117998046875,52.03170197913553,True,0.0,0.0
2020-08-20,1941.199951171875,1948.300048828125,1922.300048828125,1933.800048828125,106,1967.7,1857.527998046875,46.446078431372555,True,0.0,0.0
2020-08-21,1941.0,1945.0,1908.9000244140625,1934.5999755859373,184,1969.5649963378905,1861.5799975585937,46.1291880788822,True,0.0,0.0
2020-08-24,1930.199951171875,1940.0,1922.199951171875,1927.699951171875,85,1969.3999938964844,1865.5479956054687,40.25974152027184,True,0.0,0.0
2020-08-25,1927.5,1928.5,1911.800048828125,1911.800048828125,176,1967.7549987792968,1869.3779956054686,33.58106925282409,True,0.0,0.0
2020-08-26,1909.699951171875,1950.800048828125,1909.699951171875,1940.699951171875,287,1967.1149963378907,1873.5999951171875,35.099501474825544,True,0.0,0.0
2020-08-27,1948.9000244140625,1972.5,1921.5999755859373,1921.5999755859373,2303,1966.0799926757813,1877.4479956054688,37.33904694977687,True,0.0,0.0
2020-08-28,1927.0999755859373,1971.300048828125,1922.5,1964.5999755859373,778,1966.169989013672,1882.243994140625,42.094117510357556,True,0.0,0.0
2020-08-31,1970.0,1971.300048828125,1953.300048828125,1967.5999755859373,158,1966.2499877929688,1886.6779931640624,56.0470009220664,True,0.0,0.0
2020-09-01,1961.699951171875,1986.300048828125,1961.699951171875,1968.199951171875,186,1964.5999877929687,1890.9079931640624,55.78727403488152,True,0.0,0.0
2020-09-02,1967.300048828125,1967.300048828125,1934.4000244140625,1934.4000244140625,71,1959.764990234375,1894.153994140625,46.27962001336788,True,0.0,0.0
2020-09-03,1937.0999755859373,1938.800048828125,1923.0,1927.5999755859373,179,1953.5699890136718,1897.3899926757813,48.361221266306345,True,0.0,0.0
2020-09-04,1927.9000244140625,1939.699951171875,1917.699951171875,1923.9000244140625,607,1949.259991455078,1900.6259936523438,37.40204786472273,True,0.0,0.0
2020-09-08,1930.9000244140625,1937.9000244140625,1903.0999755859373,1933.0,271,1944.689990234375,1903.8359936523439,36.00334304442451,True,0.0,0.0
2020-09-09,1926.9000244140625,1946.199951171875,1924.5999755859373,1944.699951171875,219,1945.294989013672,1907.2339916992187,46.637839549241605,True,0.0,0.0
2020-09-10,1944.0999755859373,1962.699951171875,1944.0999755859373,1954.199951171875,722,1946.2599853515626,1910.4579907226562,55.29044316436349,True,0.0,0.0
2020-09-11,1944.0,1949.5,1937.800048828125,1937.800048828125,73,1945.314990234375,1913.7499926757812,50.767773600068935,True,0.0,0.0
2020-09-14,1946.300048828125,1953.0999755859373,1943.0,1953.0999755859373,55,1946.1199890136718,1917.1319921875,55.8579543822961,True,0.0,0.0
2020-09-15,1955.800048828125,1968.5,1955.800048828125,1956.300048828125,74,1944.684991455078,1920.4879931640626,60.90153972765287,True,0.0,0.0
2020-09-16,1961.300048828125,1961.4000244140625,1956.699951171875,1960.199951171875,124,1942.7249877929687,1923.6079931640625,55.44389797053401,True,0.0,0.0
2020-09-17,1939.0,1946.0,1933.699951171875,1940.0,67,1941.789990234375,1926.0979931640625,55.1054569348901,True,0.0,0.0
2020-09-18,1950.5,1952.0999755859373,1949.0,1952.0999755859373,38,1942.7049865722656,1929.1559936523438,45.813785400903626,True,0.0,0.0
2020-09-21,1946.199951171875,1946.199951171875,1883.4000244140625,1901.199951171875,52,1941.0349853515625,1931.2159936523437,33.16425857914071,True,0.0,0.0
2020-09-22,1913.0999755859373,1913.0999755859373,1898.5999755859373,1898.5999755859373,331,1939.5799865722656,1932.9679931640626,32.53009021088417,True,0.0,0.0
2020-09-23,1875.5,1875.5,1859.9000244140625,1859.9000244140625,5,1936.9849853515625,1933.953994140625,31.749107646963083,True,0.0,0.0
2020-09-24,1851.5,1868.300048828125,1851.5,1868.300048828125,365,1933.364990234375,1935.0919946289061,35.58579328950188,False,0.0,0.0
2020-09-25,1856.300048828125,1857.699951171875,1856.300048828125,1857.699951171875,4,1930.169989013672,1936.2719946289062,34.43081917551329,False,0.0,0.0
2020-09-28,1872.800048828125,1872.800048828125,1872.800048828125,1872.800048828125,10455,1925.5799926757813,1937.5619946289062,36.23056003841919,False,0.0,0.0
2020-09-29,1876.5,1895.4000244140625,1872.4000244140625,1894.300048828125,3283,1921.9149963378907,1939.1299951171875,38.96674170466666,False,0.0,0.0
2020-09-30,1893.0,1899.699951171875,1879.800048828125,1887.5,600,1917.8799987792968,1940.0319946289062,35.223755958838964,False,0.0,0.0
2020-10-01,1884.0999755859373,1909.5999755859373,1882.5,1908.4000244140625,730,1916.5799987792968,1940.9179956054688,43.61424520852964,False,0.0,0.0
2020-10-02,1893.9000244140625,1913.0,1893.9000244140625,1900.199951171875,530,1915.2099975585938,1941.1399951171875,38.14433610175329,False,0.0,0.0
2020-10-05,1898.9000244140625,1915.5999755859373,1884.699951171875,1912.5,1360,1914.6399963378906,1941.443994140625,40.56847287118384,False,0.0,0.0
2020-10-06,1906.5999755859373,1918.0,1874.4000244140625,1901.0999755859373,968,1913.0449951171875,1940.8459936523439,37.67211152842314,False,0.0,0.0
2020-10-07,1874.0999755859373,1889.800048828125,1873.0999755859373,1883.5999755859373,50,1909.9899963378907,1939.623994140625,38.101279057968824,False,0.0,0.0
2020-10-08,1893.0,1893.0,1882.699951171875,1888.5999755859373,348,1906.7099975585934,1938.3259936523436,36.18967113814577,False,0.0,0.0
2020-10-09,1909.300048828125,1929.0999755859373,1905.0999755859373,1919.5,580,1905.7949951171872,1937.8699926757813,54.35922219430718,False,0.0,0.0
2020-10-12,1924.0,1926.5,1921.5999755859373,1922.5,96,1904.2649963378904,1937.0639916992188,55.68235312555692,False,0.0,0.0
2020-10-13,1921.9000244140625,1922.199951171875,1887.0,1888.5,191,1900.874993896484,1935.5139916992186,56.9552312888779,False,0.0,0.0
2020-10-14,1889.699951171875,1910.800048828125,1882.5,1901.300048828125,33,1897.9299987792965,1933.5159936523437,57.85712458815895,False,0.0,0.0
2020-10-15,1897.300048828125,1906.300048828125,1889.5999755859373,1903.199951171875,254,1896.0899963378902,1930.9579931640626,61.30152354201078,False,0.0,0.0
2020-10-16,1898.5,1900.800048828125,1898.5,1900.800048828125,53,1893.5249999999996,1927.943994140625,57.423113865782256,False,0.0,0.0
2020-10-19,1907.300048828125,1907.800048828125,1899.5,1906.4000244140625,43,1893.785003662109,1925.8699951171875,53.50317615933172,False,0.0,0.0
2020-10-20,1901.300048828125,1910.4000244140625,1896.0999755859373,1910.4000244140625,329,1894.3750061035153,1923.5899951171875,56.7392646037098,False,0.0,0.0
2020-10-21,1913.5999755859373,1927.300048828125,1913.5999755859373,1924.5999755859373,1202,1897.610003662109,1923.4299951171874,54.96322181947642,False,0.0,0.0
2020-10-22,1924.300048828125,1924.300048828125,1898.199951171875,1901.0999755859373,899,1899.2499999999995,1922.753994140625,50.25210785141735,False,0.0,0.0
2020-10-23,1899.9000244140625,1913.300048828125,1896.199951171875,1902.0,287,1901.4650024414059,1921.6599951171875,46.858166007004264,False,0.0,0.0
2020-10-26,1895.5,1907.0,1893.5,1902.699951171875,242,1902.9599975585934,1920.973994140625,50.511501865009166,False,0.0,0.0
2020-10-27,1904.5999755859373,1908.800048828125,1904.4000244140625,1908.800048828125,176,1903.6849975585933,1919.4499951171874,58.68968774387781,False,0.0,0.0
2020-10-28,1870.9000244140625,1876.199951171875,1870.9000244140625,1876.199951171875,277,1903.119995117187,1916.9859936523437,46.40787190960862,False,0.0,0.0
2020-10-29,1876.0999755859373,1879.800048828125,1858.800048828125,1865.5999755859373,240,1900.979992675781,1915.123994140625,32.304645326660435,False,0.0,0.0
2020-10-30,1862.800048828125,1886.5999755859373,1862.800048828125,1877.4000244140625,725,1899.8399963378902,1913.9959936523437,36.0024883858908,False,0.0,0.0
2020-11-02,1872.9000244140625,1894.699951171875,1872.9000244140625,1890.4000244140625,190,1898.7349975585935,1913.1119946289064,50.67809591190722,False,0.0,0.0
2020-11-03,1891.5,1908.5,1891.5,1908.5,712,1899.1049987792965,1912.7279956054688,52.47591334513179,False,0.0,0.0
2020-11-04,1893.800048828125,1907.0,1885.300048828125,1894.5999755859373,782,1899.6549987792969,1912.383994140625,47.26811491359294,False,0.0,0.0
2020-11-05,1901.699951171875,1948.0,1901.699951171875,1945.300048828125,135,1902.4900024414062,1912.47599609375,60.81671311308075,False,0.0,0.0
2020-11-06,1940.800048828125,1958.800048828125,1940.800048828125,1950.300048828125,304,1904.0300048828126,1913.0499975585938,60.70209102471693,False,0.0,0.0
2020-11-09,1955.5999755859373,1963.199951171875,1847.0999755859373,1853.199951171875,745,1900.5650024414062,1910.8219970703126,40.409119322170746,False,0.0,0.0
2020-11-10,1879.300048828125,1885.300048828125,1871.199951171875,1875.4000244140625,276,1899.9100036621094,1908.977998046875,41.96605477448924,False,0.0,0.0
2020-11-11,1878.800048828125,1878.800048828125,1855.5,1860.699951171875,222,1897.8799987792968,1906.827998046875,43.20780854613857,False,0.0,0.0
2020-11-12,1869.0,1878.5,1866.5999755859373,1872.5999755859373,220,1896.35,1905.5919970703126,45.23346700089491,False,0.0,0.0
2020-11-13,1877.0,1890.0999755859373,1876.800048828125,1885.699951171875,240,1895.5949951171874,1904.7539965820313,47.35037850104909,False,0.0,0.0
2020-11-16,1874.5999755859373,1887.300048828125,1871.0,1887.300048828125,6,1894.6399963378906,1904.0219970703124,46.60133362458291,False,0.0,0.0
2020-11-17,1888.4000244140625,1888.4000244140625,1884.5,1884.5,59,1893.3449951171874,1903.0519970703126,51.44852263218083,False,0.0,0.0
2020-11-18,1873.5,1873.5,1873.5,1873.5,152,1890.7899963378907,1901.627998046875,51.376788131161774,False,0.0,0.0
2020-11-19,1865.800048828125,1865.800048828125,1856.0,1861.0999755859373,59,1888.7899963378907,1899.7659985351563,47.16521371397124,False,0.0,0.0
2020-11-20,1871.199951171875,1872.5999755859373,1871.199951171875,1872.5999755859373,1900,1887.3199951171875,1898.4619970703125,46.88810866458718,False,0.0,0.0
2020-11-23,1834.800048828125,1837.800048828125,1829.199951171875,1837.800048828125,843,1884.075,1896.1559985351562,38.32179574968487,False,0.0,0.0
2020-11-24,1829.300048828125,1829.300048828125,1799.300048828125,1804.800048828125,1041,1878.875,1893.1259985351562,36.0472636825357,False,0.0,0.0
2020-11-25,1801.4000244140625,1805.699951171875,1801.4000244140625,1805.699951171875,205754,1875.35,1890.0359985351563,24.338240375976227,False,0.0,0.0
2020-11-27,1806.0999755859373,1817.0,1770.699951171875,1781.9000244140625,71804,1871.1650024414062,1886.8739990234376,21.045404840412473,False,0.0,0.0
2020-11-30,1785.0,1787.199951171875,1762.300048828125,1775.699951171875,3145,1866.0799987792968,1883.3459985351562,30.615321858691658,False,0.0,0.0
2020-12-01,1775.0,1815.9000244140625,1774.9000244140625,1814.0999755859373,1859,1862.2649963378906,1881.6039990234376,35.81674661581248,False,0.0,0.0
2020-12-02,1811.300048828125,1830.0,1807.800048828125,1825.699951171875,771,1858.1249938964843,1880.1459985351562,41.78403755868545,False,0.0,0.0
2020-12-03,1829.199951171875,1842.0,1825.300048828125,1836.800048828125,1765,1855.2349975585937,1879.6839990234375,41.56458190357145,False,0.0,0.0
2020-12-04,1840.699951171875,1847.5999755859373,1828.199951171875,1835.9000244140625,1213,1849.7649963378906,1879.0359985351563,37.55002590940801,False,0.0,0.0
2020-12-07,1836.5,1866.9000244140625,1820.800048828125,1861.800048828125,1427,1845.3399963378906,1879.1180004882813,44.31564992222985,False,0.0,0.0
2020-12-08,1863.0,1875.800048828125,1861.800048828125,1870.800048828125,121,1846.2200012207031,1879.0780004882813,47.02821015794469,False,0.0,0.0
2020-12-09,1867.0999755859373,1867.0999755859373,1827.0,1834.5999755859373,215,1844.179998779297,1877.8839990234376,42.39342720539263,False,0.0,0.0
2020-12-10,1833.199951171875,1849.0999755859373,1828.0,1833.5999755859373,177,1842.825,1876.8059985351563,44.3716752960317,False,0.0,0.0
2020-12-11,1838.5,1846.0,1829.0999755859373,1839.800048828125,109,1841.1850036621095,1875.4339990234375,43.13809414118988,False,0.0,0.0
2020-12-14,1835.5,1835.699951171875,1822.699951171875,1828.699951171875,258,1838.3350036621093,1874.0039990234375,47.88664995974464,False,0.0,0.0
2020-12-15,1833.5,1853.5999755859373,1833.199951171875,1852.300048828125,961,1836.5850036621093,1872.8,61.534703711784154,False,0.0,0.0
2020-12-16,1856.5,1864.699951171875,1850.5,1856.0999755859373,1090,1835.1650024414062,1871.9,62.06894737365185,False,0.0,0.0
2020-12-17,1874.199951171875,1896.199951171875,1874.199951171875,1887.199951171875,414,1835.85,1871.9719995117186,74.36365125586408,False,0.0,0.0
2020-12-18,1882.4000244140625,1889.5,1882.300048828125,1885.699951171875,276,1837.0799987792968,1871.9139990234376,76.01698125409975,False,0.0,0.0
2020-12-21,1884.800048828125,1908.0,1869.0999755859373,1879.199951171875,136,1837.4099975585937,1871.107998046875,68.1336609390078,False,0.0,0.0
2020-12-22,1882.199951171875,1882.199951171875,1861.0,1866.5999755859373,233,1838.8499938964844,1869.9899975585938,61.32962366576732,False,0.0,0.0
2020-12-23,1867.0,1878.800048828125,1864.5,1874.699951171875,82,1842.344989013672,1869.7139965820313,60.676014145006896,False,0.0,0.0
2020-12-24,1877.300048828125,1879.9000244140625,1875.699951171875,1879.9000244140625,46,1846.0549926757812,1869.28599609375,62.101190620073154,False,0.0,0.0
2020-12-28,1895.5,1895.800048828125,1873.699951171875,1877.199951171875,75,1850.8199890136718,1868.76599609375,54.85493983470512,False,0.0,0.0
2020-12-29,1881.300048828125,1881.300048828125,1879.699951171875,1879.699951171875,343,1856.0199890136719,1868.343994140625,52.92566809469616,False,0.0,0.0
2020-12-30,1879.9000244140625,1895.800048828125,1877.300048828125,1891.0,444,1859.864990234375,1868.0359936523437,72.16976560063335,False,0.0,0.0
2020-12-31,1897.0,1901.300048828125,1892.699951171875,1893.0999755859373,127,1863.2349914550782,1867.6899926757812,73.18778804912478,False,0.0,0.0
2021-01-04,1912.199951171875,1945.0999755859373,1912.199951171875,1944.699951171875,154,1868.6299865722656,1868.0919921875,80.19567771787094,True,0.0,0.0
2021-01-05,1941.699951171875,1952.699951171875,1941.300048828125,1952.699951171875,113,1874.4699829101562,1869.1239916992188,86.34230041586875,True,0.0,0.0
2021-01-06,1952.0,1959.9000244140625,1901.5,1906.9000244140625,331,1876.7249816894532,1869.2219921875,64.15975008499969,True,0.0,0.0
2021-01-07,1922.5999755859373,1926.699951171875,1912.0,1912.300048828125,122,1878.799981689453,1869.413994140625,64.45474953297438,True,0.0,0.0
2021-01-08,1908.0,1908.0,1834.0999755859373,1834.0999755859373,60,1878.7749816894532,1867.9199926757813,39.00622179178908,True,0.0,0.0
2021-01-11,1826.5,1849.5999755859373,1826.5,1849.5999755859373,20,1879.5749816894531,1867.3879931640624,42.93542889658521,True,0.0,0.0
2021-01-12,1849.0,1859.699951171875,1839.4000244140625,1842.9000244140625,176,1879.72998046875,1866.933994140625,42.90185444659009,True,0.0,0.0
2021-01-13,1858.0,1858.5999755859373,1853.5999755859373,1853.5999755859373,189,1880.9749816894532,1866.4579931640621,47.438928782712004,True,0.0,0.0
2021-01-14,1836.699951171875,1850.699951171875,1836.699951171875,1850.300048828125,149,1880.874981689453,1865.6559936523436,45.10042121611445,True,0.0,0.0
2021-01-15,1829.4000244140625,1829.4000244140625,1825.0,1829.300048828125,31,1879.5349853515625,1864.071994628906,40.44562130256618,True,0.0,0.0
2021-01-19,1802.0,1842.9000244140625,1802.0,1839.5,13,1877.1499877929687,1862.9699951171872,43.07749206519984,True,0.0,0.0
2021-01-20,1847.800048828125,1866.5999755859373,1844.4000244140625,1865.9000244140625,16,1876.1599914550782,1861.3819946289059,47.67050392978439,True,0.0,0.0
2021-01-21,1865.300048828125,1868.0,1865.300048828125,1865.300048828125,6,1875.4649963378906,1859.681994628906,45.49912904574711,True,0.0,0.0
2021-01-22,1854.9000244140625,1855.699951171875,1852.699951171875,1855.699951171875,8,1874.9199951171875,1859.731994628906,43.61774061505968,True,0.0,0.0
2021-01-25,1864.699951171875,1864.699951171875,1851.800048828125,1854.9000244140625,26,1873.929998779297,1859.321994628906,31.461604021166224,True,0.0,0.0
2021-01-26,1855.800048828125,1855.800048828125,1850.699951171875,1850.699951171875,59,1872.4699951171874,1859.121994628906,28.60737378723296,True,0.0,0.0
2021-01-27,1844.9000244140625,1844.9000244140625,1844.9000244140625,1844.9000244140625,195540,1870.854998779297,1858.5679956054685,34.37499230907427,True,0.0,0.0
2021-01-28,1843.4000244140625,1862.9000244140625,1831.5,1837.9000244140625,27283,1868.7650024414063,1857.611997070312,31.399982543934627,True,1.0,1.0
2021-01-29,1842.0,1876.0,1838.699951171875,1847.300048828125,1634,1866.5800048828125,1856.8119970703121,55.030522269952634,True,1.0,0.0
2021-02-01,1866.5999755859373,1871.9000244140625,1850.0,1860.800048828125,1494,1864.9650085449218,1856.3379980468746,54.334399402875185,True,1.0,0.0
2021-02-02,1859.5999755859373,1861.300048828125,1827.5999755859373,1830.5,1293,1859.2550109863282,1855.4779980468747,45.94239844312342,True,1.0,0.0
2021-02-03,1834.800048828125,1842.4000244140625,1829.800048828125,1832.199951171875,1195,1853.2300109863281,1854.8999975585934,42.559097596028614,False,1.0,0.0
2021-02-04,1832.199951171875,1832.199951171875,1782.800048828125,1788.9000244140625,2375,1847.330010986328,1853.225998535156,33.29704872652985,False,0.0,-1.0
2021-02-05,1794.300048828125,1813.5,1790.9000244140625,1810.9000244140625,1278,1842.260009765625,1852.6879980468748,45.021636443022935,False,0.0,0.0
2021-02-08,1816.300048828125,1836.699951171875,1809.0,1831.9000244140625,254,1842.1500122070313,1853.2299975585934,48.0572657120301,False,0.0,0.0
2021-02-09,1841.9000244140625,1843.300048828125,1830.699951171875,1835.300048828125,184,1841.4350158691407,1853.8219995117186,41.13557939911127,False,0.0,0.0
2021-02-10,1842.5999755859373,1851.0999755859373,1837.0,1840.5999755859373,543,1841.3200134277345,1854.9959985351559,43.034381430984034,False,0.0,0.0
2021-02-11,1840.5,1845.0,1820.9000244140625,1824.9000244140625,602,1839.8850158691407,1855.9799999999998,41.60306334285356,False,0.0,0.0
2021-02-12,1825.0,1827.5,1809.199951171875,1821.5999755859373,259,1838.4500122070312,1856.1299999999997,41.04355397493708,False,0.0,0.0
2021-02-16,1820.9000244140625,1823.4000244140625,1787.300048828125,1797.199951171875,1141,1836.8450073242188,1855.5599999999997,37.02085443356607,False,0.0,0.0
2021-02-17,1785.800048828125,1789.699951171875,1768.800048828125,1771.0999755859375,614,1833.4250061035157,1854.2459985351559,33.701395613662356,False,0.0,0.0
2021-02-18,1776.0999755859375,1784.5999755859375,1766.0,1773.4000244140625,587,1828.8000061035157,1852.9959985351559,35.45331208711096,False,0.0,0.0
2021-02-19,1764.300048828125,1787.5999755859375,1764.300048828125,1775.800048828125,118,1824.3250061035155,1851.2759985351558,33.348855085960906,False,0.0,0.0
2021-02-22,1784.0,1807.800048828125,1784.0,1806.699951171875,165,1821.8750061035157,1849.993996582031,38.34551232221953,False,0.0,0.0
2021-02-23,1809.5999755859373,1811.300048828125,1796.4000244140625,1804.4000244140625,569,1819.3500061035156,1849.3899975585934,43.60607302099,False,0.0,0.0
2021-02-24,1805.800048828125,1805.800048828125,1796.4000244140625,1796.4000244140625,1500,1816.635009765625,1848.645998535156,41.49240395800636,False,0.0,0.0
2021-02-25,1801.5,1802.0,1766.699951171875,1774.4000244140625,1049,1813.110009765625,1847.3379980468746,46.16604673921603,False,0.0,0.0
2021-02-26,1768.0999755859375,1768.199951171875,1718.800048828125,1728.0999755859375,1593,1807.6200073242187,1845.325998535156,30.59979224012278,False,0.0,0.0
2021-03-01,1737.0999755859375,1747.0,1720.300048828125,1722.5,407,1801.3800048828125,1842.7299975585934,22.373714176502617,False,0.0,0.0
2021-03-02,1709.4000244140625,1733.0999755859375,1708.699951171875,1733.0999755859375,867,1794.9950012207032,1840.2699975585936,25.097427300584073,False,0.0,0.0
2021-03-03,1730.0,1732.4000244140625,1703.5,1715.300048828125,501,1789.2350036621094,1836.8319995117185,21.22185918222361,False,0.0,0.0
2021-03-04,1706.5,1717.4000244140625,1700.199951171875,1700.199951171875,521,1782.6350036621093,1833.1219995117185,21.280495793324988,False,0.0,0.0
2021-03-05,1690.5999755859375,1701.0,1685.0,1698.0,302,1778.0900024414063,1829.498000488281,21.388878370993396,False,0.0,0.0
2021-03-08,1704.699951171875,1705.4000244140625,1673.699951171875,1677.699951171875,1290,1771.429998779297,1825.7199999999998,21.802724145161775,False,0.0,0.0
2021-03-09,1686.199951171875,1717.5,1685.199951171875,1716.5999755859375,335,1765.6649963378907,1822.5580004882809,37.872716545827714,False,0.0,0.0
2021-03-10,1713.5999755859375,1722.9000244140625,1711.0,1721.5,412,1759.9749938964844,1819.3899999999996,38.58336094640236,False,0.0,0.0
2021-03-11,1725.5999755859375,1737.5,1720.199951171875,1722.300048828125,18,1754.0599975585938,1816.2920019531248,38.147981485547895,False,0.0,0.0
2021-03-12,1715.9000244140625,1722.5,1699.0,1719.5,80,1748.7899963378907,1813.0880029296873,27.935245932021203,False,0.0,0.0
2021-03-15,1729.5,1731.9000244140625,1722.800048828125,1728.9000244140625,147,1744.1549987792969,1809.8460034179684,31.55839571018973,False,0.0,0.0
2021-03-16,1732.300048828125,1733.9000244140625,1726.0,1730.5999755859375,729,1740.825,1806.5960034179684,33.41733864765391,False,0.0,0.0
2021-03-17,1735.300048828125,1750.0999755859375,1725.5999755859375,1726.800048828125,488,1738.6100036621094,1802.2380053710935,36.79246497254096,False,0.0,0.0
2021-03-18,1745.800048828125,1750.300048828125,1721.800048828125,1732.199951171875,138,1736.55,1797.8280053710935,51.4716359445995,False,0.0,0.0
2021-03-19,1742.199951171875,1742.199951171875,1733.5999755859375,1741.4000244140625,13,1734.8299987792968,1794.5180053710935,56.613023507714175,False,0.0,0.0
2021-03-22,1737.800048828125,1737.800048828125,1737.800048828125,1737.800048828125,51,1731.3850036621093,1791.0280053710935,51.72923929280073,False,0.0,0.0
2021-03-23,1724.699951171875,1724.699951171875,1724.699951171875,1724.699951171875,6,1727.4,1788.8400048828123,53.58227452381484,False,0.0,0.0
2021-03-24,1727.5,1732.9000244140625,1727.5,1732.9000244140625,26,1724.225,1786.506005859375,63.15367187584396,False,0.0,0.0
2021-03-25,1732.699951171875,1733.199951171875,1724.5,1724.9000244140625,15,1721.75,1784.146005859375,60.3381933061295,False,0.0,0.0
2021-03-26,1721.300048828125,1732.199951171875,1721.300048828125,1732.199951171875,33,1721.9549987792968,1781.7180053710938,73.27068938916942,False,0.0,0.0
2021-03-29,1712.0999755859375,1712.0999755859375,1712.0999755859375,1712.0999755859375,135457,1721.4349975585938,1778.95400390625,47.71108964153816,False,0.0,0.0
2021-03-30,1711.0,1712.5999755859375,1676.5,1683.9000244140625,25316,1718.975,1776.0460034179687,34.53948061882433,False,0.0,0.0
2021-03-31,1683.699951171875,1713.800048828125,1676.5,1713.800048828125,762,1718.9,1773.5320043945312,47.179826558037284,False,0.0,0.0
2021-04-01,1706.800048828125,1728.800048828125,1706.4000244140625,1726.5,720,1720.2150024414063,1770.74400390625,52.17932950957485,False,0.0,0.0
2021-04-05,1727.9000244140625,1729.699951171875,1721.9000244140625,1727.0,275,1721.6650024414062,1767.9780029296876,49.37375525558752,False,0.0,0.0
2021-04-06,1726.9000244140625,1744.800048828125,1726.9000244140625,1741.5,890,1724.8550048828124,1765.69400390625,53.313079788035324,False,0.0,0.0
2021-04-07,1742.699951171875,1742.699951171875,1733.699951171875,1740.0999755859375,557,1726.0300048828126,1763.3980029296874,54.1023839484669,False,0.0,0.0
2021-04-08,1736.0,1758.0,1734.5999755859375,1756.800048828125,1298,1727.7950073242187,1761.5200048828126,57.093447772394676,False,0.0,0.0
2021-04-09,1750.800048828125,1750.800048828125,1733.300048828125,1743.300048828125,484,1728.8450073242188,1759.4880053710938,50.53461554049923,False,0.0,0.0
2021-04-12,1740.800048828125,1740.800048828125,1726.699951171875,1731.199951171875,40,1729.4300048828125,1757.35400390625,48.227687773051734,False,0.0,0.0
2021-04-13,1733.800048828125,1746.9000244140625,1722.0999755859375,1746.199951171875,367,1730.2950012207032,1755.332001953125,55.71504222163959,False,0.0,0.0
2021-04-14,1741.300048828125,1745.9000244140625,1732.699951171875,1734.9000244140625,1037,1730.5100036621093,1752.8140014648438,50.52301268586678,False,0.0,0.0
2021-04-15,1740.0999755859375,1767.9000244140625,1740.0999755859375,1765.4000244140625,368,1732.4400024414062,1751.512001953125,59.475902960648455,False,0.0,0.0
2021-04-16,1770.4000244140625,1779.5,1770.0999755859375,1779.0,625,1734.7800048828126,1750.4480029296874,60.63637473366477,False,0.0,0.0
2021-04-19,1782.0999755859375,1788.5,1769.4000244140625,1769.4000244140625,144,1736.1800048828125,1750.0580029296875,63.67542931458831,False,0.0,0.0
2021-04-20,1769.300048828125,1777.300048828125,1765.5,1777.300048828125,1464,1738.1550048828126,1749.3860034179688,74.68287216107598,False,0.0,0.0
2021-04-21,1783.0,1794.0999755859375,1777.699951171875,1792.300048828125,250,1741.535009765625,1748.59400390625,72.51863970428599,False,0.0,0.0
2021-04-22,1794.199951171875,1794.199951171875,1779.5,1781.199951171875,159,1743.9500061035155,1747.512001953125,65.83667901269473,False,0.0,0.0
2021-04-23,1786.0999755859375,1794.5,1772.0,1777.0,332,1746.5550048828125,1746.2400024414062,64.1723238320635,True,0.0,0.0
2021-04-26,1778.0,1779.699951171875,1770.800048828125,1779.199951171875,549,1748.9050048828126,1745.3260009765625,61.486876519369076,True,0.0,0.0
2021-04-27,1780.0,1782.0,1777.699951171875,1778.0,117,1752.2000061035155,1744.4540014648437,61.56193373050245,True,0.0,0.0
2021-04-28,1768.199951171875,1774.0,1764.5999755859375,1773.199951171875,756,1756.6650024414062,1743.9740014648437,55.39470471833882,True,0.0,0.0
2021-04-29,1781.0,1789.0,1758.5999755859375,1768.0999755859375,196,1759.3799987792968,1743.9140014648438,58.6350734589683,True,0.0,0.0
2021-04-30,1771.800048828125,1771.800048828125,1763.9000244140625,1767.300048828125,18,1761.4200012207032,1743.792001953125,63.6432921203174,True,0.0,0.0
2021-05-03,1788.5,1793.0,1788.5,1791.4000244140625,18,1764.6400024414063,1744.1040014648438,65.9830776097318,True,0.0,0.0
2021-05-04,1788.199951171875,1788.5,1774.800048828125,1775.800048828125,182,1766.3550048828124,1743.4860034179687,64.03571461485808,True,0.0,0.0
2021-05-05,1781.5,1784.0999755859375,1779.199951171875,1784.0999755859375,57,1768.5550048828125,1743.0800024414064,57.57084540036176,True,0.0,0.0
2021-05-06,1788.9000244140625,1815.5,1787.5999755859375,1815.5,13,1771.4900024414062,1743.462001953125,62.915799876979214,True,0.0,0.0
2021-05-07,1842.9000244140625,1842.9000244140625,1831.0999755859373,1831.0999755859373,2,1775.8799987792968,1744.5960009765624,70.94366360592696,True,0.0,0.0
2021-05-10,1835.5999755859373,1845.5999755859373,1835.4000244140625,1837.5,13,1781.195001220703,1746.7840014648436,70.64472970348093,True,0.0,0.0
2021-05-11,1837.199951171875,1838.0999755859373,1831.5999755859373,1835.9000244140625,420,1785.6800048828125,1749.052001953125,66.46527490298436,True,0.0,0.0
2021-05-12,1825.199951171875,1825.199951171875,1821.699951171875,1822.5999755859373,3,1790.0650024414062,1750.842001953125,65.37894019903112,True,0.0,0.0
2021-05-13,1814.699951171875,1826.800048828125,1814.0999755859373,1823.800048828125,100,1792.9850036621094,1753.012001953125,67.78119335921915,True,0.0,0.0
2021-05-14,1824.5,1842.9000244140625,1824.5,1837.9000244140625,41,1795.9300048828125,1755.7660034179687,70.45300459103852,True,0.0,0.0
2021-05-17,1849.9000244140625,1867.5,1847.199951171875,1867.5,13,1800.8350036621093,1759.1560034179688,76.03259186879167,True,0.0,0.0
2021-05-18,1870.5,1870.5,1867.800048828125,1867.800048828125,3,1805.3600036621094,1762.9580053710938,78.25572068196064,True,0.0,0.0
2021-05-19,1866.4000244140625,1884.9000244140625,1863.5999755859373,1881.300048828125,348,1809.8100036621095,1766.2520068359374,82.19571115013466,True,0.0,0.0
2021-05-20,1865.5,1885.0,1864.800048828125,1881.800048828125,85,1814.8400085449218,1769.4580078125,82.62108262108254,True,0.0,0.0
2021-05-21,1872.0999755859373,1876.699951171875,1872.0999755859373,1876.699951171875,5,1819.8250061035155,1772.546005859375,77.2523515091856,True,0.0,0.0
2021-05-24,1882.0999755859373,1884.5999755859373,1882.0999755859373,1884.5999755859373,39,1825.0950073242188,1775.8480053710937,86.55907318549812,True,0.0,0.0
2021-05-25,1882.5,1898.0999755859373,1882.5,1898.0999755859373,56,1831.1000061035156,1779.2320043945313,87.01292833532807,True,0.0,0.0
2021-05-26,1901.300048828125,1901.300048828125,1901.300048828125,1901.300048828125,170526,1837.5050109863282,1782.646005859375,84.10168879711522,True,0.0,0.0
2021-05-27,1896.800048828125,1903.9000244140625,1888.199951171875,1895.699951171875,35794,1843.885009765625,1786.02400390625,77.89280831340116,True,0.0,0.0
2021-05-28,1897.5,1905.4000244140625,1881.9000244140625,1902.5,2415,1850.6450073242188,1789.4300048828125,77.96891315812132,True,0.0,0.0
2021-06-01,1905.0999755859373,1916.199951171875,1892.800048828125,1902.9000244140625,640,1856.2200073242188,1792.6600048828125,79.1303110975241,True,0.0,0.0
2021-06-02,1899.199951171875,1908.800048828125,1896.0,1907.5,1267,1862.8050048828125,1796.05400390625,89.93400420067226,True,0.0,0.0
2021-06-03,1908.800048828125,1908.800048828125,1865.0,1871.199951171875,1021,1867.1600036621094,1798.98400390625,66.76088097573104,True,0.0,0.0
2021-06-04,1869.300048828125,1895.5,1854.0,1889.800048828125,367,1870.8750061035157,1802.1220043945314,67.78610076663904,True,0.0,0.0
2021-06-07,1890.5,1899.699951171875,1883.199951171875,1896.800048828125,87,1874.160009765625,1805.5600048828126,61.88155766188354,True,0.0,0.0
2021-06-08,1896.5,1902.9000244140625,1890.0,1892.199951171875,930,1876.8950073242188,1808.7600048828126,59.56104635589264,True,0.0,0.0
2021-06-09,1894.9000244140625,1897.699951171875,1889.199951171875,1893.199951171875,148,1879.7600036621093,1812.3820043945314,55.16934915961752,True,0.0,0.0
2021-06-10,1887.699951171875,1899.800048828125,1871.5,1894.199951171875,186,1883.3400024414063,1816.5880029296875,55.36325237592397,True,0.0,0.0
2021-06-11,1900.9000244140625,1902.300048828125,1875.199951171875,1877.4000244140625,349,1886.020001220703,1819.8600024414063,50.27496895511798,True,0.0,0.0
2021-06-14,1866.199951171875,1866.5999755859373,1846.5,1864.0,41,1887.325,1822.6100024414063,42.24400933540838,True,0.0,0.0
2021-06-15,1866.4000244140625,1867.199951171875,1854.4000244140625,1854.5,78,1886.675,1825.1600024414063,33.07459817861836,True,0.0,0.0
2021-06-16,1859.4000244140625,1860.0999755859373,1809.199951171875,1859.5,117,1886.2599975585938,1827.5200024414062,33.99696040109245,True,0.0,0.0
2021-06-17,1811.800048828125,1823.300048828125,1769.5999755859375,1773.800048828125,1135,1880.8849975585938,1828.19400390625,21.072665081550085,True,0.0,0.0
2021-06-18,1775.699951171875,1792.4000244140625,1767.9000244140625,1767.9000244140625,354,1875.1899963378905,1828.4160034179688,17.921862263139857,True,0.0,0.0
2021-06-21,1768.800048828125,1785.199951171875,1766.800048828125,1781.800048828125,38,1870.445001220703,1829.1860034179688,22.884038758524554,True,0.0,0.0
2021-06-22,1783.4000244140625,1786.9000244140625,1775.9000244140625,1776.300048828125,101,1865.0300048828126,1830.0880053710937,20.740446726863283,True,0.0,0.0
2021-06-23,1780.699951171875,1793.199951171875,1780.5999755859375,1782.300048828125,136,1859.240008544922,1830.8100073242188,27.075854774840565,True,0.0,0.0
2021-06-24,1778.9000244140625,1786.4000244140625,1775.5999755859375,1775.5999755859375,78,1852.9550048828125,1831.6240063476562,18.626374547686197,True,0.0,0.0
2021-06-25,1777.699951171875,1788.0,1775.199951171875,1776.5999755859375,35,1847.0000061035157,1831.8480053710937,15.8522756040569,True,0.0,0.0
2021-06-28,1779.5999755859375,1779.5999755859375,1779.5999755859375,1779.5999755859375,888,1840.8550048828124,1831.8600048828125,17.717901426836562,True,0.0,0.0
2021-06-29,1776.800048828125,1777.0999755859375,1752.0999755859375,1762.800048828125,419,1833.8500061035156,1831.7280053710938,15.720311298630776,True,0.0,0.0
2021-06-30,1761.0999755859375,1770.800048828125,1759.199951171875,1770.800048828125,51,1827.0150085449218,1831.5980053710937,18.711984559215878,False,0.0,0.0
2021-07-01,1775.699951171875,1781.199951171875,1768.800048828125,1775.9000244140625,44,1822.2500122070312,1831.2700048828126,22.64150943396227,False,0.0,0.0
2021-07-02,1778.699951171875,1787.9000244140625,1778.300048828125,1782.5999755859375,23,1816.8900085449218,1831.2980053710937,27.237120313723565,False,0.0,0.0
2021-07-06,1786.699951171875,1809.800048828125,1786.699951171875,1793.5,332,1811.7250061035156,1831.6280053710936,33.07435723392119,False,0.0,0.0
2021-07-07,1798.699951171875,1808.4000244140625,1797.199951171875,1801.5,244,1807.190008544922,1832.0740063476562,34.17030145778111,False,0.0,0.0
2021-07-08,1797.0,1818.5,1797.0,1799.5999755859375,148,1802.510009765625,1832.506005859375,62.97782717353261,False,0.0,0.0
2021-07-09,1803.5999755859373,1810.0999755859373,1798.800048828125,1810.0,218,1798.3000122070312,1833.2420068359374,70.25984874563679,False,0.0,0.0
2021-07-12,1802.5999755859373,1805.5,1799.5,1805.5,147,1794.705010986328,1833.9900073242188,62.539656704695766,False,0.0,0.0
2021-07-13,1808.0999755859373,1812.0,1800.5999755859375,1809.4000244140625,78,1791.9750122070313,1834.8320068359376,67.8148368607571,False,0.0,0.0
2021-07-14,1813.0999755859373,1829.0,1813.0999755859373,1824.300048828125,707,1790.4650146484375,1835.4900073242188,70.62867379902296,False,0.0,0.0
2021-07-15,1831.5999755859373,1833.0,1823.4000244140625,1828.4000244140625,99,1788.9100158691406,1836.5420068359374,76.61294093615179,False,0.0,0.0
2021-07-16,1830.0999755859373,1831.4000244140625,1814.5,1814.5,78,1790.9450134277345,1837.1500073242187,66.90456408039437,False,0.0,0.0
2021-07-19,1803.300048828125,1813.4000244140625,1803.300048828125,1808.699951171875,33,1792.985009765625,1837.0140063476563,62.66317206385901,False,0.0,0.0
2021-07-20,1812.9000244140625,1824.0,1810.9000244140625,1810.9000244140625,128,1794.440008544922,1836.6100073242187,73.9780127765898,False,0.0,0.0
2021-07-21,1807.0,1807.0,1800.0,1802.9000244140625,135,1795.7700073242188,1835.9180078125,66.00195458213202,False,0.0,0.0
2021-07-22,1793.5999755859375,1805.0,1793.5999755859375,1805.0,2,1796.9050048828126,1835.3000073242188,64.95371247410871,False,0.0,0.0
2021-07-23,1800.0,1801.4000244140625,1800.0,1801.4000244140625,1,1798.1950073242188,1834.8760083007812,59.97877380495744,False,0.0,0.0
2021-07-26,1802.5,1802.5,1797.199951171875,1798.699951171875,17,1799.3000061035157,1834.3740063476562,53.0232188430606,False,0.0,0.0
2021-07-27,1803.699951171875,1803.699951171875,1799.5,1799.5,1,1800.2950073242187,1833.606005859375,48.73096918510624,False,0.0,0.0
2021-07-28,1799.5,1799.5,1799.5,1799.5,209783,1802.1300048828125,1832.246005859375,49.934996595059744,False,0.0,0.0
2021-07-29,1806.5999755859373,1832.5999755859373,1806.0999755859373,1831.199951171875,30496,1805.15,1831.51400390625,60.794251021808535,False,0.0,0.0
2021-07-30,1828.0,1830.5,1808.9000244140625,1812.5999755859373,3100,1806.9849975585937,1830.1400024414063,53.161159742293876,False,0.0,0.0
2021-08-02,1812.4000244140625,1818.699951171875,1804.800048828125,1818.0999755859373,1334,1808.7599975585938,1828.8660009765624,53.81911324980966,False,0.0,0.0
2021-08-03,1812.300048828125,1813.5,1806.0,1810.0999755859373,3341,1809.5899963378906,1827.5340014648436,43.3644593261041,False,0.0,0.0
2021-08-04,1809.300048828125,1831.300048828125,1806.300048828125,1810.5,2860,1810.0399963378907,1826.052001953125,41.33591732792904,False,0.0,0.0
2021-08-05,1810.800048828125,1813.699951171875,1796.0,1805.0999755859373,588,1810.3149963378905,1824.192001953125,45.04219015378506,False,0.0,0.0
2021-08-06,1799.800048828125,1800.0999755859375,1758.4000244140625,1760.0,859,1807.8149963378905,1821.3660009765624,31.84194045230619,False,0.0,0.0
2021-08-09,1753.5,1753.800048828125,1692.5999755859375,1723.4000244140625,1621,1803.7099975585938,1817.9200024414063,24.03560830860542,False,0.0,0.0
2021-08-10,1728.5999755859375,1735.199951171875,1720.0999755859375,1728.800048828125,1363,1799.679998779297,1814.4460034179688,27.667280083999728,False,0.0,0.0
2021-08-11,1727.300048828125,1752.199951171875,1727.300048828125,1750.4000244140625,542,1795.9849975585937,1811.3960034179688,35.275089429331274,False,0.0,0.0
2021-08-12,1749.699951171875,1752.4000244140625,1745.5,1749.0,739,1792.0149963378906,1808.2260034179687,35.69868901067785,False,0.0,0.0
2021-08-13,1758.300048828125,1777.300048828125,1757.4000244140625,1775.199951171875,436,1790.0499938964845,1806.3060034179687,44.31543165182965,False,0.0,0.0
2021-08-16,1776.9000244140625,1787.800048828125,1771.9000244140625,1786.9000244140625,219,1788.9599975585938,1804.2480029296876,47.10478469677922,False,0.0,0.0
2021-08-17,1787.699951171875,1794.199951171875,1780.0,1785.0,200,1787.6649963378907,1802.012001953125,46.697038724373584,False,0.0,0.0
2021-08-18,1787.800048828125,1791.5,1779.0,1781.5999755859375,263,1786.5999938964844,1799.8000024414061,37.02930005599147,False,0.0,0.0
2021-08-19,1780.0,1789.300048828125,1775.5,1780.199951171875,245,1785.3599914550782,1797.5400024414062,40.689654688584206,False,0.0,0.0
2021-08-20,1784.0999755859375,1787.5,1778.199951171875,1781.0,235,1784.339990234375,1795.2760034179687,39.04313699476614,False,0.0,0.0
2021-08-23,1776.800048828125,1804.800048828125,1776.800048828125,1803.199951171875,32,1784.564990234375,1793.792001953125,48.11988560655607,False,0.0,0.0
2021-08-24,1801.0,1805.5999755859373,1801.0,1805.5999755859373,22,1784.8699890136718,1792.6240014648438,48.67923957154988,False,0.0,0.0
2021-08-25,1792.0,1792.9000244140625,1784.0,1788.199951171875,812,1784.3049865722655,1791.2980004882813,45.72151545100167,False,0.0,0.0
2021-08-26,1787.4000244140625,1792.199951171875,1781.0,1792.199951171875,61,1782.3549865722657,1789.9519995117187,60.29409239558865,False,0.0,0.0
2021-08-27,1803.4000244140625,1816.5999755859373,1803.0999755859373,1816.5999755859373,1219,1782.5549865722655,1790.807998046875,82.3161667603498,False,0.0,0.0
2021-08-30,1818.199951171875,1820.300048828125,1807.800048828125,1809.0,684,1782.0999877929687,1791.6299975585937,77.39066629978922,False,0.0,0.0
2021-08-31,1815.9000244140625,1815.9000244140625,1801.0999755859375,1815.0,82,1782.344989013672,1792.2939965820312,74.6941480053944,False,0.0,0.0
2021-09-01,1813.5,1815.9000244140625,1809.5,1813.0999755859373,114,1782.4749877929687,1793.0299951171876,74.40970759875088,False,0.0,0.0
2021-09-02,1813.199951171875,1813.9000244140625,1806.800048828125,1808.699951171875,26,1782.6549865722657,1793.5579931640625,65.2967695473711,False,0.0,0.0
2021-09-03,1820.9000244140625,1833.9000244140625,1818.9000244140625,1830.9000244140625,53,1786.1999877929688,1794.663994140625,68.3332960341472,False,0.0,0.0
2021-09-07,1825.699951171875,1825.699951171875,1792.699951171875,1795.9000244140625,48,1789.8249877929688,1795.0499951171876,53.55976772389029,False,0.0,0.0
2021-09-08,1781.699951171875,1790.699951171875,1781.699951171875,1790.699951171875,69,1792.9199829101562,1795.2719946289062,52.93736598097789,False,0.0,0.0
2021-09-09,1798.699951171875,1798.699951171875,1787.9000244140625,1797.4000244140625,49,1795.2699829101562,1795.963994140625,55.368301862063895,False,0.0,0.0
2021-09-10,1789.5999755859375,1789.5999755859375,1789.5999755859375,1789.5999755859375,0,1797.299981689453,1796.3399926757813,52.57175815230288,True,0.0,0.0
2021-09-13,1789.800048828125,1796.0,1784.0,1792.0,533,1798.1399841308594,1796.6619921875,46.20084074255652,True,0.0,0.0
2021-09-14,1791.4000244140625,1806.199951171875,1783.0,1804.699951171875,764,1799.02998046875,1797.1039916992188,49.71464089958757,True,0.0,0.0
2021-09-15,1803.699951171875,1803.699951171875,1792.4000244140625,1792.4000244140625,59,1799.3999816894532,1797.0819921875,51.37616880556051,True,0.0,0.0
2021-09-16,1792.9000244140625,1792.9000244140625,1743.9000244140625,1754.5999755859375,1645,1798.049981689453,1796.1439916992188,39.9141841700442,True,0.0,0.0
2021-09-17,1758.800048828125,1763.0,1749.4000244140625,1749.4000244140625,581,1796.5099853515626,1795.1399926757813,29.904344296285956,True,0.0,0.0
2021-09-20,1751.800048828125,1761.800048828125,1750.9000244140625,1761.800048828125,185,1795.5499877929688,1794.1759936523438,36.27910343740996,True,0.0,0.0
2021-09-21,1762.199951171875,1776.0,1759.0,1776.0,106,1794.189990234375,1793.5859936523439,39.178702072889855,True,1.0,1.0
2021-09-22,1776.699951171875,1784.300048828125,1767.0,1776.699951171875,17,1792.7449890136718,1792.9319921875,39.83240234893132,False,1.0,0.0
2021-09-23,1766.800048828125,1766.800048828125,1738.199951171875,1747.699951171875,31,1790.719989013672,1791.399990234375,35.01965355070952,False,0.0,-1.0
2021-09-24,1749.699951171875,1749.699951171875,1745.0,1749.699951171875,76,1788.594989013672,1789.8259887695312,27.862578398882334,False,0.0,0.0
2021-09-27,1751.699951171875,1754.4000244140625,1747.5,1750.0,808,1785.264990234375,1788.5359887695313,34.56624014592607,False,0.0,0.0
2021-09-28,1739.5999755859375,1741.699951171875,1726.800048828125,1735.800048828125,15748,1781.6049926757812,1787.0779907226563,32.593557595995904,False,0.0,0.0
2021-09-29,1732.4000244140625,1744.0999755859375,1721.4000244140625,1721.5,6634,1776.9299926757812,1785.289990234375,27.041724729477153,False,0.0,0.0
2021-09-30,1725.5,1760.300048828125,1724.5,1755.300048828125,997,1774.0399963378907,1784.3379907226563,41.03503923416642,False,0.0,0.0
2021-10-01,1754.300048828125,1762.5999755859375,1748.5,1757.0,2220,1771.4549987792968,1783.3779907226562,40.81846093939133,False,0.0,0.0
2021-10-04,1764.5,1768.9000244140625,1749.5,1766.199951171875,417,1768.2199951171874,1782.6739892578125,39.71137623130613,False,0.0,0.0
2021-10-05,1764.300048828125,1764.300048828125,1749.0,1759.5999755859375,98,1766.4049926757812,1781.8919897460937,40.95918784841201,False,0.0,0.0
2021-10-06,1759.300048828125,1762.9000244140625,1744.699951171875,1760.5,56,1764.8949951171876,1781.1119897460937,52.04153266376232,False,0.0,0.0
2021-10-07,1762.4000244140625,1762.4000244140625,1752.800048828125,1757.9000244140625,336,1762.9199951171875,1780.279990234375,52.99506900977595,False,0.0,0.0
2021-10-08,1757.0,1780.0,1754.199951171875,1756.300048828125,254,1761.2549987792968,1778.7819921875,47.90236226337793,False,0.0,0.0
2021-10-11,1756.5999755859375,1757.800048828125,1752.199951171875,1754.5999755859375,128,1759.3849975585938,1777.6219921875,40.97806542187859,False,0.0,0.0
2021-10-12,1751.9000244140625,1768.0,1749.800048828125,1758.300048828125,139,1757.0650024414062,1776.4259936523438,42.43425675702807,False,0.0,0.0
2021-10-13,1760.800048828125,1794.5,1760.800048828125,1793.699951171875,150,1757.1299987792968,1776.0979931640625,67.96875,False,0.0,0.0
2021-10-14,1792.199951171875,1799.9000244140625,1792.0,1796.699951171875,337,1759.2349975585937,1775.8219921875,68.2170542635659,False,0.0,0.0
2021-10-15,1794.5,1795.4000244140625,1766.5999755859375,1767.199951171875,874,1760.1249938964843,1775.0639916992188,55.43614300904185,False,0.0,0.0
2021-10-18,1761.5999755859375,1770.0999755859375,1759.5,1764.800048828125,266,1760.2749938964844,1775.1599926757813,59.90437819142372,False,0.0,0.0
2021-10-19,1777.5999755859375,1785.0,1767.5,1769.699951171875,51,1759.9599914550781,1776.0859912109374,67.59125440389485,False,0.0,0.0
2021-10-20,1774.5999755859375,1785.5999755859375,1774.0,1784.0999755859375,127,1760.3299926757813,1777.1919897460937,62.24489478158603,False,0.0,0.0
2021-10-21,1782.0,1785.699951171875,1781.0,1781.199951171875,146,1762.0049926757813,1777.80798828125,60.1851813795201,False,0.0,0.0
2021-10-22,1787.0999755859375,1806.9000244140625,1784.0,1795.5,532,1764.2949951171875,1778.73798828125,61.82408067878635,False,0.0,0.0
2021-10-25,1794.300048828125,1809.0,1794.0,1806.0,140,1767.0949951171874,1779.3539892578126,68.1533845876113,False,0.0,0.0
2021-10-26,1808.800048828125,1808.800048828125,1788.5999755859375,1792.699951171875,359,1769.939990234375,1779.4699877929688,61.48358145018189,False,0.0,0.0
2021-10-27,1791.5,1798.0999755859375,1791.5,1797.9000244140625,543,1773.759991455078,1779.72798828125,64.00559745191131,False,0.0,0.0
2021-10-28,1795.5,1807.300048828125,1795.5,1801.5999755859373,452,1776.0749877929688,1780.12798828125,65.63144207221265,False,0.0,0.0
2021-10-29,1793.0999755859375,1797.0,1774.5999755859375,1783.0,583,1777.3749877929688,1780.1839892578125,58.77627851357828,False,0.0,0.0
2021-11-01,1787.5,1795.0999755859375,1786.699951171875,1795.0999755859375,142,1778.8199890136718,1780.4659887695314,60.81080014946818,False,0.0,0.0
2021-11-02,1790.5,1795.5,1787.699951171875,1788.699951171875,213,1780.2749877929687,1780.1759887695312,48.22946114410699,True,0.0,0.0
2021-11-03,1768.0,1768.0,1761.800048828125,1763.5999755859375,108,1780.4299865722655,1779.3359887695312,39.86528155795574,True,0.0,0.0
2021-11-04,1776.5999755859375,1798.199951171875,1776.199951171875,1793.0,103,1782.1849853515625,1779.4319897460937,57.904429089244516,True,0.0,0.0
2021-11-05,1794.9000244140625,1817.0999755859373,1794.9000244140625,1816.4000244140625,239,1785.1899841308593,1779.9159912109376,64.00650246161781,True,0.0,0.0
2021-11-08,1817.0,1827.4000244140625,1816.9000244140625,1827.4000244140625,261,1788.8299865722656,1780.1319921875,65.16027888198323,True,0.0,0.0
2021-11-09,1826.0999755859373,1832.699951171875,1820.699951171875,1830.199951171875,170,1792.424981689453,1780.5559912109375,62.8987008089973,True,0.0,0.0
2021-11-10,1825.800048828125,1865.0,1824.9000244140625,1847.5999755859373,795,1795.1199829101563,1781.2079907226562,67.18426481413033,True,0.0,0.0
2021-11-11,1853.9000244140625,1866.5,1853.9000244140625,1863.199951171875,292,1798.4449829101563,1782.209990234375,67.40358641950519,True,0.0,0.0
2021-11-12,1860.800048828125,1867.9000244140625,1847.5999755859373,1867.9000244140625,210,1803.4799865722657,1783.3939916992188,66.40169591630654,True,0.0,0.0
2021-11-15,1864.5,1866.9000244140625,1864.5,1866.0999755859373,87,1808.5449829101558,1784.0979907226563,70.71105927640988,True,0.0,0.0
2021-11-16,1853.5999755859373,1853.5999755859373,1853.5999755859373,1853.5999755859373,1,1812.739984130859,1785.2519897460938,65.09483771595524,True,0.0,0.0
2021-11-17,1862.5999755859373,1869.699951171875,1862.5999755859373,1869.699951171875,2,1817.019982910156,1786.8319897460938,67.29303380956665,True,0.0,0.0
2021-11-18,1861.0,1861.0,1861.0,1861.0,9,1821.0099853515621,1788.1039892578126,70.85561497326198,True,0.0,0.0
2021-11-19,1851.199951171875,1851.199951171875,1851.199951171875,1851.199951171875,21,1823.7949829101558,1789.3359887695312,65.1867767568171,True,0.0,0.0
2021-11-22,1841.5999755859373,1841.5999755859373,1805.699951171875,1806.0,14,1823.7949829101558,1789.6159887695312,53.87025700852907,True,0.0,0.0
2021-11-23,1795.5,1795.5,1783.5,1783.5,264,1823.3349853515622,1789.1919897460937,54.50430561672578,True,0.0,0.0
2021-11-24,1793.0,1793.0,1781.4000244140625,1784.0999755859375,188,1822.644982910156,1789.0259887695313,47.6834915291072,True,0.0,0.0
2021-11-26,1791.0999755859375,1791.4000244140625,1785.300048828125,1785.300048828125,186800,1821.8299865722652,1789.639990234375,40.84756588670529,True,0.0,0.0
2021-11-29,1791.699951171875,1798.9000244140625,1779.0999755859375,1782.300048828125,26926,1821.7949890136715,1790.2979907226563,36.07165880636518,True,0.0,0.0
2021-11-30,1783.9000244140625,1808.0999755859373,1768.699951171875,1773.5999755859375,4903,1820.7199890136715,1790.5339892578124,33.134708599255546,True,0.0,0.0
2021-12-01,1774.800048828125,1790.5,1772.300048828125,1781.5999755859375,1128,1820.3649902343745,1790.6459887695312,29.166685932796824,True,0.0,0.0
2021-12-02,1780.9000244140625,1780.9000244140625,1760.5999755859375,1760.699951171875,1557,1820.2199890136715,1790.3259887695312,18.692767957811682,True,0.0,0.0
2021-12-03,1767.5,1785.0999755859375,1766.5,1782.0,694,1819.6699890136715,1791.0119897460938,26.17860704567788,True,0.0,0.0
2021-12-06,1780.199951171875,1783.0,1777.199951171875,1777.5,381,1817.7249877929685,1791.5679907226563,25.792372545004326,True,0.0,0.0
2021-12-07,1779.5,1786.0999755859375,1772.300048828125,1782.5999755859375,308,1815.484985351562,1792.219990234375,29.783610331758652,True,0.0,0.0
2021-12-08,1789.9000244140625,1789.9000244140625,1779.0,1783.4000244140625,1383,1813.1449890136714,1793.1719897460937,23.081773314985995,True,0.0,0.0
2021-12-09,1783.5,1783.5,1771.800048828125,1774.5999755859375,455,1809.4949890136718,1794.2339892578125,23.06736915324896,True,0.0,0.0
2021-12-10,1773.800048828125,1785.4000244140625,1769.0999755859375,1782.9000244140625,545,1805.4799926757812,1794.7859887695313,28.508555278398973,True,0.0,0.0
2021-12-13,1784.4000244140625,1787.0999755859375,1783.800048828125,1786.300048828125,206,1801.3999938964844,1795.3719897460937,41.58843139585066,True,0.0,0.0
2021-12-14,1787.0,1787.0,1769.0,1770.4000244140625,322,1796.6149963378907,1795.4559912109376,44.07242888185069,True,1.0,1.0
2021-12-15,1767.4000244140625,1778.699951171875,1753.9000244140625,1762.5999755859375,283,1792.0649963378905,1795.5159912109375,40.86664412643823,False,1.0,0.0
2021-12-16,1781.0,1798.0999755859375,1781.0,1796.5999755859375,21,1788.4099975585937,1796.2379907226561,53.75411935608675,False,0.0,-1.0
2021-12-17,1804.0,1812.9000244140625,1803.800048828125,1803.800048828125,654,1785.55,1797.1559912109376,56.94891367988473,False,0.0,0.0
2021-12-20,1796.800048828125,1799.800048828125,1792.0,1793.699951171875,226,1782.675,1797.9039892578126,56.438153701784906,False,0.0,0.0
2021-12-21,1791.4000244140625,1796.5,1787.9000244140625,1787.9000244140625,575,1781.770001220703,1798.569990234375,52.046794294199024,False,0.0,0.0
2021-12-22,1786.0,1805.199951171875,1785.5,1801.5999755859373,567,1782.675,1799.4359887695311,63.93999179542818,False,0.0,0.0
2021-12-23,1806.0,1811.199951171875,1800.800048828125,1811.199951171875,193,1784.0299987792969,1799.7859887695313,60.81477717235031,False,0.0,0.0
2021-12-27,1810.0,1812.0999755859373,1807.0,1808.0999755859373,150,1785.1699951171875,1800.0139892578125,61.45206783662696,False,0.0,0.0
2021-12-28,1812.0,1818.0,1805.5,1810.199951171875,146,1786.564990234375,1800.8739892578126,60.56658849568685,False,0.0,0.0
2021-12-29,1803.199951171875,1805.0999755859373,1791.4000244140625,1805.0999755859373,623,1788.139990234375,1801.6799877929689,58.04296797942621,False,0.0,0.0
2021-12-30,1801.699951171875,1816.0,1796.0,1812.699951171875,306,1789.6949890136718,1802.5399877929688,64.24830019237238,False,0.0,0.0
2021-12-31,1825.0999755859373,1827.800048828125,1821.4000244140625,1827.5,80,1793.0349914550782,1803.40798828125,65.90583177117651,False,0.0,0.0
2022-01-03,1830.0999755859373,1830.0999755859373,1798.800048828125,1799.4000244140625,116,1793.9049926757812,1803.7719897460938,53.972096314868786,False,0.0,0.0
2022-01-04,1800.5,1815.300048828125,1800.0,1814.0,38,1795.7299926757812,1804.1419897460937,63.32517790109162,False,0.0,0.0
2022-01-05,1813.0999755859373,1824.5999755859373,1813.0999755859373,1824.5999755859373,8,1797.8299926757813,1804.5139892578125,68.62981862571034,False,0.0,0.0
2022-01-06,1787.0999755859375,1791.300048828125,1787.0999755859375,1788.699951171875,30,1798.094989013672,1804.4339892578125,47.65299231964884,False,0.0,0.0
2022-01-07,1791.800048828125,1797.0,1784.4000244140625,1797.0,17,1799.214990234375,1804.4159887695312,47.99290060559593,False,0.0,0.0
2022-01-10,1794.9000244140625,1798.699951171875,1790.4000244140625,1798.4000244140625,534,1799.989990234375,1804.3519897460938,51.46237655275197,False,0.0,0.0
2022-01-11,1803.9000244140625,1822.5,1803.0,1818.5999755859373,743,1801.6049865722657,1805.0639892578124,58.76641257987552,False,0.0,0.0
2022-01-12,1819.0,1827.199951171875,1816.9000244140625,1827.199951171875,1547,1804.4449829101563,1805.7059887695314,57.52940999067243,False,0.0,0.0
2022-01-13,1819.800048828125,1823.0,1815.4000244140625,1821.199951171875,40,1807.374981689453,1806.3559887695312,53.00480945575974,True,0.0,0.0
2022-01-14,1821.5,1822.0,1816.5,1816.5,816,1808.3699829101563,1807.4139892578125,52.500009082619194,True,0.0,0.0
2022-01-18,1816.800048828125,1820.0999755859373,1812.300048828125,1812.300048828125,900,1808.7949829101562,1807.799990234375,50.617313187767415,True,0.0,0.0
2022-01-19,1817.4000244140625,1843.0999755859373,1817.4000244140625,1843.0999755859373,4,1811.2649841308594,1808.3339892578124,59.70378904632943,True,0.0,0.0
2022-01-20,1840.5999755859373,1843.0,1838.199951171875,1842.5,20,1813.9949829101563,1808.6359887695312,57.89197024791683,True,0.0,0.0
2022-01-21,1838.0,1842.4000244140625,1828.9000244140625,1831.800048828125,19,1815.5049865722656,1808.6679907226562,51.16406487515366,True,0.0,0.0
2022-01-24,1837.9000244140625,1842.0999755859373,1837.9000244140625,1841.699951171875,8,1817.0299865722657,1808.549990234375,62.70270864721609,True,0.0,0.0
2022-01-25,1843.0,1852.699951171875,1842.0,1852.699951171875,11,1819.2599853515626,1808.339990234375,61.878462974925014,True,0.0,0.0
2022-01-26,1829.9000244140625,1829.9000244140625,1829.9000244140625,1829.9000244140625,55,1820.2449890136718,1807.579990234375,51.51343822154807,True,0.0,0.0
2022-01-27,1793.300048828125,1793.300048828125,1793.300048828125,1793.300048828125,196036,1819.6549926757812,1806.1239916992188,51.30833593722876,True,0.0,0.0
2022-01-28,1797.5,1798.4000244140625,1778.800048828125,1784.9000244140625,28521,1818.2649963378906,1804.7499926757812,46.560543634179496,True,0.0,0.0
2022-01-31,1788.5,1798.5,1785.0999755859375,1795.0,1735,1816.6399963378906,1803.2559936523437,49.079080753769745,True,0.0,0.0
2022-02-01,1797.199951171875,1806.0999755859373,1797.0999755859375,1800.300048828125,223,1816.6849975585938,1802.0419946289062,44.608140390554084,True,0.0,0.0
2022-02-02,1797.800048828125,1810.0999755859373,1795.0999755859375,1809.199951171875,1690,1816.4449951171875,1801.2019946289063,44.705867146907,True,0.0,0.0
2022-02-03,1805.800048828125,1808.0999755859373,1787.9000244140625,1803.0,466,1815.3649963378907,1801.1419946289063,44.65334647278797,True,0.0,0.0
2022-02-04,1806.0,1813.699951171875,1792.5,1806.5999755859373,571,1816.2599975585938,1801.603994140625,47.0727219307813,True,0.0,0.0
2022-02-07,1812.199951171875,1821.300048828125,1809.0999755859373,1820.5999755859373,601,1817.4399963378905,1802.333994140625,52.31971723829697,True,0.0,0.0
2022-02-08,1818.9000244140625,1827.5999755859373,1815.0,1826.5999755859373,108,1818.8499938964844,1803.1599926757813,44.646319978706934,True,0.0,0.0
2022-02-09,1825.4000244140625,1835.199951171875,1825.300048828125,1835.199951171875,683,1819.6799926757812,1804.2179907226562,47.74828302909814,True,0.0,0.0
2022-02-10,1833.300048828125,1842.0999755859373,1820.800048828125,1836.199951171875,365,1820.1299926757813,1805.469990234375,51.44354075187152,True,0.0,0.0
2022-02-11,1822.0,1864.800048828125,1822.0,1840.800048828125,181,1821.1099975585937,1806.6539916992188,49.69411854524572,True,0.0,0.0
2022-02-14,1861.800048828125,1870.5999755859373,1854.5999755859373,1868.0,79,1823.6849975585938,1808.7999926757811,54.68465006966912,True,0.0,0.0
2022-02-15,1872.5999755859373,1879.699951171875,1847.4000244140625,1854.800048828125,86,1825.8099975585938,1810.2559936523437,58.10021213413612,True,0.0,0.0
2022-02-16,1858.699951171875,1870.199951171875,1856.300048828125,1870.199951171875,34,1827.1649963378907,1812.1099926757813,79.0188845424612,True,0.0,0.0
2022-02-17,1876.300048828125,1900.699951171875,1876.199951171875,1900.699951171875,393,1830.0749938964843,1814.4719921875,87.451529079394,True,0.0,0.0
2022-02-18,1899.4000244140625,1899.4000244140625,1890.699951171875,1898.5999755859373,51,1833.414990234375,1816.7759912109375,85.33429923934888,True,0.0,0.0
2022-02-22,1908.0999755859373,1912.0,1890.800048828125,1906.0999755859373,173,1836.634991455078,1819.4059912109376,85.55112648660698,True,0.0,0.0
2022-02-23,1896.5999755859373,1910.5999755859373,1895.699951171875,1909.199951171875,73,1839.4599914550781,1821.9319897460937,84.9650946601402,True,0.0,0.0
2022-02-24,1911.9000244140625,1972.5,1911.699951171875,1925.0999755859373,2706,1844.219989013672,1824.70798828125,89.98039038561298,True,0.0,0.0
2022-02-25,1906.9000244140625,1920.0,1883.5999755859373,1886.5,586,1848.8799865722656,1827.0299877929688,71.28398965425524,True,0.0,0.0
2022-02-28,1928.300048828125,1928.4000244140625,1894.199951171875,1899.4000244140625,390,1854.6049865722657,1829.7659887695313,71.11471347471524,True,0.0,0.0
2022-03-01,1908.300048828125,1942.4000244140625,1903.800048828125,1942.4000244140625,547,1861.9749877929687,1832.6819897460937,75.8944822653994,True,0.0,0.0
2022-03-02,1945.5999755859373,1948.199951171875,1919.800048828125,1920.9000244140625,109,1868.0049865722656,1835.0239892578124,68.1184180711642,True,0.0,0.0
2022-03-03,1930.5,1940.300048828125,1924.800048828125,1934.4000244140625,122,1874.264990234375,1837.8379907226563,69.71889987631182,True,0.0,0.0
2022-03-04,1937.0,1970.9000244140625,1935.5999755859373,1965.0999755859373,47,1882.3699890136718,1841.3819897460937,72.59179354788323,True,0.0,0.0
2022-03-07,1989.0,2001.0999755859373,1963.0,1993.9000244140625,2516,1891.7349914550782,1845.2279907226562,72.75028951460808,True,0.0,0.0
2022-03-08,1999.4000244140625,2072.0,1998.0,2040.0999755859373,1813,1902.7099914550781,1849.8059912109375,79.91605247173796,True,0.0,0.0
2022-03-09,2053.60009765625,2063.0,1980.800048828125,1985.9000244140625,1022,1910.6749938964845,1853.3619921875,66.59972937860412,True,0.0,0.0
2022-03-10,1978.0999755859373,2010.5,1978.0999755859373,1998.0999755859373,670,1918.8199951171875,1857.1199926757813,64.74864851975806,True,0.0,0.0
2022-03-11,1985.0,1996.0,1959.9000244140625,1982.699951171875,865,1926.1449951171876,1860.6719921875,62.24163107317796,True,0.0,0.0
2022-03-14,1976.5,1977.699951171875,1959.5999755859373,1959.5999755859373,145,1932.0849914550781,1863.6099926757813,57.44918154048652,True,0.0,0.0
2022-03-15,1939.800048828125,1939.9000244140625,1910.699951171875,1928.5,71,1935.1099914550782,1865.6299926757813,52.4929031427993,True,0.0,0.0
2022-03-16,1922.4000244140625,1922.4000244140625,1907.199951171875,1908.0,104,1937.7699890136719,1867.8019921875,47.81720921028235,True,0.0,0.0
2022-03-17,1933.9000244140625,1947.199951171875,1933.9000244140625,1942.0999755859373,39,1941.364990234375,1870.3639916992188,57.179752082400015,True,0.0,0.0
2022-03-18,1934.5,1939.300048828125,1928.199951171875,1928.199951171875,28,1942.739990234375,1872.4359912109376,53.70942032927555,True,0.0,0.0
2022-03-21,1925.4000244140625,1928.5999755859373,1925.0,1928.5999755859373,5,1944.239990234375,1875.2339916992187,48.00346431172584,True,0.0,0.0
2022-03-22,1920.699951171875,1920.699951171875,1920.699951171875,1920.699951171875,26,1944.969989013672,1877.7079907226562,49.96986847654356,True,0.0,0.0
2022-03-23,1936.5999755859373,1936.5999755859373,1936.5999755859373,1936.5999755859373,204,1946.339990234375,1880.4719897460936,50.3289401636268,True,0.0,0.0
2022-03-24,1963.5999755859373,1964.0,1961.5999755859373,1961.5999755859373,8,1948.164990234375,1883.3319897460938,49.46759955583779,True,0.0,0.0
2022-03-25,1953.800048828125,1953.800048828125,1953.800048828125,1953.800048828125,83,1951.5299926757812,1885.8639916992188,43.483913250289454,True,0.0,0.0
2022-03-28,1932.5999755859373,1939.5999755859373,1932.5999755859373,1939.5999755859373,7,1953.539990234375,1888.2319921875,31.773663801386093,True,0.0,0.0
2022-03-29,1893.5,1912.0,1893.5,1912.0,128051,1952.0199890136719,1890.1419921875,35.166593404870056,True,0.0,0.0
2022-03-30,1918.4000244140625,1937.0,1914.5,1933.5,17765,1952.6499877929687,1892.5659912109375,37.50000590510354,True,0.0,0.0
2022-03-31,1933.5,1949.9000244140625,1919.0999755859373,1949.199951171875,3617,1953.3899841308594,1894.6879907226562,43.525317680144546,True,0.0,0.0
2022-04-01,1935.0,1938.0,1917.0,1919.0999755859373,1016,1951.0899841308594,1896.219990234375,42.378621105993034,True,0.0,0.0
2022-04-04,1921.199951171875,1936.0999755859373,1915.5999755859373,1929.199951171875,371,1947.85498046875,1898.16798828125,50.14302233582862,True,0.0,0.0
2022-04-05,1927.0999755859373,1943.5,1918.4000244140625,1922.9000244140625,412,1941.9949829101563,1899.7919897460938,53.232111129058325,True,0.0,0.0
2022-04-06,1916.699951171875,1931.800048828125,1916.699951171875,1918.4000244140625,138,1938.6199829101563,1901.1059912109374,44.10155234139362,True,0.0,0.0
2022-04-07,1919.5,1934.800048828125,1919.5,1933.800048828125,311,1935.4049865722657,1903.1839916992187,51.38342400154397,True,0.0,0.0
2022-04-08,1928.800048828125,1947.699951171875,1928.800048828125,1941.5999755859373,153,1933.3499877929687,1906.149990234375,53.09819163544116,True,0.0,0.0
2022-04-11,1946.5999755859373,1968.4000244140625,1941.800048828125,1944.300048828125,163,1932.5849914550781,1909.3379907226563,55.76737892298825,True,0.0,0.0
2022-04-12,1952.5,1977.0999755859373,1950.5999755859373,1972.0999755859373,246,1934.764990234375,1912.879990234375,58.19862356405118,True,0.0,0.0
2022-04-13,1969.5,1981.0,1969.5,1981.0,204,1938.414990234375,1916.4939892578125,54.84033075974239,True,0.0,0.0
2022-04-14,1977.199951171875,1978.699951171875,1963.0,1970.9000244140625,101,1939.8549926757812,1919.7279907226562,54.218053774818316,True,0.0,0.0
2022-04-18,1973.4000244140625,1997.0999755859373,1972.800048828125,1982.9000244140625,196,1942.5899963378906,1923.3259912109374,60.79803031243954,True,0.0,0.0
2022-04-19,1973.800048828125,1978.300048828125,1945.699951171875,1955.699951171875,130,1943.9449951171875,1926.3079907226563,60.91953602266444,True,0.0,0.0
2022-04-20,1945.5,1953.5999755859373,1945.5,1952.300048828125,621,1945.525,1928.9419921875,55.16485550745769,True,0.0,0.0
2022-04-21,1942.5,1944.9000244140625,1942.5,1944.9000244140625,4,1945.9400024414062,1931.3079931640625,48.76225360149942,True,0.0,0.0
2022-04-22,1949.5999755859373,1950.4000244140625,1930.199951171875,1931.0,178,1944.4100036621094,1933.223994140625,53.77778845624732,True,0.0,0.0
2022-04-25,1925.0,1925.0,1889.300048828125,1893.199951171875,748,1941.3799987792968,1934.363994140625,40.28077497531569,True,0.0,0.0
2022-04-26,1900.5,1909.0999755859373,1894.0,1901.4000244140625,302,1939.4700012207031,1935.5759936523436,44.25441240562554,True,0.0,0.0
2022-04-27,1897.800048828125,1900.5999755859373,1882.199951171875,1885.9000244140625,1786,1938.1650024414062,1935.933994140625,41.79707622951426,True,0.0,0.0
2022-04-28,1883.800048828125,1893.0,1872.9000244140625,1888.699951171875,513,1935.925,1936.6119921875,37.84363944575472,False,0.0,0.0
2022-04-29,1902.699951171875,1918.199951171875,1902.4000244140625,1909.300048828125,132,1933.9300048828125,1937.393994140625,41.855799566013694,False,0.0,0.0
2022-05-02,1896.699951171875,1896.800048828125,1853.0,1861.800048828125,385,1931.065008544922,1936.61599609375,33.031681024526534,False,0.0,0.0
2022-05-03,1868.800048828125,1868.800048828125,1868.800048828125,1868.800048828125,466,1928.0450134277344,1936.0199975585938,26.765666364465602,False,0.0,0.0
2022-05-04,1867.0,1867.0,1867.0,1867.0,1,1925.2500122070312,1935.237998046875,23.51303519161391,False,0.0,0.0
2022-05-05,1897.0,1904.300048828125,1874.0,1874.0,80,1923.030010986328,1934.5339990234374,27.157019323462976,False,0.0,0.0
2022-05-06,1874.699951171875,1890.300048828125,1871.5,1881.199951171875,214,1920.4000061035156,1933.6559985351562,25.470335407486616,False,0.0,0.0
2022-05-09,1866.5999755859373,1867.5,1854.0,1857.0999755859373,304,1916.1750061035157,1933.067998046875,25.857017575847024,False,0.0,0.0
2022-05-10,1839.9000244140625,1839.9000244140625,1839.9000244140625,1839.9000244140625,1540,1910.9550048828125,1931.877998046875,24.22019232222962,False,0.0,0.0
2022-05-11,1841.5,1852.5999755859373,1841.0,1852.5999755859373,892,1904.9800048828124,1930.0819970703126,29.33272981521624,False,0.0,0.0
2022-05-12,1849.800048828125,1851.9000244140625,1822.199951171875,1823.800048828125,153,1897.1200073242187,1928.1399975585937,27.497906560332524,False,0.0,0.0
2022-05-13,1825.0,1825.0,1807.4000244140625,1807.4000244140625,335,1888.9450073242188,1925.5999975585937,30.212187328444102,False,0.0,0.0
2022-05-16,1790.5,1813.5,1787.0,1813.5,34,1880.4750061035156,1922.567998046875,29.529554172937395,False,0.0,0.0
2022-05-17,1824.9000244140625,1828.5999755859373,1816.699951171875,1818.199951171875,121,1873.6000061035156,1919.0539965820312,33.398689014917224,False,0.0,0.0
2022-05-18,1815.0,1819.699951171875,1805.0,1815.9000244140625,311,1866.7800048828126,1914.5699975585937,32.104226794162415,False,0.0,0.0
2022-05-19,1810.9000244140625,1841.199951171875,1810.699951171875,1841.199951171875,138,1861.5950012207031,1911.67599609375,33.63762001745705,False,0.0,0.0
2022-05-20,1839.0999755859373,1841.800048828125,1836.300048828125,1841.800048828125,110,1857.1350036621093,1908.5499975585938,43.79651478022759,False,0.0,0.0
2022-05-23,1846.300048828125,1863.0,1845.800048828125,1847.800048828125,216,1854.865008544922,1905.8519995117188,43.44568089756132,False,0.0,0.0
2022-05-24,1852.5,1867.0,1852.5,1865.0999755859373,33,1853.0500061035157,1903.9619995117187,49.459297409699296,False,0.0,0.0
2022-05-25,1846.199951171875,1846.199951171875,1846.199951171875,1846.199951171875,0,1851.0650024414062,1902.3159985351563,42.590589894951606,False,0.0,0.0
2022-05-26,1840.4000244140625,1847.4000244140625,1840.4000244140625,1847.4000244140625,123355,1849.0000061035157,1901.1039990234376,40.693839002732425,False,0.0,0.0
2022-05-27,1848.300048828125,1860.699951171875,1845.9000244140625,1851.300048828125,30091,1846.1000061035156,1899.2880004882813,48.20324205275055,False,0.0,0.0
2022-05-31,1850.300048828125,1862.0999755859373,1832.800048828125,1842.699951171875,4073,1845.145001220703,1897.5780004882813,50.916206838976564,False,0.0,0.0
2022-06-01,1831.0,1847.9000244140625,1825.300048828125,1843.300048828125,1623,1843.8700012207032,1895.872001953125,46.69512369698475,False,0.0,0.0
2022-06-02,1845.4000244140625,1868.699951171875,1842.0999755859373,1866.5,551,1843.8450012207031,1894.7880029296875,65.8030793140214,False,0.0,0.0
2022-06-03,1867.5999755859373,1871.800048828125,1845.4000244140625,1845.4000244140625,53,1842.4150024414062,1892.96400390625,63.590839316057256,False,0.0,0.0
2022-06-06,1849.0,1854.0999755859373,1839.199951171875,1839.199951171875,142,1840.3150024414062,1890.5160034179687,59.18510516883034,False,0.0,0.0
2022-06-07,1836.9000244140625,1851.5999755859373,1835.0,1847.5,1168,1839.8350036621093,1888.3900024414063,60.20905887777171,False,0.0,0.0
2022-06-08,1844.800048828125,1855.0,1844.4000244140625,1851.9000244140625,218,1840.4350036621095,1886.6360034179688,62.36260834134003,False,0.0,0.0
2022-06-09,1846.0999755859373,1850.0999755859373,1837.9000244140625,1848.800048828125,159,1840.2450073242187,1885.3720043945314,53.07944635254271,False,0.0,0.0
2022-06-10,1842.699951171875,1875.5999755859373,1823.9000244140625,1871.5,1490,1842.6300048828125,1884.1320043945314,60.206151662250925,False,0.0,0.0
2022-06-13,1873.800048828125,1873.800048828125,1818.699951171875,1828.0,127,1843.6600036621094,1881.7080053710938,44.590157810688524,False,0.0,0.0
2022-06-14,1825.0,1825.5,1805.300048828125,1809.5,536,1843.4600036621093,1879.516005859375,34.90774164346654,False,0.0,0.0
2022-06-15,1814.0999755859373,1839.0,1810.800048828125,1815.300048828125,108,1843.315008544922,1877.2380078125,40.970239445683454,False,0.0,0.0
2022-06-16,1819.199951171875,1850.5999755859373,1814.9000244140625,1845.699951171875,136,1844.8050048828125,1875.6940063476563,49.575618624147474,False,0.0,0.0
2022-06-17,1853.699951171875,1853.699951171875,1833.5999755859373,1835.5999755859373,170,1844.5250061035156,1874.0380053710937,46.19853172850864,False,0.0,0.0
2022-06-21,1835.300048828125,1838.5999755859373,1830.0999755859373,1834.5999755859373,216,1844.1650024414062,1872.05400390625,47.96380729218125,False,0.0,0.0
2022-06-22,1829.5,1842.699951171875,1821.5999755859373,1834.300048828125,115,1843.4900024414062,1869.9080053710939,47.7341373015434,False,0.0,0.0
2022-06-23,1835.5,1841.199951171875,1825.699951171875,1825.699951171875,9,1841.520001220703,1867.5360034179687,38.913030209748634,False,0.0,0.0
2022-06-24,1820.5,1826.5,1815.800048828125,1826.5,61,1840.5350036621094,1864.62400390625,44.2272400861725,False,0.0,0.0
2022-06-27,1830.5,1830.699951171875,1819.9000244140625,1820.9000244140625,77,1839.2100036621093,1861.4220043945313,44.38996643253014,False,0.0,0.0
2022-06-28,1824.199951171875,1826.0,1817.5,1817.5,391,1837.520001220703,1858.35400390625,40.51832829979614,False,0.0,0.0
2022-06-29,1818.300048828125,1830.300048828125,1812.800048828125,1813.699951171875,173,1836.070001220703,1854.9700024414062,37.88068554574191,False,0.0,0.0
2022-06-30,1809.5999755859373,1817.300048828125,1801.0,1804.0999755859373,328,1834.1099975585937,1851.9380029296874,36.380231598883235,False,0.0,0.0
2022-07-01,1795.5,1806.0999755859373,1791.5999755859375,1798.9000244140625,77,1830.729998779297,1848.8700024414063,25.238749087178704,False,0.0,0.0
2022-07-05,1805.4000244140625,1805.4000244140625,1761.800048828125,1761.800048828125,64,1826.55,1845.2080029296876,26.390879376727227,False,0.0,0.0
2022-07-06,1762.5,1768.0,1734.0,1734.9000244140625,1729,1821.3350036621093,1841.2860034179687,24.89906196424802,False,0.0,0.0
2022-07-07,1745.199951171875,1745.199951171875,1737.0,1737.9000244140625,1869,1815.8550048828124,1838.1800048828125,23.456768417095546,False,0.0,0.0
2022-07-08,1738.0999755859375,1749.300048828125,1732.0999755859375,1740.5999755859375,370,1810.2900024414062,1834.96400390625,5.503811467996599,False,0.0,0.0
2022-07-11,1732.5,1736.699951171875,1730.0,1730.0,75,1804.35,1831.8460034179689,5.480608210825579,False,0.0,0.0
2022-07-12,1734.199951171875,1735.5,1723.300048828125,1723.300048828125,451,1796.9400024414062,1828.5380053710937,5.229287071636577,False,0.0,0.0
2022-07-13,1710.0,1734.199951171875,1710.0,1734.199951171875,368,1792.25,1825.0360034179687,12.89838023708262,False,0.0,0.0
2022-07-14,1710.300048828125,1710.5,1704.5,1704.5,1289,1787.0,1821.8900024414063,11.15380100942916,False,0.0,0.0
2022-07-15,1705.4000244140625,1709.699951171875,1701.0999755859375,1702.4000244140625,721,1781.354998779297,1818.562001953125,10.553011448868105,False,0.0,0.0
2022-07-18,1712.199951171875,1712.4000244140625,1709.199951171875,1709.199951171875,264,1774.5299987792969,1815.4060009765626,14.763302421618732,False,0.0,0.0
2022-07-19,1712.300048828125,1714.4000244140625,1706.0999755859375,1710.0,1684,1768.25,1812.1260009765624,15.522695418633973,False,0.0,0.0
2022-07-20,1707.0999755859375,1708.5,1699.5,1699.5,130,1761.4950012207032,1808.492001953125,14.883079482528728,False,0.0,0.0
2022-07-21,1687.0,1715.5,1679.800048828125,1712.699951171875,183,1755.4149963378907,1805.6040014648438,22.502932412393065,False,0.0,0.0
2022-07-22,1713.300048828125,1735.0,1713.0,1727.0999755859375,61,1750.4849975585937,1803.3480004882813,29.532443345763085,False,0.0,0.0
2022-07-25,1727.0,1732.0,1719.0,1719.0,67,1745.1099975585937,1800.6760009765626,35.382462857686036,False,0.0,0.0
2022-07-26,1718.0,1718.0,1717.699951171875,1717.699951171875,1,1739.9499938964843,1798.5539990234374,42.880745681801876,False,0.0,0.0
2022-07-27,1719.0999755859375,1719.0999755859375,1719.0999755859375,1719.0999755859375,144865,1735.0299926757812,1796.787998046875,42.11405409612446,False,0.0,0.0
2022-07-28,1732.300048828125,1755.0,1732.0,1750.300048828125,37236,1731.8599975585937,1795.5239990234375,53.283711735210424,False,0.0,0.0
2022-07-29,1754.0,1765.699951171875,1750.0,1762.9000244140625,3485,1729.8,1794.4180004882812,60.98866465363222,False,0.0,0.0
2022-08-01,1763.9000244140625,1772.5,1756.0999755859375,1769.0,705,1728.304998779297,1793.48,65.32528372574352,False,0.0,0.0
2022-08-02,1772.0999755859375,1786.5999755859375,1759.4000244140625,1771.0999755859375,1078,1728.7699951171876,1792.0780004882813,63.15040758280644,False,0.0,0.0
2022-08-03,1756.699951171875,1770.5,1753.0,1758.0,399,1729.9249938964845,1790.4019995117187,71.62490748507426,False,0.0,0.0
2022-08-04,1769.4000244140625,1792.0999755859375,1767.699951171875,1788.5,285,1732.4549926757813,1789.2159985351564,78.30374405198062,False,0.0,0.0
2022-08-05,1791.199951171875,1791.4000244140625,1764.199951171875,1772.9000244140625,645,1734.0699951171875,1787.3719995117187,69.79492342346101,False,0.0,0.0
2022-08-08,1771.800048828125,1786.800048828125,1771.800048828125,1786.800048828125,127,1736.9099975585937,1786.1840014648437,72.06897954831177,False,0.0,0.0
2022-08-09,1790.0,1796.0999755859375,1789.0,1794.0,249,1740.4449951171875,1785.1160009765624,77.6801485153471,False,0.0,0.0
2022-08-10,1804.4000244140625,1804.9000244140625,1787.800048828125,1795.5999755859375,601,1743.5149963378906,1784.0019995117189,76.0528086534131,False,0.0,0.0
2022-08-11,1794.300048828125,1794.300048828125,1785.699951171875,1789.699951171875,1235,1747.7749938964844,1782.9419995117187,70.78352780018075,False,0.0,0.0
2022-08-12,1786.300048828125,1800.4000244140625,1784.300048828125,1798.5999755859375,187,1752.5849914550781,1782.047998046875,76.28796656209258,False,0.0,0.0
2022-08-15,1799.0,1799.0,1774.699951171875,1781.4000244140625,64,1756.1949951171875,1780.3459985351562,69.03768712774193,False,0.0,0.0
2022-08-16,1777.4000244140625,1777.4000244140625,1771.4000244140625,1773.199951171875,308,1759.3549926757812,1778.9019970703125,65.53704284100637,False,0.0,0.0
2022-08-17,1769.699951171875,1769.699951171875,1760.0,1760.300048828125,23,1762.3949951171876,1777.3239990234374,53.20924664188694,False,0.0,0.0
2022-08-18,1762.9000244140625,1762.9000244140625,1753.4000244140625,1755.300048828125,321,1764.525,1775.48,47.43590271594403,False,0.0,0.0
2022-08-19,1753.699951171875,1754.300048828125,1747.5,1747.5999755859375,49,1765.55,1773.3939990234376,42.857131215871426,False,0.0,0.0
2022-08-22,1740.5,1740.5,1726.5,1734.0,347,1766.3,1771.097998046875,38.49969236450983,False,0.0,0.0
2022-08-23,1738.0,1748.9000244140625,1731.9000244140625,1746.800048828125,509,1767.7550048828125,1768.6039990234376,46.521754294448755,False,0.0,0.0
2022-08-24,1745.0,1751.800048828125,1743.5999755859375,1747.800048828125,187,1769.190008544922,1767.0,34.524733394724336,True,0.0,0.0
2022-08-25,1761.5999755859375,1761.800048828125,1755.0,1757.699951171875,172,1769.5600036621095,1765.9639990234375,43.95863191897942,True,0.0,0.0
2022-08-26,1754.0,1755.0,1736.0999755859375,1736.0999755859375,202,1768.2200012207031,1764.3799975585937,31.011191160455397,True,0.0,0.0
2022-08-29,1732.4000244140625,1741.199951171875,1732.0999755859375,1736.5999755859375,950,1766.6,1762.197998046875,27.36590789847365,True,0.0,0.0
2022-08-30,1736.4000244140625,1739.0,1720.699951171875,1723.199951171875,385,1764.2049987792968,1759.9499975585939,23.881660473608235,True,0.0,0.0
2022-08-31,1718.300048828125,1720.9000244140625,1708.5,1712.800048828125,2133,1761.945001220703,1757.5139990234375,23.13068446455351,True,0.0,0.0
2022-09-01,1707.9000244140625,1707.9000244140625,1693.9000244140625,1696.5999755859375,683,1757.35,1754.7599975585938,16.09040351406894,True,0.0,0.0
2022-09-02,1703.4000244140625,1715.699951171875,1703.0999755859375,1709.800048828125,182,1754.195001220703,1752.4419995117187,25.546460503506594,True,0.0,0.0
2022-09-06,1709.699951171875,1717.4000244140625,1699.699951171875,1700.4000244140625,697,1749.875,1749.92,25.3387741194354,False,0.0,0.0
2022-09-07,1694.800048828125,1715.300048828125,1694.699951171875,1715.300048828125,651,1745.9400024414062,1747.8080004882813,34.95990286603934,False,0.0,0.0
2022-09-08,1718.199951171875,1718.199951171875,1705.300048828125,1708.0,1193,1741.5600036621095,1745.6180004882813,34.43054535401963,False,0.0,0.0
2022-09-09,1719.199951171875,1720.0,1712.800048828125,1716.199951171875,635,1737.8850036621093,1743.6680004882812,39.6981563701229,False,0.0,0.0
2022-09-12,1727.4000244140625,1728.0999755859375,1727.4000244140625,1728.0999755859375,68,1734.3600036621094,1742.1480004882812,48.04246133159449,False,0.0,0.0
2022-09-13,1720.5,1720.5,1697.300048828125,1705.0,432,1730.5400024414062,1740.27,37.018618376358695,False,0.0,0.0
2022-09-14,1698.699951171875,1701.800048828125,1696.5,1696.5,532,1726.7050048828125,1738.9639990234375,34.77743358215875,False,0.0,0.0
2022-09-15,1685.5,1686.0,1662.300048828125,1665.4000244140625,1125,1721.9600036621093,1737.5739990234374,25.672142561596573,False,0.0,0.0
2022-09-16,1660.4000244140625,1674.9000244140625,1651.699951171875,1671.699951171875,464,1717.7799987792969,1736.2499975585938,31.536692832919783,False,0.0,0.0
2022-09-19,1661.800048828125,1669.4000244140625,1658.5,1666.199951171875,580,1713.7099975585938,1734.7619970703124,30.37903711440518,False,0.0,0.0
2022-09-20,1659.699951171875,1659.699951171875,1659.699951171875,1659.699951171875,2830,1709.9949951171875,1733.35599609375,31.59420289855072,False,0.0,0.0
2022-09-21,1665.5,1680.0999755859375,1664.5999755859375,1664.5999755859375,2337,1705.884991455078,1732.1819946289063,35.56885089524255,False,0.0,0.0
2022-09-22,1668.300048828125,1670.800048828125,1668.300048828125,1670.800048828125,973,1702.0349914550782,1730.9139965820314,41.78346920448317,False,0.0,0.0
2022-09-23,1667.0,1667.0,1645.300048828125,1645.300048828125,1224,1696.4149963378907,1729.7299975585938,30.950980095262395,False,0.0,0.0
2022-09-26,1623.300048828125,1623.300048828125,1623.300048828125,1623.300048828125,1205,1690.775,1728.147998046875,28.80704638872578,False,0.0,0.0
2022-09-27,1632.199951171875,1636.5999755859375,1626.699951171875,1626.699951171875,888,1685.2799987792969,1726.497998046875,24.002303863556264,False,0.0,0.0
2022-09-28,1620.4000244140625,1660.4000244140625,1620.4000244140625,1660.4000244140625,18311,1682.1400024414063,1725.5059985351563,37.906505767018054,False,0.0,0.0
2022-09-29,1657.0,1662.5999755859375,1640.0,1658.5,6028,1679.425,1724.6859985351562,34.85565586040026,False,0.0,0.0
2022-09-30,1661.699951171875,1672.699951171875,1658.0,1662.4000244140625,548,1677.7150024414063,1723.68,32.00001337756849,False,0.0,0.0
2022-10-03,1667.199951171875,1700.0,1661.9000244140625,1692.9000244140625,410,1676.8700012207032,1722.9960009765625,46.81411952861195,False,0.0,0.0
2022-10-04,1701.199951171875,1728.0,1696.0,1721.0999755859375,291,1677.9049987792969,1723.0380004882813,55.86831547025905,False,0.0,0.0
2022-10-05,1724.0999755859375,1726.5999755859375,1703.0,1711.4000244140625,418,1677.7099975585938,1722.912001953125,62.221044615997315,False,0.0,0.0
2022-10-06,1721.0,1723.300048828125,1709.0999755859375,1711.699951171875,133,1677.8949951171876,1722.7640014648437,60.976951350076575,False,0.0,0.0
2022-10-07,1710.0999755859375,1710.0999755859375,1693.699951171875,1700.5,179,1677.1099975585937,1721.7680004882814,59.12721305340952,False,0.0,0.0
2022-10-10,1693.4000244140625,1693.4000244140625,1667.0,1667.300048828125,195,1674.070001220703,1719.8560009765624,51.77076021528986,False,0.0,0.0
2022-10-11,1661.800048828125,1678.699951171875,1661.0,1678.699951171875,167,1672.7549987792968,1718.05,53.188600794258555,False,0.0,0.0
2022-10-12,1668.0,1672.699951171875,1668.0,1670.300048828125,149,1671.445001220703,1716.0340014648436,49.88804277116008,False,0.0,0.0
2022-10-13,1675.199951171875,1675.300048828125,1641.5,1670.0,729,1671.675,1714.2740014648436,56.23422510771293,False,0.0,0.0
2022-10-14,1665.300048828125,1667.0,1640.0,1641.699951171875,82,1670.175,1711.3380004882813,54.50096211155717,False,0.0,0.0
2022-10-17,1650.199951171875,1657.0,1646.800048828125,1657.0,238,1669.7150024414063,1709.02,57.00417849935212,False,0.0,0.0
2022-10-18,1651.4000244140625,1655.199951171875,1649.0,1649.0,597,1669.1800048828125,1706.2639990234375,47.00943324326418,False,0.0,0.0
2022-10-19,1637.5,1637.5,1627.5,1627.5,84,1667.3250061035155,1702.9339990234375,42.62606013161776,False,0.0,0.0
2022-10-20,1622.800048828125,1641.4000244140625,1622.800048828125,1630.800048828125,477,1665.3250061035155,1699.6380004882812,42.461828226582824,False,0.0,0.0
2022-10-21,1634.0999755859375,1653.9000244140625,1634.0999755859375,1651.0,224,1665.6100036621094,1696.8640014648438,39.48818586566854,False,0.0,0.0
2022-10-24,1662.699951171875,1662.699951171875,1648.699951171875,1648.699951171875,29,1666.8799987792968,1693.8660009765624,29.123380577560866,False,0.0,0.0
2022-10-25,1648.199951171875,1652.800048828125,1637.300048828125,1652.800048828125,880,1668.1850036621095,1691.2940014648439,32.53873624435025,False,0.0,0.0
2022-10-26,1649.800048828125,1667.0,1649.800048828125,1664.0,89,1668.3650024414062,1689.1100024414063,36.65361941649419,False,0.0,0.0
2022-10-27,1660.699951171875,1660.699951171875,1660.699951171875,1660.699951171875,2298,1668.475,1687.1180004882813,38.34893517267798,False,0.0,0.0
2022-10-28,1661.0,1661.0,1638.699951171875,1639.5999755859375,626,1667.3349975585938,1684.8039990234374,41.27282279198598,False,0.0,0.0
2022-10-31,1641.800048828125,1641.800048828125,1633.4000244140625,1635.9000244140625,522,1664.4849975585937,1682.57,35.82785027886172,False,0.0,0.0
2022-11-01,1630.800048828125,1653.699951171875,1630.800048828125,1645.0,985,1660.679998779297,1680.79,41.66116801102091,False,0.0,0.0
2022-11-02,1650.800048828125,1664.699951171875,1634.0,1645.699951171875,612,1657.3949951171876,1678.767998046875,42.01182339703564,False,0.0,0.0
2022-11-03,1629.199951171875,1629.199951171875,1615.0999755859375,1627.300048828125,1427,1653.175,1676.357998046875,44.936741459796615,False,0.0,0.0
2022-11-04,1630.199951171875,1674.5,1629.0,1672.5,159,1651.775,1674.6539990234376,54.503199649322404,False,0.0,0.0
2022-11-07,1676.9000244140625,1677.9000244140625,1672.9000244140625,1676.5,42,1652.2349975585937,1673.4619995117187,58.17966209513795,False,0.0,0.0
2022-11-08,1703.199951171875,1712.0999755859375,1703.199951171875,1712.0999755859375,23,1653.9049987792969,1672.9719995117186,73.2162609600417,False,0.0,0.0
2022-11-09,1707.4000244140625,1720.199951171875,1706.0,1710.0999755859375,497,1655.8949951171876,1672.71,71.91819322222155,False,0.0,0.0
2022-11-10,1708.199951171875,1750.300048828125,1708.199951171875,1750.300048828125,325,1659.9099975585937,1673.46,74.7138121197833,False,0.0,0.0
2022-11-11,1763.800048828125,1766.0,1757.5999755859375,1766.0,257,1666.125,1674.8480004882813,77.36821179076115,False,0.0,0.0
2022-11-14,1762.0,1773.5999755859375,1761.5999755859375,1773.5999755859375,358,1671.9549987792968,1676.1239990234376,77.73188769290697,False,0.0,0.0
2022-11-15,1770.800048828125,1773.800048828125,1769.9000244140625,1773.800048828125,57,1678.195001220703,1677.5919995117188,76.54742565981782,True,0.0,0.0
2022-11-16,1776.5999755859375,1778.9000244140625,1773.0,1773.0,303,1685.4700012207031,1678.7459985351563,77.48413024669819,True,0.0,0.0
2022-11-17,1763.0,1763.0,1756.0,1760.800048828125,18,1691.9700012207031,1679.8019995117188,81.0133596549042,True,0.0,0.0
2022-11-18,1763.300048828125,1763.300048828125,1747.5999755859375,1751.9000244140625,414,1697.0150024414063,1680.5160009765625,78.91328133272157,True,0.0,0.0
2022-11-21,1739.0,1744.9000244140625,1736.0999755859375,1737.4000244140625,544,1701.4500061035155,1680.702001953125,72.427203681548,True,0.0,0.0
2022-11-22,1741.699951171875,1741.699951171875,1738.300048828125,1738.300048828125,15,1705.7250061035156,1681.3680029296875,72.45395722210054,True,0.0,0.0
2022-11-23,1736.5,1750.9000244140625,1736.5,1744.9000244140625,39,1709.7700073242188,1682.3360034179686,80.2469035022998,True,0.0,0.0
2022-11-25,1753.0,1757.9000244140625,1749.199951171875,1753.300048828125,216,1714.4000122070313,1684.09400390625,75.63451737332115,True,0.0,0.0
2022-11-28,1741.300048828125,1741.300048828125,1740.0999755859375,1740.0999755859375,132767,1719.4250122070312,1685.4620043945313,69.06472134991478,True,0.0,0.0
2022-11-29,1739.5,1758.199951171875,1737.9000244140625,1748.4000244140625,19416,1725.0500122070312,1687.106005859375,63.010747419026835,True,0.0,0.0
2022-11-30,1748.0999755859375,1769.4000244140625,1745.0999755859375,1746.0,3339,1730.1000122070313,1688.8320068359376,62.83057737663636,True,0.0,0.0
2022-12-01,1768.699951171875,1803.699951171875,1768.699951171875,1801.0999755859375,1053,1737.8700134277344,1691.5620068359376,66.40822696221107,True,0.0,0.0
2022-12-02,1802.0,1802.300048828125,1779.4000244140625,1795.9000244140625,1725,1746.3000122070312,1694.0640063476562,60.360356549787795,True,0.0,0.0
2022-12-05,1795.699951171875,1808.0,1764.300048828125,1767.4000244140625,1713,1751.0450134277344,1696.506005859375,48.12350367983921,True,0.0,0.0
2022-12-06,1768.5999755859375,1779.4000244140625,1767.9000244140625,1769.300048828125,105,1755.6850158691407,1699.426005859375,48.65188854090632,True,0.0,0.0
2022-12-07,1769.300048828125,1790.300048828125,1769.300048828125,1785.5,422,1759.3550170898438,1702.6020068359376,53.428413782759094,True,0.0,0.0
2022-12-08,1782.0,1790.9000244140625,1782.0,1788.699951171875,713,1763.2850158691406,1705.1680053710938,58.04959448436754,True,0.0,0.0
2022-12-09,1794.9000244140625,1804.300048828125,1791.0999755859375,1798.0999755859375,125,1765.6750122070312,1707.9600048828124,63.29112145922445,True,0.0,0.0
2022-12-12,1787.300048828125,1793.9000244140625,1777.699951171875,1780.5,85,1766.4000122070313,1710.3220043945312,62.18201516045447,True,0.0,0.0
2022-12-13,1780.699951171875,1819.800048828125,1780.5,1813.9000244140625,205,1768.4150146484376,1712.7420043945312,68.05156799706192,True,0.0,0.0
2022-12-14,1810.800048828125,1812.800048828125,1797.9000244140625,1807.5,1074,1770.1000122070313,1714.4700048828124,64.96174800891836,True,0.0,0.0
2022-12-15,1801.0,1801.0,1774.800048828125,1777.199951171875,421,1770.310009765625,1715.7860034179687,55.17089836528324,True,0.0,0.0
2022-12-16,1777.9000244140625,1791.4000244140625,1777.9000244140625,1790.0,206,1771.7700073242188,1717.3520043945311,60.81491299781205,True,0.0,0.0
2022-12-19,1791.5999755859375,1796.300048828125,1785.5999755859375,1787.699951171875,79,1773.5600036621095,1719.0960034179689,58.744974176188634,True,0.0,0.0
2022-12-20,1786.5,1821.4000244140625,1786.5,1815.9000244140625,51,1777.4850036621094,1722.0680029296875,63.95209388250166,True,0.0,0.0
2022-12-21,1817.4000244140625,1821.4000244140625,1814.4000244140625,1815.9000244140625,35,1781.3650024414062,1724.8120043945312,53.78711303302642,True,0.0,0.0
2022-12-22,1818.0999755859373,1818.0999755859373,1785.0,1787.0,411,1783.4700012207031,1727.1460034179688,47.96896040880978,True,0.0,0.0
2022-12-23,1794.300048828125,1802.800048828125,1794.0999755859375,1795.9000244140625,49,1785.6,1729.66400390625,57.1428484017069,True,0.0,0.0
2022-12-27,1803.4000244140625,1826.300048828125,1803.4000244140625,1814.800048828125,69,1789.3350036621093,1733.126005859375,60.50807129123745,True,0.0,0.0
2022-12-28,1803.199951171875,1807.9000244140625,1803.0999755859373,1807.9000244140625,434,1792.3100036621095,1736.1440063476562,55.40540301699379,True,0.0,0.0
2022-12-29,1805.800048828125,1819.5,1805.800048828125,1819.5,277,1795.9850036621094,1739.5540063476562,57.14285714285714,True,0.0,0.0
2022-12-30,1817.0,1822.300048828125,1816.800048828125,1819.699951171875,95,1796.9150024414062,1743.3980053710939,55.23254541701684,True,0.0,0.0
2023-01-03,1836.199951171875,1839.699951171875,1836.199951171875,1839.699951171875,29,1799.104998779297,1747.5760034179686,64.17621362742415,True,0.0,0.0
2023-01-04,1845.5999755859373,1859.0999755859373,1845.5999755859373,1852.800048828125,25,1803.375,1751.6120043945311,60.31828881715069,True,0.0,0.0
2023-01-05,1855.199951171875,1855.199951171875,1834.800048828125,1834.800048828125,24,1806.65,1755.3340063476562,56.82158975416387,True,0.0,0.0
2023-01-06,1838.4000244140625,1868.199951171875,1835.300048828125,1864.199951171875,26,1810.5849975585938,1759.5620043945312,71.83732798643011,True,0.0,0.0
2023-01-09,1867.0,1880.0,1867.0,1872.699951171875,62,1814.7849975585937,1763.7360034179687,71.21597973722021,True,0.0,0.0
2023-01-10,1877.800048828125,1878.0999755859373,1871.5999755859373,1871.5999755859373,101,1818.4599975585938,1767.95400390625,71.65719997151476,True,0.0,0.0
2023-01-11,1873.0999755859373,1877.800048828125,1873.0999755859373,1874.5999755859373,1236,1823.1649963378907,1772.65400390625,67.4183831370548,True,0.0,0.0
2023-01-12,1877.199951171875,1897.4000244140625,1877.199951171875,1895.5,59,1827.2449951171875,1777.8460034179689,71.01371840689879,True,0.0,0.0
2023-01-13,1899.0,1920.9000244140625,1898.300048828125,1918.4000244140625,512,1832.7899963378907,1783.31400390625,85.82333885556093,True,0.0,0.0
2023-01-17,1920.0999755859373,1920.0999755859373,1905.199951171875,1907.199951171875,706,1839.2899963378907,1788.54400390625,79.96765828214197,True,0.0,0.0
2023-01-18,1911.0999755859373,1911.0999755859373,1903.0999755859373,1904.4000244140625,1027,1845.0099975585938,1794.0860034179686,76.41509094455509,True,0.0,0.0
2023-01-19,1922.0999755859373,1931.800048828125,1922.0999755859373,1922.0999755859373,371,1851.729998779297,1799.0780029296875,81.65188830154351,True,0.0,0.0
2023-01-20,1922.0999755859373,1928.5,1921.4000244140625,1926.4000244140625,1346,1857.2549987792968,1804.0760034179686,80.87811654860415,True,0.0,0.0
2023-01-23,1926.5,1927.0999755859373,1915.0,1927.0999755859373,218,1862.8149963378905,1808.3760034179688,80.93319110546065,True,0.0,0.0
2023-01-24,1931.800048828125,1936.800048828125,1931.800048828125,1933.9000244140625,201,1870.1599975585937,1812.8520043945311,79.3641081372331,True,0.0,0.0
2023-01-25,1941.199951171875,1941.199951171875,1939.800048828125,1941.199951171875,7,1877.4249938964845,1816.6700024414063,78.58990494930042,True,0.0,0.0
2023-01-26,1936.5999755859373,1937.0999755859373,1927.0999755859373,1929.0999755859373,131,1883.139990234375,1819.932001953125,81.70814900311845,True,0.0,0.0
2023-01-27,1928.5999755859373,1928.5999755859373,1928.5999755859373,1928.5999755859373,150902,1889.1749877929688,1823.032001953125,76.87815683904924,True,0.0,0.0
2023-01-30,1928.300048828125,1933.5999755859373,1920.300048828125,1922.9000244140625,27220,1894.344989013672,1826.0140014648437,71.4530451358059,True,0.0,0.0
2023-01-31,1923.0,1930.4000244140625,1900.5999755859373,1929.5,1910,1899.8349914550781,1829.1440014648438,73.63268657593932,True,0.0,0.0
2023-02-01,1927.199951171875,1955.0,1922.0,1927.800048828125,2290,1904.2399963378907,1832.4840014648437,71.9472558816924,True,0.0,0.0
2023-02-02,1952.300048828125,1959.0999755859373,1911.300048828125,1916.300048828125,748,1907.4149963378907,1835.772001953125,59.302363669715156,True,0.0,0.0
2023-02-03,1912.4000244140625,1917.0,1861.5,1862.9000244140625,992,1908.8199951171875,1838.282001953125,30.49891912294548,True,0.0,0.0
2023-02-06,1865.5999755859373,1880.0,1863.4000244140625,1866.199951171875,424,1908.9199951171875,1840.84,34.74698501910078,True,0.0,0.0
2023-02-07,1870.0,1875.699951171875,1868.0,1871.699951171875,297,1908.8699951171875,1843.3759985351562,38.07434817797905,True,0.0,0.0
2023-02-08,1872.0999755859373,1880.4000244140625,1872.0999755859373,1877.4000244140625,230,1909.1599975585937,1845.857998046875,32.134291161943025,True,0.0,0.0
2023-02-09,1875.300048828125,1884.5999755859373,1859.800048828125,1866.199951171875,223,1908.7399963378907,1848.3799975585937,27.1969208659972,True,0.0,0.0
2023-02-10,1861.5999755859373,1863.5,1852.4000244140625,1862.800048828125,27,1907.104998779297,1850.667998046875,26.13214241373292,True,0.0,0.0
2023-02-13,1859.0,1861.0,1850.0,1851.9000244140625,569,1903.7799987792969,1852.7859985351563,20.461053535119007,True,0.0,0.0
2023-02-14,1854.0999755859373,1862.0,1846.199951171875,1854.0,656,1901.1200012207032,1853.8439990234374,17.365251953035767,True,0.0,0.0
2023-02-15,1842.0,1842.0,1828.199951171875,1834.199951171875,368,1897.6099975585937,1854.6099975585937,16.418940691766707,True,0.0,0.0
2023-02-16,1838.5999755859373,1843.699951171875,1827.199951171875,1842.0,222,1893.604998779297,1856.1019970703126,20.861376240315934,True,0.0,0.0
2023-02-17,1827.4000244140625,1842.199951171875,1818.4000244140625,1840.4000244140625,35,1889.304998779297,1857.5239965820313,21.45328719723183,True,0.0,0.0
2023-02-21,1842.5999755859373,1843.0,1833.0,1833.0,862,1884.6,1858.4739965820313,16.792853554320004,True,0.0,0.0
2023-02-22,1835.699951171875,1836.199951171875,1825.0999755859373,1832.0,278,1879.5049987792968,1859.3399975585937,16.874141034169526,True,0.0,0.0
2023-02-23,1826.4000244140625,1827.5,1818.0,1818.0,291,1873.3450012207031,1859.737998046875,16.587361125402893,True,0.0,0.0
2023-02-24,1808.800048828125,1808.800048828125,1808.800048828125,1808.800048828125,404,1867.3300048828125,1860.3039990234374,23.712360179700752,True,0.0,0.0
2023-02-27,1811.5999755859373,1817.5,1808.9000244140625,1817.0,829,1861.7500061035157,1860.3659985351562,27.179995878147167,True,0.0,0.0
2023-02-28,1808.0999755859373,1830.0,1808.0999755859373,1828.9000244140625,618,1857.0500061035157,1860.7939990234374,31.260989795056688,False,0.0,0.0
2023-03-01,1827.0999755859373,1841.699951171875,1827.0999755859373,1837.699951171875,211,1852.4600036621093,1862.0039990234375,33.07753707120564,False,0.0,0.0
2023-03-02,1830.0,1836.300048828125,1830.0,1833.5,154,1847.7450012207032,1862.8739990234376,35.17678645736497,False,0.0,0.0
2023-03-03,1837.300048828125,1855.4000244140625,1837.300048828125,1847.699951171875,61,1844.3149963378905,1864.0739990234374,43.765435209918856,False,0.0,0.0
2023-03-06,1853.300048828125,1853.800048828125,1844.199951171875,1847.9000244140625,5,1843.5649963378905,1864.7139990234375,48.18840419462271,False,0.0,0.0
2023-03-07,1840.9000244140625,1840.9000244140625,1813.9000244140625,1813.9000244140625,450,1840.95,1864.6739990234375,35.91005051809138,False,0.0,0.0
2023-03-08,1811.5999755859373,1812.9000244140625,1811.5,1812.699951171875,75,1838.0,1865.187998046875,41.30961661814773,False,0.0,0.0
2023-03-09,1816.4000244140625,1829.300048828125,1815.5999755859373,1829.300048828125,332,1835.5950012207031,1865.8559985351562,45.207565595518865,False,0.0,0.0
2023-03-10,1852.300048828125,1868.5,1852.0,1862.0,248,1835.3850036621093,1866.7999975585938,56.60146051629184,False,0.0,0.0
2023-03-13,1890.800048828125,1913.0999755859373,1875.0999755859373,1911.699951171875,503,1837.8299987792968,1868.87599609375,69.11121624537864,False,0.0,0.0
2023-03-14,1912.199951171875,1912.199951171875,1901.0999755859373,1906.199951171875,107,1840.5449951171875,1870.6099951171875,67.63307642858302,False,0.0,0.0
2023-03-15,1903.9000244140625,1926.5999755859373,1898.5,1926.5999755859373,564,1844.1749938964845,1872.7479956054688,75.04612829211298,False,0.0,0.0
2023-03-16,1909.9000244140625,1931.699951171875,1909.9000244140625,1919.0,394,1848.4149963378907,1874.3339965820312,75.60408368398309,False,0.0,0.0
2023-03-17,1946.0,1985.0999755859373,1946.0,1969.800048828125,82,1854.804998779297,1876.6739965820314,79.63538011778984,False,0.0,0.0
2023-03-20,1988.300048828125,2003.9000244140625,1968.9000244140625,1979.199951171875,389,1861.7449951171875,1879.5619946289062,79.43595179727434,False,0.0,0.0
2023-03-21,1973.800048828125,1973.800048828125,1938.0,1938.0,47,1866.9949951171875,1881.0379956054687,67.43136354726124,False,0.0,0.0
2023-03-22,1946.800048828125,1974.0,1946.800048828125,1946.800048828125,50,1872.7349975585937,1882.5199975585938,69.38077829312074,False,0.0,0.0
2023-03-23,1990.5,1994.5999755859373,1990.5,1993.800048828125,33,1881.525,1884.9639990234375,72.4700174976157,False,0.0,0.0
2023-03-24,1991.699951171875,1995.4000244140625,1982.0999755859373,1982.0999755859373,19,1890.1899963378905,1887.1139990234376,69.93462748619363,True,0.0,0.0
2023-03-27,1957.199951171875,1957.199951171875,1952.4000244140625,1952.4000244140625,877,1896.9599975585938,1888.2519995117189,70.83959970641418,True,0.0,0.0
2023-03-28,1972.4000244140625,1972.4000244140625,1972.4000244140625,1972.4000244140625,21,1904.1349975585938,1889.3319995117188,72.74282032855034,True,0.0,0.0
2023-03-29,1966.0999755859373,1966.0999755859373,1966.0999755859373,1966.0999755859373,88563,1910.554998779297,1890.51,70.07041610296889,True,0.0,0.0
2023-03-30,1965.9000244140625,1984.4000244140625,1954.9000244140625,1980.300048828125,10119,1917.895001220703,1892.0280004882814,68.35247144055067,True,0.0,0.0
2023-03-31,1981.300048828125,1986.800048828125,1968.0,1969.0,957,1923.9600036621093,1892.9660009765626,60.09158493535307,True,0.0,0.0
2023-04-03,1968.0999755859373,1991.699951171875,1950.0,1983.9000244140625,737,1930.7600036621093,1894.1160009765624,63.24582815689751,True,0.0,0.0
2023-04-04,1984.5999755859373,2027.0999755859373,1979.0,2022.199951171875,811,1941.175,1896.0180004882814,65.35988963465607,True,0.0,0.0
2023-04-05,2022.0999755859373,2033.800048828125,2013.5999755859373,2020.9000244140625,525,1951.5850036621093,1897.7580004882811,66.71039951700354,True,0.0,0.0
2023-04-06,2022.199951171875,2023.300048828125,2005.0,2011.9000244140625,0,1960.7150024414063,1899.172001953125,58.000756269965166,True,0.0,0.0
2023-04-10,2000.0,2006.5999755859373,1984.0,1989.0999755859373,652,1967.070001220703,1900.372001953125,51.79023870585214,True,0.0,0.0
2023-04-11,1991.4000244140625,2006.5,1991.4000244140625,2004.800048828125,68,1971.7250061035156,1901.8960034179688,63.30676969196482,True,0.0,0.0
2023-04-12,2005.199951171875,2025.699951171875,2005.199951171875,2010.9000244140625,172,1976.960009765625,1903.6560034179688,62.90775905509871,True,0.0,0.0
2023-04-13,2015.5999755859373,2048.60009765625,2015.5999755859373,2041.300048828125,1043,1982.6950134277345,1905.8920043945313,60.250315053885764,True,0.0,0.0
2023-04-14,2041.0,2047.800048828125,1995.0,2002.199951171875,718,1986.8550109863281,1907.3800024414063,53.87880326908829,True,0.0,0.0
2023-04-17,2002.699951171875,2007.5999755859373,1983.199951171875,1994.199951171875,554,1988.0750061035155,1908.9380004882812,58.803681439008834,True,0.0,0.0
2023-04-18,1996.9000244140625,2007.4000244140625,1996.9000244140625,2007.4000244140625,72,1989.485009765625,1911.8280004882813,57.5888872772855,True,0.0,0.0
2023-04-19,2005.699951171875,2006.4000244140625,1969.800048828125,1995.199951171875,61,1992.3450073242188,1914.4080004882812,56.152205185167254,True,0.0,0.0
2023-04-20,1998.0,2007.5999755859373,1998.0,2007.5999755859373,164,1995.3850036621093,1917.1260009765624,55.81591176830071,True,0.0,0.0
2023-04-21,1996.199951171875,1996.199951171875,1974.0999755859373,1979.5,132,1994.6700012207032,1919.1680004882812,52.08747312271573,True,0.0,0.0
2023-04-24,1981.300048828125,1989.800048828125,1977.4000244140625,1989.0999755859373,145,1995.020001220703,1921.6260009765624,51.05604123613195,True,0.0,0.0
2023-04-25,1995.699951171875,1999.0999755859373,1982.300048828125,1994.0,306,1997.1,1924.25,43.374080745270355,True,0.0,0.0
2023-04-26,1997.800048828125,1998.800048828125,1985.5999755859373,1985.699951171875,615,1997.7649963378906,1926.9259985351562,41.9927191138534,True,0.0,0.0
2023-04-27,1990.5999755859373,2002.300048828125,1979.9000244140625,1989.9000244140625,355,1998.9549987792968,1929.6439990234376,44.88373254966263,True,0.0,0.0
2023-04-28,1986.9000244140625,1990.0999755859373,1977.699951171875,1990.0999755859373,152,1999.4449951171875,1932.7619995117188,50.25987473225796,True,0.0,0.0
2023-05-01,1980.0999755859373,2005.0,1976.9000244140625,1983.4000244140625,210,2000.1649963378907,1935.59,44.16575979339927,True,0.0,0.0
2023-05-02,1994.699951171875,2018.0,1994.699951171875,2014.300048828125,1896,2001.6849975585938,1939.0680004882813,50.81652719285029,True,0.0,0.0
2023-05-03,2017.0999755859373,2035.0999755859373,2015.199951171875,2028.5999755859373,1349,2002.0049987792968,1942.98,46.694414701798564,True,0.0,0.0
2023-05-04,2045.0,2072.0,2040.0,2048.0,930,2003.3599975585937,1947.3,63.28306551998092,True,0.0,0.0
2023-05-05,2046.4000244140625,2046.4000244140625,2004.300048828125,2017.4000244140625,59,2003.6349975585938,1951.2880004882813,55.948733004849664,True,0.0,0.0
2023-05-08,2022.5,2026.300048828125,2022.5,2026.300048828125,3,2005.4950012207032,1955.6380004882812,54.95543187077325,True,0.0,0.0
2023-05-09,2026.5999755859373,2037.300048828125,2025.9000244140625,2036.199951171875,241,2007.0649963378905,1960.0219995117188,60.881109674142124,True,0.0,0.0
2023-05-10,2032.300048828125,2044.300048828125,2029.5,2030.5,248,2008.0449951171875,1964.0539990234374,56.30160868265393,True,0.0,0.0
2023-05-11,2034.0999755859373,2038.300048828125,2014.0,2014.699951171875,90,2006.714990234375,1967.5939990234374,60.389601966961756,True,0.0,0.0
2023-05-12,2014.5,2014.5,2014.5,2014.5,115,2007.3299926757813,1971.2139990234375,57.93751368523696,True,0.0,0.0
2023-05-15,2013.800048828125,2018.0,2013.800048828125,2018.0,3,2008.5199951171876,1974.62,57.56621127573602,True,0.0,0.0
2023-05-16,1988.4000244140625,1988.4000244140625,1988.4000244140625,1988.4000244140625,49,2007.5699951171875,1977.43,50.750438171209424,True,0.0,0.0
2023-05-17,1983.5999755859373,1983.5999755859373,1980.699951171875,1980.699951171875,13,2006.8449951171874,1980.7659985351563,47.49179818305377,True,0.0,0.0
2023-05-18,1956.5,1956.800048828125,1956.5,1956.5,23,2004.2899963378907,1983.6419995117187,41.89970800797406,True,0.0,0.0
2023-05-19,1960.0,1978.699951171875,1960.0,1978.699951171875,106,2004.2499938964843,1986.6299975585937,48.94569809884474,True,0.0,0.0
2023-05-22,1980.5,1980.5,1974.800048828125,1974.800048828125,8,2003.5349975585937,1988.8859985351562,39.91830808631552,True,0.0,0.0
2023-05-23,1972.4000244140625,1972.4000244140625,1972.4000244140625,1972.4000244140625,1,2002.4549987792968,1990.1,34.72825387474249,True,0.0,0.0
2023-05-24,1975.4000244140625,1975.4000244140625,1962.800048828125,1962.800048828125,189,2001.3100036621095,1991.232001953125,25.54532305941514,True,0.0,0.0
2023-05-25,1943.0999755859373,1943.0999755859373,1943.0999755859373,1943.0999755859373,1,1998.9700012207031,1991.562001953125,27.250417117672,True,0.0,0.0
2023-05-26,1948.199951171875,1948.4000244140625,1944.0999755859373,1944.0999755859373,166036,1996.6700012207032,1992.0640014648438,23.552062590580746,True,0.0,0.0
2023-05-30,1942.699951171875,1962.5999755859373,1931.0,1958.0,37838,1995.4,1991.8280004882813,25.470514717369596,True,0.0,0.0
2023-05-31,1958.199951171875,1973.0,1953.0,1963.9000244140625,5959,1992.8799987792968,1991.522001953125,29.135342802707328,True,0.0,0.0
2023-06-01,1963.199951171875,1983.0,1954.300048828125,1978.0,750,1990.35,1992.322001953125,38.378728983638425,False,0.0,0.0
2023-06-02,1977.0999755859373,1982.5,1947.4000244140625,1952.4000244140625,356,1985.570001220703,1992.4340014648437,33.06055635581683,False,0.0,0.0
2023-06-05,1947.5,1961.9000244140625,1937.800048828125,1958.0,713,1982.6,1991.7180004882812,33.81876170334927,False,0.0,0.0
2023-06-06,1960.800048828125,1965.5,1958.800048828125,1965.5,164,1979.5599975585938,1991.3860009765624,42.98835435241036,False,0.0,0.0
2023-06-07,1959.0,1968.4000244140625,1940.699951171875,1942.699951171875,139,1974.8849975585938,1991.1919995117187,39.34976995481209,False,0.0,0.0
2023-06-08,1943.199951171875,1969.0,1943.0999755859373,1963.5999755859373,433,1971.5399963378902,1991.0159985351559,52.02740621812727,False,0.0,0.0
2023-06-09,1965.0999755859373,1969.800048828125,1960.300048828125,1962.199951171875,49,1968.9149963378902,1990.9379980468748,44.653274537074395,False,0.0,0.0
2023-06-12,1959.699951171875,1963.5,1951.4000244140625,1955.300048828125,212,1965.9549987792966,1990.4379980468748,43.80165481661521,False,0.0,0.0
2023-06-13,1960.5999755859373,1967.5,1940.300048828125,1944.5999755859373,343,1962.2849975585934,1989.9499975585934,41.60627040032547,False,0.0,0.0
2023-06-14,1946.199951171875,1958.199951171875,1940.300048828125,1955.300048828125,202,1960.6299987792966,1989.3779980468746,47.750452545679295,False,0.0,0.0
2023-06-15,1941.699951171875,1958.800048828125,1926.0,1957.800048828125,329,1959.485003662109,1988.0899999999997,54.916408441216525,False,0.0,0.0
2023-06-16,1961.4000244140625,1962.9000244140625,1953.5,1958.4000244140625,119,1959.580004882812,1986.8399999999997,54.7954525358843,False,0.0,0.0
2023-06-20,1958.5999755859373,1958.5999755859373,1931.300048828125,1935.5,193,1957.4200073242184,1985.3119995117186,42.88425486968365,False,0.0,0.0
2023-06-21,1935.5999755859373,1936.800048828125,1920.0,1933.300048828125,557,1955.3450073242184,1984.1960009765621,40.09068304812052,False,0.0,0.0
2023-06-22,1920.0,1921.0,1912.0999755859373,1912.699951171875,237,1952.360003662109,1982.3539990234372,29.707896401925808,False,0.0,0.0
2023-06-23,1918.699951171875,1932.5,1918.699951171875,1919.0999755859373,105,1950.1749999999997,1980.5179980468747,38.24982253740488,False,0.0,0.0
2023-06-26,1922.9000244140625,1928.5,1922.5,1923.699951171875,71,1949.2049987792966,1978.1659960937498,37.810944841994214,False,0.0,0.0
2023-06-27,1927.0,1929.4000244140625,1914.0,1914.0,49,1947.7,1976.4019970703123,31.980424349798994,False,0.0,0.0
2023-06-28,1912.300048828125,1912.300048828125,1912.300048828125,1912.300048828125,628,1945.4150024414062,1974.7639990234372,37.52057054318261,False,0.0,0.0
2023-06-29,1909.9000244140625,1909.9000244140625,1892.5,1909.199951171875,289,1942.679998779297,1972.7999975585935,23.846172806757224,False,0.0,0.0
2023-06-30,1908.5999755859373,1921.0999755859373,1900.5999755859373,1921.0999755859373,445,1939.8349975585938,1971.3179980468747,32.05243154208216,False,0.0,0.0
2023-07-03,1917.9000244140625,1929.5,1917.9000244140625,1921.699951171875,41,1938.2999938964845,1969.5999975585935,34.47318068178748,False,0.0,0.0
2023-07-05,1923.5,1933.9000244140625,1914.699951171875,1919.5999755859373,193,1936.3799926757813,1968.4019970703123,37.449811502051716,False,0.0,0.0
2023-07-06,1909.300048828125,1910.199951171875,1903.199951171875,1908.699951171875,81,1933.539990234375,1966.793996582031,26.65326910986566,False,0.0,0.0
2023-07-07,1913.4000244140625,1934.0999755859373,1913.4000244140625,1926.199951171875,61,1932.714990234375,1965.4379956054684,36.23689711858892,False,0.0,0.0
2023-07-10,1923.5999755859373,1926.0999755859373,1912.300048828125,1925.0,269,1930.7849914550782,1964.2239965820308,35.528588670734976,False,0.0,0.0
2023-07-11,1925.0,1937.0,1924.199951171875,1931.300048828125,142,1929.2399963378907,1963.0519970703122,47.87451968815252,False,0.0,0.0
2023-07-12,1932.300048828125,1958.0,1932.199951171875,1956.199951171875,132,1929.2849914550782,1962.373996582031,59.423828125,False,0.0,0.0
2023-07-13,1961.0999755859373,1961.0999755859373,1953.0,1959.199951171875,121,1930.014990234375,1961.8899951171873,72.37730688434914,False,0.0,0.0
2023-07-14,1958.4000244140625,1960.5999755859373,1952.699951171875,1960.0999755859373,94,1930.2549865722656,1960.8059936523434,70.83335400921979,False,0.0,0.0
2023-07-17,1954.0,1956.5,1946.5999755859373,1952.4000244140625,29,1929.9849853515625,1959.281994628906,64.13798411761104,False,0.0,0.0
2023-07-18,1968.800048828125,1978.4000244140625,1963.4000244140625,1977.199951171875,83,1930.924981689453,1957.8659936523434,77.10121379500967,False,0.0,0.0
2023-07-19,1977.0,1977.5,1973.0,1977.5,35,1933.0249816894532,1957.0679931640623,78.29860191285967,False,0.0,0.0
2023-07-20,1973.699951171875,1973.699951171875,1965.5999755859373,1968.300048828125,638,1934.7749816894532,1955.9079931640622,74.36116769046228,False,0.0,0.0
2023-07-21,1961.800048828125,1964.300048828125,1961.800048828125,1964.300048828125,50,1937.3549865722657,1954.4699951171872,69.0476882486107,False,0.0,0.0
2023-07-24,1965.300048828125,1965.5,1960.300048828125,1960.300048828125,2,1939.414990234375,1953.0659960937496,66.52404203907935,False,0.0,0.0
2023-07-25,1953.0,1962.5,1953.0,1962.0999755859373,19,1941.3349914550781,1952.013996582031,68.2403815726882,False,0.0,0.0
2023-07-26,1966.199951171875,1972.0,1966.199951171875,1968.9000244140625,51,1944.0799926757813,1951.101997070312,76.77944436178508,False,0.0,0.0
2023-07-27,1945.4000244140625,1945.4000244140625,1945.4000244140625,1945.4000244140625,194253,1945.7349914550782,1949.6499975585934,58.108154085187536,False,0.0,0.0
2023-07-28,1945.5,1962.199951171875,1944.199951171875,1960.4000244140625,23155,1948.2949951171875,1949.0899975585935,63.38883138300677,False,0.0,0.0
2023-07-31,1959.199951171875,1971.5999755859373,1950.0,1970.5,1025,1950.7649963378906,1948.885998535156,64.41177262568333,True,0.0,0.0
2023-08-01,1964.9000244140625,1965.4000244140625,1940.699951171875,1940.699951171875,688,1951.7149963378906,1948.5699975585935,44.49964132615753,True,0.0,0.0
2023-08-02,1948.4000244140625,1953.5999755859373,1933.199951171875,1937.4000244140625,652,1952.604998779297,1947.7439990234373,42.28046985023888,True,0.0,0.0
2023-08-03,1934.199951171875,1936.5,1928.0,1932.0,773,1953.770001220703,1946.8879980468746,40.356894802412654,True,0.0,0.0
2023-08-04,1934.9000244140625,1945.0,1920.0,1939.5999755859373,290,1954.4400024414062,1946.2319970703122,45.60437441417082,True,0.0,0.0
2023-08-07,1941.0,1941.0,1929.800048828125,1933.5,376,1954.8650024414062,1945.6459960937498,32.781723876548185,True,0.0,0.0
2023-08-08,1931.699951171875,1933.199951171875,1923.0,1924.0999755859373,555,1954.5049987792968,1945.2659960937497,30.36762046151584,True,0.0,0.0
2023-08-09,1925.4000244140625,1928.800048828125,1913.699951171875,1915.4000244140625,451,1952.4650024414063,1944.6919970703125,30.47967820254675,True,0.0,0.0
2023-08-10,1921.0999755859373,1927.800048828125,1911.4000244140625,1914.4000244140625,178,1950.2250061035156,1943.8199975585937,31.169784759898917,True,0.0,0.0
2023-08-11,1913.0,1916.5999755859373,1911.800048828125,1912.9000244140625,57,1947.865008544922,1942.7999975585938,31.769204260445647,True,0.0,0.0
2023-08-14,1909.300048828125,1912.5999755859373,1903.300048828125,1910.5999755859373,46,1945.7750061035156,1941.4519970703125,30.268199233716473,True,0.0,0.0
2023-08-15,1906.0,1907.699951171875,1895.0,1902.5,73,1942.0400085449219,1940.4539965820313,24.810295404763252,True,0.0,0.0
2023-08-16,1904.5,1904.5,1890.300048828125,1896.0999755859373,22,1937.9700073242188,1939.21599609375,28.50912388173103,False,0.0,0.0
2023-08-17,1893.699951171875,1902.4000244140625,1884.0,1884.0999755859373,245,1933.7600036621093,1937.5879956054687,15.845979327815044,False,0.0,0.0
2023-08-18,1891.800048828125,1891.800048828125,1886.0999755859373,1886.0999755859373,19,1929.85,1936.45599609375,9.2663878844006,False,0.0,0.0
2023-08-21,1893.5999755859373,1893.5999755859373,1893.300048828125,1893.300048828125,876,1926.5,1935.0499975585938,20.740801022376544,False,0.0,0.0
2023-08-22,1894.5999755859373,1896.800048828125,1892.800048828125,1896.4000244140625,46,1923.2150024414063,1933.7339990234375,24.628728203361774,False,0.0,0.0
2023-08-23,1909.5999755859373,1918.5,1909.5999755859373,1918.5,547,1920.695001220703,1932.997998046875,43.07692307692307,False,0.0,0.0
2023-08-24,1920.0,1920.800048828125,1918.199951171875,1918.199951171875,337,1919.3349975585938,1932.4699975585938,38.13746838286756,False,0.0,0.0
2023-08-25,1919.800048828125,1919.800048828125,1911.0999755859373,1911.0999755859373,195,1916.8699951171875,1931.58599609375,37.71929472327401,False,0.0,0.0
2023-08-28,1915.5,1921.5,1915.5,1917.9000244140625,99,1914.2399963378907,1930.7879956054687,46.501160080020874,False,0.0,0.0
2023-08-29,1917.9000244140625,1936.5,1916.9000244140625,1936.5,1674,1914.0299987792969,1930.3499951171875,60.710634231943125,False,0.0,0.0
2023-08-30,1936.0,1946.4000244140625,1934.5999755859373,1944.300048828125,396,1914.375,1930.52599609375,64.19751941471252,False,0.0,0.0
2023-08-31,1944.4000244140625,1944.4000244140625,1938.199951171875,1938.199951171875,491,1914.6849975585938,1930.623994140625,61.51040260889935,False,0.0,0.0
2023-09-01,1950.0,1950.0,1936.5999755859373,1939.800048828125,167,1914.695001220703,1931.16599609375,63.36995804683599,False,0.0,0.0
2023-09-05,1934.4000244140625,1934.4000244140625,1924.699951171875,1926.199951171875,113,1914.3299987792968,1931.3079956054687,60.331238173485964,False,0.0,0.0
2023-09-06,1924.0999755859373,1925.300048828125,1916.300048828125,1918.0999755859373,24,1914.0299987792969,1931.19599609375,59.45014010772346,False,0.0,0.0
2023-09-07,1917.5999755859373,1921.5,1917.5,1917.5,41,1914.1349975585938,1931.26599609375,65.90471805925156,False,0.0,0.0
2023-09-08,1924.0,1924.699951171875,1918.4000244140625,1918.4000244140625,105,1914.3349975585938,1931.3879956054689,65.54375716675753,False,0.0,0.0
2023-09-11,1923.0,1928.300048828125,1921.800048828125,1923.300048828125,50,1914.854998779297,1931.6699975585936,64.76372986026834,False,0.0,0.0
2023-09-12,1920.800048828125,1920.800048828125,1911.300048828125,1911.300048828125,365,1914.8900024414063,1931.4739990234375,56.742070150980005,False,0.0,0.0
2023-09-13,1910.300048828125,1914.5999755859373,1908.9000244140625,1909.0999755859373,15,1915.2200012207031,1931.2219995117186,44.81237511772441,False,0.0,0.0
2023-09-14,1903.0,1910.0,1903.0,1910.0,169,1915.9150024414062,1931.03,45.50443439689261,False,0.0,0.0
2023-09-15,1923.5,1927.300048828125,1923.5,1923.699951171875,8,1917.895001220703,1931.33,56.44167797289259,False,0.0,0.0
2023-09-18,1928.199951171875,1931.5,1926.4000244140625,1931.5,19,1920.1650024414062,1931.4360009765626,56.882549825605714,False,0.0,0.0
2023-09-19,1934.0,1934.0,1932.0,1932.0,6,1922.1,1931.5760009765625,47.21191109336288,False,0.0,0.0
2023-09-20,1945.5999755859373,1945.5999755859373,1929.199951171875,1945.5999755859373,119,1924.5599975585938,1931.8619995117188,50.751399569015874,False,0.0,0.0
2023-09-21,1924.0,1924.0,1919.199951171875,1919.199951171875,9,1924.5949951171874,1931.1219995117187,41.10489331449707,False,0.0,0.0
2023-09-22,1925.4000244140625,1925.4000244140625,1925.4000244140625,1925.4000244140625,1,1924.9549987792968,1930.4460009765626,43.53680893193117,False,0.0,0.0
2023-09-25,1916.5999755859373,1916.5999755859373,1916.5999755859373,1916.5999755859373,114,1925.229998779297,1929.5760009765625,45.497206473606546,False,0.0,0.0
2023-09-26,1905.0,1905.0999755859373,1900.4000244140625,1900.4000244140625,161,1924.354998779297,1928.5360009765625,42.28425412718288,False,0.0,0.0
2023-09-27,1871.5999755859373,1871.5999755859373,1871.5999755859373,1871.5999755859373,12251,1921.1099975585937,1926.4240014648437,33.93983969438908,False,0.0,0.0
2023-09-28,1875.5,1878.199951171875,1856.699951171875,1860.4000244140625,4654,1916.9149963378907,1924.082001953125,31.07052021647533,False,0.0,0.0
2023-09-29,1864.300048828125,1872.300048828125,1846.0,1848.0999755859373,1605,1912.4099975585937,1921.6780004882812,26.58780499484277,False,0.0,0.0
2023-10-02,1844.0999755859373,1845.9000244140625,1826.699951171875,1830.0,2309,1906.9199951171875,1918.9919995117189,25.61489094967223,False,0.0,0.0
2023-10-03,1825.0,1830.9000244140625,1816.800048828125,1824.5999755859373,310,1901.8399963378906,1916.277998046875,25.13245228197283,False,0.0,0.0
2023-10-04,1821.800048828125,1828.199951171875,1816.4000244140625,1818.5,357,1896.8599975585937,1913.4059985351562,23.872087673066403,False,0.0,0.0
2023-10-05,1826.300048828125,1826.300048828125,1815.5999755859373,1816.5999755859373,393,1891.8149963378905,1910.3599975585937,17.207635179834753,False,0.0,0.0
2023-10-06,1819.0,1831.800048828125,1809.4000244140625,1830.199951171875,390,1887.4049926757812,1908.05599609375,20.047312144653603,False,0.0,0.0
2023-10-09,1842.5,1861.5,1842.5,1849.5,232,1883.714990234375,1905.8379956054687,28.046850536420322,False,0.0,0.0
2023-10-10,1857.0,1861.4000244140625,1852.800048828125,1861.0,236,1881.1999877929688,1903.6479956054689,27.233612009920748,False,0.0,0.0
2023-10-11,1869.5,1874.5999755859373,1869.0999755859373,1872.800048828125,65,1879.384991455078,1902.2899975585938,36.448642111928116,False,0.0,0.0
2023-10-12,1874.699951171875,1881.199951171875,1867.0,1869.300048828125,46,1877.3499938964844,1900.927998046875,33.353135031401436,False,0.0,0.0
2023-10-13,1877.5,1930.0999755859373,1877.5,1927.4000244140625,43,1877.5349975585937,1900.8359985351562,52.47934949653019,False,0.0,0.0
2023-10-16,1910.4000244140625,1921.0999755859373,1910.300048828125,1921.0999755859373,53,1877.0149963378906,1900.4659985351564,54.978339727487985,False,0.0,0.0
2023-10-17,1914.300048828125,1925.800048828125,1914.300048828125,1922.699951171875,103,1876.5499938964845,1900.2499975585938,64.13944517815706,False,0.0,0.0
2023-10-18,1935.0,1957.9000244140625,1935.0,1955.300048828125,67,1877.0349975585937,1900.8739990234376,73.4784565158959,False,0.0,0.0
2023-10-19,1950.0999755859373,1977.699951171875,1945.699951171875,1968.4000244140625,1945,1879.4950012207032,1901.9339990234375,79.64513602196658,False,0.0,0.0
2023-10-20,1981.0999755859373,1988.5999755859373,1980.4000244140625,1982.5,557,1882.35,1903.2959985351563,88.335818926101,False,0.0,0.0
2023-10-23,1976.199951171875,1978.9000244140625,1972.9000244140625,1976.300048828125,127,1885.3350036621093,1904.5639990234374,87.98197736718204,False,0.0,0.0
2023-10-24,1970.300048828125,1975.0,1970.300048828125,1975.0,10,1889.0650024414062,1905.8519995117188,90.14876407815983,False,0.0,0.0
2023-10-25,1971.199951171875,1985.300048828125,1971.199951171875,1984.0999755859373,97,1894.6900024414062,1907.4839990234375,91.43986122285271,False,0.0,0.0
2023-10-26,1988.199951171875,1988.199951171875,1980.4000244140625,1987.199951171875,521,1901.0299987792969,1909.3059985351563,90.97075156028197,False,0.0,0.0
2023-10-27,1988.5999755859373,1988.5999755859373,1988.5999755859373,1988.5999755859373,372,1908.054998779297,1911.3959985351562,90.04027545572535,False,0.0,0.0
2023-10-30,2004.0999755859373,2004.0999755859373,1992.5,1996.199951171875,157,1916.3649963378907,1913.597998046875,89.81151716532388,True,0.0,0.0
2023-10-31,1996.5,2001.0,1983.699951171875,1985.199951171875,84,1924.3949951171876,1915.43599609375,83.25440897744073,True,0.0,0.0
2023-11-01,1990.5,1990.5,1977.800048828125,1978.800048828125,41,1932.4099975585937,1917.0839965820312,81.84993083388478,True,0.0,0.0
2023-11-02,1989.0999755859373,1990.300048828125,1979.5,1985.5999755859373,39,1940.8599975585937,1918.42599609375,74.12936229824452,True,0.0,0.0
2023-11-03,1989.0,1991.5,1989.0,1991.5,12,1948.925,1919.8919970703125,79.28457758229352,True,0.0,0.0
2023-11-06,1981.5999755859373,1981.5999755859373,1977.4000244140625,1981.5999755859373,130,1955.5299987792969,1921.3019970703126,72.91831920894549,True,0.0,0.0
2023-11-07,1966.5,1966.800048828125,1960.699951171875,1966.800048828125,20,1960.820001220703,1922.2799975585938,55.19423235544499,True,0.0,0.0
2023-11-08,1967.800048828125,1967.800048828125,1947.699951171875,1951.5,43,1964.7549987792968,1922.5799975585937,42.51547506419786,True,0.0,0.0
2023-11-09,1951.699951171875,1964.199951171875,1945.300048828125,1964.199951171875,10,1969.4999938964843,1922.9779956054688,41.79368210850378,True,0.0,0.0
2023-11-10,1959.5999755859373,1959.5999755859373,1932.5999755859373,1932.5999755859373,375,1969.759991455078,1922.86599609375,34.03939248298899,True,0.0,0.0
2023-11-13,1939.9000244140625,1947.199951171875,1934.0,1945.5,191,1970.9799926757812,1922.9799951171874,40.06732373757719,True,0.0,0.0
2023-11-14,1965.800048828125,1965.800048828125,1961.800048828125,1961.800048828125,2,1972.9349975585938,1923.6919970703125,42.83880820984524,True,0.0,0.0
2023-11-15,1962.800048828125,1962.800048828125,1960.0,1960.0999755859373,6,1973.1749938964845,1924.5319970703124,41.21840944601567,True,0.0,0.0
2023-11-16,1965.300048828125,1983.9000244140625,1964.5999755859373,1983.9000244140625,39,1973.9499938964843,1925.8599975585937,48.67007570157642,True,0.0,0.0
2023-11-17,1982.5,1984.0,1979.800048828125,1981.5999755859373,32,1973.9049926757812,1927.1239965820312,45.74096455474607,True,0.0,0.0
2023-11-20,1978.699951171875,1979.4000244140625,1969.699951171875,1977.699951171875,182,1973.9749877929687,1928.2119946289063,47.71759045310883,True,0.0,0.0
2023-11-21,1990.699951171875,2005.5,1988.5,1999.300048828125,16,1975.189990234375,1929.9719946289063,55.71029864002293,True,0.0,0.0
2023-11-22,1999.0999755859373,1999.4000244140625,1991.0,1991.4000244140625,6075,1975.5549926757812,1931.6179956054686,51.605769061790774,True,0.0,0.0
2023-11-24,1991.9000244140625,2002.199951171875,1991.5,2002.199951171875,63,1976.3049926757812,1933.4619946289063,52.8840800780196,True,0.0,0.0
2023-11-27,2011.699951171875,2011.800048828125,2011.699951171875,2011.800048828125,228,1977.4649963378906,1935.2239965820313,58.1533535333429,True,0.0,0.0
2023-11-28,2040.5999755859373,2042.699951171875,2039.699951171875,2039.699951171875,174665,1979.6399963378906,1937.3879956054689,68.38118876486932,True,0.0,0.0
2023-11-29,2041.699951171875,2052.10009765625,2036.0,2047.0999755859373,15290,1982.7349975585937,1939.6899951171874,75.10500019554289,True,0.0,0.0
2023-11-30,2046.0999755859373,2047.0999755859373,2033.0999755859373,2038.0999755859373,2506,1985.6999938964843,1941.5399951171876,69.79108162482031,True,0.0,0.0
2023-12-01,2038.300048828125,2073.199951171875,2036.0,2071.0,614,1989.9699951171874,1944.57599609375,86.80844543110533,True,0.0,0.0
2023-12-04,2075.300048828125,2130.199951171875,2021.0,2024.0999755859373,1071,1991.599993896484,1946.5499951171876,67.70266800173967,True,0.0,0.0
2023-12-05,2035.0999755859373,2037.0,2010.199951171875,2018.5,289,1993.444995117187,1948.5879956054687,63.416912578597426,True,0.0,0.0
2023-12-06,2019.9000244140625,2035.800048828125,2019.0,2030.5,417,1996.6299926757808,1951.1899951171874,65.88446629270739,True,0.0,0.0
2023-12-07,2029.199951171875,2034.9000244140625,2024.0,2029.9000244140625,67,2000.549993896484,1954.35599609375,61.59273337623839,True,0.0,0.0
2023-12-08,2031.699951171875,2033.0999755859373,1995.0,1998.300048828125,449,2002.2549987792966,1957.1139965820312,53.667120744494696,True,0.0,0.0
2023-12-11,2004.0999755859373,2004.199951171875,1977.199951171875,1978.0,651,2004.5249999999996,1959.7119970703125,50.06146020239359,True,0.0,0.0
2023-12-12,1984.199951171875,1994.199951171875,1977.800048828125,1977.800048828125,95,2006.1400024414058,1962.667998046875,45.17287725325841,True,0.0,0.0
2023-12-13,1978.5,2024.800048828125,1975.0,1982.300048828125,2252,2007.165002441406,1965.8219995117188,47.92522147169087,True,0.0,0.0
2023-12-14,2024.699951171875,2040.0999755859373,2024.300048828125,2030.199951171875,236,2010.6700012207027,1970.0559985351563,55.460220488395706,True,0.0,0.0
2023-12-15,2032.5999755859373,2043.4000244140625,2018.300048828125,2021.0999755859373,261,2012.5299987792964,1974.1459985351562,51.81710331049815,True,0.0,0.0
2023-12-18,2024.300048828125,2032.800048828125,2024.0,2026.300048828125,100,2014.7650024414058,1978.0680004882813,47.126950010835586,True,0.0,0.0
2023-12-19,2025.199951171875,2042.699951171875,2025.199951171875,2038.4000244140625,498,2017.8000061035152,1981.8460009765624,48.17151014225641,True,0.0,0.0
2023-12-20,2037.0999755859373,2037.0999755859373,2030.300048828125,2034.5,258,2019.560003662109,1985.3160009765625,49.226809124024676,True,0.0,0.0
2023-12-21,2035.800048828125,2044.5,2033.0,2039.0999755859373,228,2021.9450012207028,1988.6419995117187,42.200478372649506,True,0.0,0.0
2023-12-22,2055.699951171875,2068.699951171875,2052.199951171875,2057.10009765625,202,2024.6900085449215,1992.3980004882812,59.396391417538275,True,0.0,0.0
2023-12-26,2060.0,2060.800048828125,2054.199951171875,2058.199951171875,64,2027.010003662109,1995.0139990234375,61.601398351942315,True,0.0,0.0
2023-12-27,2067.300048828125,2081.89990234375,2064.800048828125,2081.89990234375,586,2029.1200012207028,1998.2299975585938,64.05906927297298,True,0.0,0.0
2023-12-28,2081.60009765625,2087.300048828125,2066.5,2073.89990234375,338,2030.4599975585934,2001.2539965820313,61.56675012210248,True,0.0,0.0
2023-12-29,2068.0,2068.89990234375,2062.10009765625,2062.39990234375,47,2031.6749938964845,2003.3959936523438,68.84183089838368,True,0.0,0.0
2024-01-02,2063.5,2073.699951171875,2057.10009765625,2064.39990234375,61,2031.344989013672,2005.3159912109375,78.45850247357544,True,0.0,0.0
2024-01-03,2034.199951171875,2044.0,2034.199951171875,2034.199951171875,54,2031.8499877929687,2006.349990234375,65.5115409614155,True,0.0,0.0
2024-01-04,2041.5999755859373,2044.5,2038.0,2042.300048828125,88,2033.039990234375,2007.669990234375,66.18123829665072,True,0.0,0.0
2024-01-05,2044.5,2048.10009765625,2042.4000244140625,2042.4000244140625,12,2033.634991455078,2009.0179907226564,54.43316693561764,True,0.0,0.0
2024-01-08,2019.0999755859373,2033.699951171875,2019.0999755859373,2026.5999755859373,10,2033.469989013672,2009.8679907226563,51.90575126088523,True,0.0,0.0
2024-01-09,2035.800048828125,2035.800048828125,2026.4000244140625,2026.4000244140625,27,2034.8749877929688,2010.6519921875,50.03588501023094,True,0.0,0.0
2024-01-10,2029.0,2035.5999755859373,2021.699951171875,2021.699951171875,538,2037.0599853515625,2011.3139916992188,43.66941995789084,True,0.0,0.0
2024-01-11,2025.0999755859373,2025.0999755859373,2014.300048828125,2014.300048828125,97,2038.8849853515626,2011.6759936523438,42.54063303509929,True,0.0,0.0
2024-01-12,2031.0999755859373,2057.0,2031.0999755859373,2046.699951171875,390,2042.10498046875,2012.9059936523438,52.32842633101292,True,0.0,0.0
2024-01-16,2051.699951171875,2054.800048828125,2026.0,2026.0,46,2041.8949829101562,2013.8499926757813,40.626834921452485,True,0.0,0.0
2024-01-17,2026.5,2026.5,2002.5999755859373,2002.5999755859373,764,2040.9699829101562,2014.1899926757812,35.228473412711494,True,0.0,0.0
2024-01-18,2012.800048828125,2018.5999755859373,2009.5,2018.5999755859373,1474,2040.584979248047,2014.7319921875,32.46538239143001,True,0.0,0.0
2024-01-19,2023.199951171875,2036.0,2019.5,2026.5,50,2039.9899780273438,2015.6299926757813,36.862547671054195,True,0.0,0.0
2024-01-22,2021.300048828125,2021.300048828125,2019.800048828125,2019.800048828125,12,2039.25498046875,2016.6899926757812,37.87019104436943,True,0.0,0.0
2024-01-23,2030.300048828125,2030.300048828125,2022.5,2023.699951171875,15,2038.4849792480468,2018.1339916992188,38.53520925287368,True,0.0,0.0
2024-01-24,2023.199951171875,2033.199951171875,2013.9000244140625,2013.9000244140625,253,2036.3249755859374,2019.1279931640624,43.53915930630379,True,0.0,0.0
2024-01-25,2012.0999755859373,2022.4000244140625,2012.0999755859373,2016.9000244140625,548,2034.2599792480469,2020.813994140625,41.64470868090665,True,0.0,0.0
2024-01-26,2021.699951171875,2022.4000244140625,2016.800048828125,2016.800048828125,49,2031.0049865722656,2022.2399951171874,41.57893511063856,True,0.0,0.0
2024-01-29,2025.199951171875,2025.199951171875,2025.199951171875,2025.199951171875,150708,2028.5699890136718,2023.5079931640626,49.51589578906588,True,0.0,0.0
2024-01-30,2032.5,2048.5,2028.0999755859373,2031.5,26907,2027.0249938964844,2024.9359936523438,51.69210007687129,True,0.0,0.0
2024-01-31,2035.4000244140625,2055.0,2030.0,2048.39990234375,2007,2026.2249938964844,2026.2259912109375,58.19522627675963,False,0.0,0.0
2024-02-01,2040.199951171875,2064.5,2029.0,2053.0,947,2027.1649963378907,2027.6539916992188,62.08621036708101,False,0.0,0.0
2024-02-02,2054.800048828125,2055.89990234375,2027.699951171875,2036.0999755859373,888,2026.8549926757812,2028.8219921875,46.33471809387606,False,0.0,0.0
2024-02-05,2038.9000244140625,2040.800048828125,2013.800048828125,2025.699951171875,412,2026.0199890136719,2029.349990234375,49.88829141307272,False,0.0,0.0
2024-02-06,2025.9000244140625,2037.300048828125,2025.9000244140625,2034.5,249,2026.414990234375,2030.2119897460936,63.325008336894214,False,0.0,0.0
2024-02-07,2032.800048828125,2039.5,2032.699951171875,2035.199951171875,71,2026.8549865722657,2030.8719897460937,57.9501966107879,False,0.0,0.0
2024-02-08,2028.0,2036.699951171875,2020.300048828125,2032.199951171875,341,2027.3799865722656,2031.2799877929688,52.864304099364254,False,0.0,0.0
2024-02-09,2032.0,2032.0,2020.0,2023.300048828125,62,2027.8299865722656,2030.9519897460937,51.72075225296594,False,0.0,0.0
2024-02-12,2025.5,2025.5,2011.5999755859373,2018.199951171875,317,2026.4049865722657,2030.3739892578126,47.32749989323286,False,0.0,0.0
2024-02-13,2025.0999755859373,2025.800048828125,1990.0,1992.9000244140625,198,2024.7499877929688,2029.469990234375,41.13174944222894,False,0.0,0.0
2024-02-14,1990.300048828125,1993.5,1984.800048828125,1990.300048828125,1916,2024.134991455078,2027.8559912109374,38.728812244285706,False,0.0,0.0
2024-02-15,1993.5999755859373,2007.199951171875,1993.5999755859373,2002.0999755859373,286,2023.309991455078,2027.4159912109376,44.33304062772636,False,0.0,0.0
2024-02-16,2005.0,2011.5,1996.5,2011.5,32,2022.559991455078,2027.2759912109375,44.759006775044966,False,0.0,0.0
2024-02-20,2015.5999755859373,2029.0,2015.5999755859373,2027.5,1326,2022.9449890136718,2027.2159912109375,48.57549758467547,False,0.0,0.0
2024-02-21,2028.199951171875,2028.199951171875,2022.300048828125,2022.300048828125,15,2022.8749938964843,2027.0639916992188,39.86019292238526,False,0.0,0.0
2024-02-22,2033.199951171875,2033.199951171875,2019.699951171875,2019.699951171875,964,2023.164990234375,2027.4919897460939,36.858697055474096,False,0.0,0.0
2024-02-23,2026.0,2038.5999755859373,2014.9000244140625,2038.5999755859373,22,2024.2499877929688,2028.7039892578125,50.97125133973879,False,0.0,0.0
2024-02-26,2034.0999755859373,2035.4000244140625,2024.800048828125,2028.5,143,2024.8349853515624,2029.71798828125,51.090362522484156,False,0.0,0.0
2024-02-27,2035.9000244140625,2035.9000244140625,2034.0,2034.0,964,2025.2749877929687,2030.7519873046874,49.80015963810159,False,0.0,0.0
2024-02-28,2029.5,2037.0,2024.800048828125,2033.0,581,2025.3499877929687,2030.80798828125,49.12282580338682,False,0.0,0.0
2024-02-29,2034.300048828125,2049.800048828125,2034.300048828125,2045.699951171875,706,2025.214990234375,2031.2999877929688,54.996304455074295,False,0.0,0.0
2024-03-01,2043.0999755859373,2086.89990234375,2041.800048828125,2086.89990234375,1210,2026.9099853515625,2032.5119848632812,68.9963830997419,False,0.0,0.0
2024-03-04,2083.60009765625,2119.800048828125,2080.699951171875,2117.699951171875,805,2030.9899841308593,2034.0979833984375,75.76387247024738,False,0.0,0.0
2024-03-05,2114.89990234375,2133.5,2111.39990234375,2133.5,1287,2036.3799865722656,2036.0779833984375,88.28975879142406,True,0.0,0.0
2024-03-06,2125.5,2150.300048828125,2125.5,2150.300048828125,443,2042.169989013672,2038.3019848632812,90.44488384808986,True,0.0,0.0
2024-03-07,2147.0,2163.0,2147.0,2158.0,152,2048.309991455078,2040.3199829101563,90.24263434819089,True,0.0,0.0
2024-03-08,2167.300048828125,2194.89990234375,2166.300048828125,2178.60009765625,259,2055.629998779297,2042.7279858398438,90.77598296616954,True,0.0,0.0
2024-03-11,2181.0,2184.0,2177.199951171875,2182.5,738,2063.5899963378906,2044.7399877929688,90.19708525545495,True,0.0,0.0
2024-03-12,2182.5,2182.699951171875,2160.39990234375,2160.39990234375,550,2070.6999938964846,2046.4699877929688,82.9279267741801,True,0.0,0.0
2024-03-13,2162.5,2175.39990234375,2162.5,2175.39990234375,20,2079.824987792969,2048.7299877929686,85.0517520737105,True,0.0,0.0
2024-03-14,2163.0,2163.0,2162.300048828125,2163.0,515,2088.4599853515624,2050.7019897460937,78.84973063563204,True,0.0,0.0
2024-03-15,2161.699951171875,2161.699951171875,2157.300048828125,2157.300048828125,100,2096.2199890136717,2053.163991699219,80.49244285177586,True,0.0,0.0
2024-03-18,2146.199951171875,2160.699951171875,2146.199951171875,2160.699951171875,21,2103.6799865722655,2055.5319897460936,80.29651839579299,True,0.0,0.0
2024-03-19,2156.10009765625,2156.300048828125,2156.10009765625,2156.300048828125,12,2110.119989013672,2057.809990234375,79.01180952643557,True,0.0,0.0
2024-03-20,2157.300048828125,2185.89990234375,2150.89990234375,2157.89990234375,17,2116.899981689453,2060.4359887695314,77.85505004648863,True,0.0,0.0
2024-03-21,2207.0,2211.60009765625,2182.39990234375,2182.39990234375,63,2125.034979248047,2063.555986328125,75.85277517084583,True,0.0,0.0
2024-03-22,2179.199951171875,2179.60009765625,2157.5,2158.10009765625,19,2131.0099853515626,2066.2839892578127,61.33565326994609,True,0.0,0.0
2024-03-25,2166.199951171875,2179.39990234375,2166.199951171875,2174.800048828125,79,2138.324987792969,2069.4939892578127,61.52992607597422,True,0.0,0.0
2024-03-26,2182.699951171875,2182.699951171875,2175.60009765625,2175.60009765625,202373,2145.404992675781,2072.0719921875,57.75602308193188,True,0.0,0.0
2024-03-27,2179.39990234375,2196.199951171875,2172.10009765625,2190.60009765625,31200,2153.2849975585937,2075.363994140625,59.565789247459726,True,0.0,0.0
2024-03-28,2193.60009765625,2234.10009765625,2187.10009765625,2217.39990234375,2040,2161.8699951171875,2079.6599926757813,60.98527683693924,True,0.0,0.0
2024-04-01,2235.699951171875,2264.199951171875,2230.0,2236.5,400,2169.35,2084.0179931640623,64.07721388475198,True,0.0,0.0
2024-04-02,2252.0,2279.199951171875,2247.60009765625,2261.0,435,2176.515002441406,2088.7079931640624,75.9012621945087,True,0.0,0.0
2024-04-03,2281.699951171875,2298.800048828125,2267.89990234375,2294.39990234375,285,2184.5599975585938,2094.199990234375,77.9869454275694,True,0.0,0.0
2024-04-04,2301.699951171875,2302.89990234375,2280.0,2288.800048828125,251,2191.484997558594,2099.5019921875,80.56380367588703,True,0.0,0.0
2024-04-05,2289.199951171875,2328.39990234375,2267.39990234375,2325.699951171875,344,2199.8699951171875,2105.7379907226564,85.52755194963059,True,0.0,0.0
2024-04-08,2325.60009765625,2341.800048828125,2319.0,2331.699951171875,202,2207.5249877929687,2112.0339892578127,85.68460502263098,True,0.0,0.0
2024-04-09,2337.800048828125,2364.699951171875,2337.800048828125,2343.5,211,2215.574987792969,2118.56798828125,87.89483932632803,True,0.0,0.0
2024-04-10,2346.60009765625,2358.10009765625,2327.699951171875,2329.60009765625,377,2224.0349975585937,2124.6559912109374,83.1084936304833,True,0.0,0.0
2024-04-11,2341.5,2376.300048828125,2330.60009765625,2354.800048828125,283,2233.0050048828125,2131.1219921875,83.15396771888442,True,0.0,0.0
2024-04-12,2377.300048828125,2429.0,2334.300048828125,2356.199951171875,584,2242.665002441406,2137.2779931640625,91.7757030517145,True,0.0,0.0
2024-04-15,2362.10009765625,2384.699951171875,2326.0,2365.800048828125,1801,2253.0900024414063,2143.533994140625,91.52182727969446,True,0.0,0.0
2024-04-16,2384.0,2390.800048828125,2371.39990234375,2390.800048828125,41,2264.595007324219,2150.6279956054686,92.32895473592515,True,0.0,0.0
2024-04-17,2384.199951171875,2391.39990234375,2369.300048828125,2371.699951171875,37,2275.3650024414064,2157.5479956054687,85.05616756222855,True,0.0,0.0
2024-04-18,2368.39990234375,2384.39990234375,2368.39990234375,2382.300048828125,128,2286.585009765625,2164.503996582031,84.05622599307613,True,0.0,0.0
2024-04-19,2379.300048828125,2399.800048828125,2377.300048828125,2398.39990234375,160,2297.385009765625,2171.767995605469,83.85616203367124,True,0.0,0.0
2024-04-22,2383.300048828125,2383.300048828125,2326.89990234375,2332.199951171875,53,2306.0900024414063,2177.767995605469,62.6780738248323,True,0.0,0.0
2024-04-23,2327.699951171875,2330.800048828125,2294.199951171875,2327.699951171875,171,2313.734997558594,2183.855993652344,56.60978444069041,True,0.0,0.0
2024-04-24,2321.300048828125,2328.699951171875,2314.60009765625,2324.5,95,2321.1799926757812,2189.9819946289062,57.15430583266713,True,0.0,0.0
2024-04-25,2315.0,2329.800048828125,2305.0,2329.800048828125,1024,2328.139990234375,2196.7199951171874,50.94082136158599,True,0.0,0.0
2024-04-26,2347.89990234375,2347.89990234375,2332.800048828125,2334.800048828125,717,2334.0099975585936,2203.6099951171873,50.714637863537824,True,0.0,0.0
2024-04-29,2334.800048828125,2345.5,2327.89990234375,2345.39990234375,405,2339.4549926757813,2210.4759936523437,50.440404479426284,True,0.0,0.0
2024-04-30,2322.5,2322.5,2291.39990234375,2291.39990234375,113,2340.974987792969,2216.073991699219,42.53318520724291,True,0.0,0.0
2024-05-01,2287.699951171875,2327.300048828125,2283.800048828125,2299.89990234375,42,2341.2499877929686,2221.521989746094,38.519410263714924,True,0.0,0.0
2024-05-02,2321.699951171875,2324.699951171875,2292.300048828125,2299.199951171875,56,2341.769982910156,2227.059987792969,38.045297116394906,True,0.0,0.0
2024-05-03,2300.0,2301.0,2277.60009765625,2299.0,194,2340.4349853515623,2232.6459887695314,35.414820950912755,True,0.0,0.0
2024-05-06,2322.800048828125,2325.5,2314.199951171875,2321.60009765625,9,2339.9299926757812,2238.3059912109375,34.73080408079271,True,0.0,0.0
2024-05-07,2324.300048828125,2324.300048828125,2315.199951171875,2315.199951171875,25,2338.514990234375,2244.039990234375,36.79288784592312,True,0.0,0.0
2024-05-08,2313.60009765625,2313.60009765625,2313.60009765625,2313.60009765625,4,2337.714990234375,2249.6319921875,33.23570869411357,True,0.0,0.0
2024-05-09,2310.699951171875,2339.5,2310.699951171875,2332.10009765625,5,2336.5799926757813,2255.613994140625,34.0087151101166,True,0.0,0.0
2024-05-10,2367.300048828125,2367.300048828125,2367.300048828125,2367.300048828125,126,2337.1349975585936,2262.04599609375,59.95466152627527,True,0.0,0.0
2024-05-13,2358.300048828125,2358.300048828125,2336.10009765625,2336.10009765625,14,2335.65,2267.03,52.06900408545172,True,0.0,0.0
2024-05-14,2336.0,2358.0,2336.0,2353.39990234375,6,2333.779992675781,2271.7439990234375,56.655908416175606,True,0.0,0.0
2024-05-15,2361.60009765625,2388.699951171875,2356.0,2388.699951171875,29,2334.629992675781,2276.847998046875,61.91825080030036,True,0.0,0.0
2024-05-16,2389.5,2392.199951171875,2380.0,2380.0,7,2334.514990234375,2281.4419970703125,59.01117032926919,True,0.0,0.0
2024-05-17,2380.699951171875,2415.800048828125,2380.699951171875,2412.199951171875,213,2335.2049926757813,2286.52599609375,62.26140467076376,True,0.0,0.0
2024-05-20,2415.800048828125,2435.800048828125,2409.699951171875,2433.89990234375,40,2340.289990234375,2291.6319921875,79.67518363960271,True,0.0,0.0
2024-05-21,2429.5,2429.5,2421.0,2421.699951171875,6,2344.989990234375,2296.4159912109376,74.97954642635762,True,0.0,0.0
2024-05-22,2417.5,2417.60009765625,2375.800048828125,2389.199951171875,180,2348.224987792969,2300.9919921875,66.32803475376842,True,0.0,0.0
2024-05-23,2371.199951171875,2371.199951171875,2335.0,2335.0,365,2348.4849853515625,2304.183994140625,55.46117152084382,True,0.0,0.0
2024-05-24,2342.60009765625,2345.39990234375,2332.5,2332.5,25,2348.369982910156,2307.573994140625,51.76089168658447,True,0.0,0.0
2024-05-28,2336.89990234375,2359.699951171875,2336.89990234375,2355.199951171875,26,2348.8599853515625,2311.5319921875,56.13874830082864,True,0.0,0.0
2024-05-29,2340.300048828125,2340.300048828125,2340.300048828125,2340.300048828125,119317,2351.3049926757812,2315.123994140625,53.93689194219234,True,0.0,0.0
2024-05-30,2336.89990234375,2349.5,2320.800048828125,2342.89990234375,32587,2353.4549926757813,2318.8559912109376,51.67076590241603,True,0.0,0.0
2024-05-31,2344.10009765625,2354.0,2319.0,2322.89990234375,941,2354.639990234375,2322.1559912109374,42.79216687209934,True,0.0,0.0
2024-06-03,2322.60009765625,2347.5,2312.0,2346.60009765625,781,2357.0199951171876,2325.4399951171877,51.74709102519731,True,0.0,0.0
2024-06-04,2347.5,2347.699951171875,2313.89990234375,2325.5,890,2357.214990234375,2328.7879931640623,45.415721286380425,True,0.0,0.0
2024-06-05,2326.39990234375,2354.300048828125,2326.199951171875,2354.10009765625,295,2359.1599975585937,2332.373994140625,44.18684970659631,True,0.0,0.0
2024-06-06,2355.0,2375.800048828125,2355.0,2370.300048828125,179,2361.9949951171875,2336.2679931640623,48.41036449868728,True,0.0,0.0
2024-06-07,2379.89990234375,2385.10009765625,2285.39990234375,2305.199951171875,269,2360.6499877929687,2338.559990234375,34.1715976331361,True,0.0,0.0
2024-06-10,2290.60009765625,2309.300048828125,2290.5,2307.699951171875,69,2357.6699829101562,2340.3659912109374,30.207037038455212,True,0.0,0.0
2024-06-11,2300.0,2314.10009765625,2300.0,2307.5,871,2356.2399780273436,2341.7859912109375,31.388537647226414,True,0.0,0.0
2024-06-12,2314.89990234375,2338.699951171875,2310.300048828125,2336.0,132,2355.369982910156,2343.2859912109375,41.21533312531395,True,0.0,0.0
2024-06-13,2309.39990234375,2317.699951171875,2296.199951171875,2300.199951171875,298,2350.9449829101563,2343.4019921875,43.8818511069162,True,0.0,0.0
2024-06-14,2307.0,2331.39990234375,2305.800048828125,2331.39990234375,948,2348.5149780273437,2344.2539892578125,49.824321732173686,True,0.0,0.0
2024-06-17,2320.199951171875,2320.199951171875,2309.60009765625,2312.39990234375,110,2343.5249755859377,2343.98798828125,43.08338258490669,False,0.0,0.0
2024-06-18,2311.800048828125,2330.39990234375,2311.800048828125,2330.39990234375,43,2338.3499755859375,2343.9619873046877,48.415977800017345,False,0.0,0.0
2024-06-20,2328.89990234375,2354.0,2328.300048828125,2353.800048828125,183,2334.95498046875,2344.16798828125,51.635182856125745,False,0.0,0.0
2024-06-21,2331.199951171875,2331.199951171875,2316.39990234375,2316.39990234375,76,2331.314978027344,2343.903984375,49.07328381379354,False,0.0,0.0
2024-06-24,2323.300048828125,2332.89990234375,2322.699951171875,2330.0,99,2331.064978027344,2343.4079833984374,47.56311375528635,False,0.0,0.0
2024-06-25,2324.39990234375,2333.0,2316.60009765625,2316.60009765625,105,2330.269982910156,2342.615986328125,48.66327847692804,False,0.0,0.0
2024-06-26,2307.89990234375,2314.39990234375,2298.0,2299.199951171875,986,2327.4699829101564,2341.283984375,41.46719435980526,False,0.0,0.0
2024-06-27,2296.800048828125,2329.0,2295.0,2324.5,1532,2326.67998046875,2339.9579833984376,43.077392009647525,False,0.0,0.0
2024-06-28,2325.39990234375,2338.300048828125,2319.0,2327.699951171875,92,2325.9199829101562,2339.0779833984375,54.183705339308666,False,0.0,0.0
2024-07-01,2323.800048828125,2329.699951171875,2321.699951171875,2327.60009765625,237,2326.154992675781,2337.983984375,53.73360755232072,False,0.0,0.0
2024-07-02,2330.699951171875,2334.60009765625,2323.0,2323.0,30,2324.974987792969,2336.475986328125,52.860830131001215,False,0.0,0.0
2024-07-03,2330.89990234375,2361.60009765625,2330.89990234375,2359.800048828125,59,2326.689990234375,2337.02798828125,54.26217968616786,False,0.0,0.0
2024-07-05,2354.89990234375,2388.5,2354.89990234375,2388.5,72,2328.4099853515627,2338.2439892578127,66.2256409244134,False,0.0,0.0
2024-07-08,2381.699951171875,2383.800048828125,2352.800048828125,2355.199951171875,64,2327.65498046875,2338.85798828125,54.33989983305509,False,0.0,0.0
2024-07-09,2363.10009765625,2363.699951171875,2360.10009765625,2360.10009765625,9,2330.3999877929687,2339.4639892578125,59.16956706202153,False,0.0,0.0
2024-07-10,2366.300048828125,2377.0,2365.800048828125,2372.199951171875,19,2333.6249877929686,2340.2119873046877,58.2218679318674,False,0.0,0.0
2024-07-11,2378.699951171875,2416.699951171875,2378.699951171875,2415.0,72,2338.9999877929686,2341.6039892578124,61.18418763111612,False,0.0,0.0
2024-07-12,2399.800048828125,2414.0,2391.300048828125,2414.0,355,2342.8999877929687,2344.0559912109375,70.57335946280872,False,0.0,0.0
2024-07-15,2430.0,2436.0,2422.89990234375,2422.89990234375,540,2349.0349853515627,2346.5159912109375,69.97847362231182,True,0.0,0.0
2024-07-16,2427.39990234375,2462.39990234375,2427.39990234375,2462.39990234375,93,2355.5849853515624,2349.779990234375,78.19020681138869,True,0.0,0.0
2024-07-17,2472.89990234375,2473.10009765625,2454.800048828125,2454.800048828125,10,2362.7049926757813,2352.8959912109376,81.27014063610065,True,0.0,0.0
2024-07-18,2466.0,2466.0,2451.800048828125,2451.800048828125,2,2368.775,2355.499990234375,78.10158632293641,True,0.0,0.0
2024-07-19,2418.800048828125,2419.199951171875,2395.5,2395.5,15,2370.859997558594,2357.1059912109376,62.124478603193566,True,0.0,0.0
2024-07-22,2402.10009765625,2402.10009765625,2392.0,2392.0,18,2374.640002441406,2358.6739892578125,61.3780746190371,True,0.0,0.0
2024-07-23,2395.800048828125,2404.60009765625,2388.699951171875,2404.60009765625,41,2378.370007324219,2360.1239892578124,64.02063533612542,True,0.0,0.0
2024-07-24,2421.0,2421.0,2411.60009765625,2413.300048828125,6,2383.2050048828123,2361.0439892578124,60.17497525161631,True,0.0,0.0
2024-07-25,2365.5,2365.5,2351.89990234375,2351.89990234375,31,2385.8400024414063,2361.3599853515625,43.8091871507411,True,0.0,0.0
2024-07-26,2368.699951171875,2386.89990234375,2368.699951171875,2380.0,95,2388.6150024414064,2361.8919873046875,54.26997870496243,True,0.0,0.0
2024-07-29,2377.300048828125,2377.300048828125,2377.300048828125,2377.300048828125,126409,2391.095007324219,2361.6639892578123,52.98403089624699,True,0.0,0.0
2024-07-30,2380.89990234375,2409.300048828125,2373.800048828125,2405.0,25944,2394.9650024414063,2362.1639892578123,55.39829551618698,True,0.0,0.0
2024-07-31,2407.10009765625,2447.60009765625,2402.800048828125,2426.5,1313,2400.140002441406,2362.449990234375,52.0353982300885,True,0.0,0.0
2024-08-01,2446.699951171875,2455.10009765625,2430.39990234375,2435.0,690,2403.9,2362.4719921875,53.62068965517242,True,0.0,0.0
2024-08-02,2444.0,2477.0,2416.0,2425.699951171875,550,2405.7599975585936,2362.5519921875,50.48210182777502,True,0.0,0.0
2024-08-05,2442.0,2449.800048828125,2367.39990234375,2401.699951171875,334,2408.084997558594,2362.8019921875,38.95963644469628,True,0.0,0.0
2024-08-06,2414.5,2421.800048828125,2380.0,2389.10009765625,163,2409.5349975585937,2363.883994140625,38.263680459427235,True,0.0,0.0
2024-08-07,2392.199951171875,2401.0,2384.5,2390.5,130,2410.45,2365.043994140625,38.98669815433931,True,0.0,0.0
2024-08-08,2384.300048828125,2422.800048828125,2384.300048828125,2422.199951171875,201,2410.8099975585938,2366.383994140625,55.262112004465166,True,0.0,0.0
2024-08-09,2422.300048828125,2432.10009765625,2418.5,2432.10009765625,611,2411.7150024414063,2368.2199951171874,57.70858950411594,True,0.0,0.0
2024-08-12,2432.699951171875,2469.800048828125,2432.0,2462.39990234375,566,2413.6900024414062,2370.6099951171873,60.40313990726517,True,0.0,0.0
2024-08-13,2461.0,2470.0,2456.5,2466.699951171875,510,2413.9050048828126,2373.48599609375,59.765896382181126,True,0.0,0.0
2024-08-14,2468.0,2472.10009765625,2439.39990234375,2439.39990234375,274,2413.1349975585936,2375.3419921875,68.28250551943944,True,0.0,0.0
2024-08-15,2451.800048828125,2467.699951171875,2431.199951171875,2453.10009765625,285,2413.2,2377.893994140625,66.25169617559894,True,0.0,0.0
2024-08-16,2453.5,2508.0,2451.39990234375,2498.60009765625,197,2418.3550048828124,2380.783994140625,72.6559714144746,True,0.0,0.0
2024-08-19,2508.5,2508.5,2487.199951171875,2501.800048828125,88,2423.845007324219,2383.413994140625,69.90132982381114,True,0.0,0.0
2024-08-20,2503.5,2527.300048828125,2500.699951171875,2511.300048828125,187,2429.1800048828127,2387.53599609375,68.33911477885312,True,0.0,0.0
2024-08-21,2511.0,2515.39990234375,2503.89990234375,2508.39990234375,96,2433.9349975585938,2391.5499951171873,66.26770181092529,True,0.0,0.0
2024-08-22,2504.10009765625,2504.10009765625,2471.10009765625,2478.89990234375,210,2440.2849975585937,2394.9779931640624,60.82179426438498,True,0.0,0.0
2024-08-23,2486.5,2508.39990234375,2486.5,2508.39990234375,94,2446.7049926757813,2398.4259912109374,71.22959220848614,True,0.0,0.0
2024-08-26,2509.89990234375,2523.10009765625,2509.10009765625,2517.699951171875,290,2453.724987792969,2402.7759912109377,75.92736429781583,True,0.0,0.0
2024-08-27,2515.199951171875,2523.10009765625,2506.89990234375,2516.0,100,2459.2749877929687,2406.4679931640626,75.2718187521017,True,0.0,0.0
2024-08-28,2501.0,2501.0,2501.0,2501.0,2353,2462.9999877929686,2410.2399951171874,67.01207524495723,True,0.0,0.0
2024-08-29,2504.10009765625,2525.699951171875,2503.89990234375,2525.699951171875,3966,2467.5349853515627,2414.14599609375,68.99346547701026,True,0.0,0.0
2024-08-30,2519.5,2525.39990234375,2493.800048828125,2493.800048828125,208,2470.939990234375,2416.94599609375,56.33066846227982,True,0.0,0.0
2024-09-03,2501.60009765625,2501.800048828125,2476.300048828125,2489.89990234375,206,2475.349987792969,2420.41599609375,54.68495943977889,True,0.0,0.0
2024-09-04,2490.89990234375,2493.39990234375,2483.5,2493.39990234375,470,2480.564978027344,2423.683994140625,62.064327370550004,True,0.0,0.0
2024-09-05,2493.699951171875,2513.300048828125,2493.39990234375,2511.39990234375,54,2486.609973144531,2427.579990234375,62.779434398874876,True,0.0,0.0
2024-09-06,2510.300048828125,2517.89990234375,2483.699951171875,2493.5,96,2490.1749755859373,2431.4659912109373,48.72815519794265,True,0.0,0.0
2024-09-09,2491.300048828125,2504.699951171875,2491.300048828125,2501.800048828125,96,2493.6599731445312,2435.0119921875,50.0,True,0.0,0.0
2024-09-10,2512.300048828125,2512.300048828125,2512.300048828125,2512.300048828125,5,2496.15498046875,2438.703994140625,50.24201343836339,True,0.0,0.0
2024-09-11,2525.800048828125,2525.800048828125,2502.300048828125,2512.10009765625,90,2498.4249877929688,2442.393994140625,50.90735583243731,True,0.0,0.0
2024-09-12,2529.10009765625,2557.0,2523.39990234375,2551.199951171875,132,2504.014990234375,2446.9579931640624,66.93211510643286,True,0.0,0.0
2024-09-13,2568.800048828125,2581.800048828125,2565.0,2581.300048828125,31,2510.4249877929688,2451.3879931640627,67.02480064496044,True,0.0,0.0
2024-09-16,2580.39990234375,2580.39990234375,2580.39990234375,2580.39990234375,28,2514.5149780273437,2455.2259912109375,65.24063346021053,True,0.0,0.0
2024-09-17,2581.199951171875,2581.800048828125,2564.300048828125,2564.300048828125,22,2517.6399780273437,2459.4079931640626,60.97230371956975,True,0.0,0.0
2024-09-18,2570.699951171875,2570.699951171875,2549.199951171875,2570.699951171875,25,2520.609973144531,2463.619990234375,66.47754884838216,True,0.0,0.0
2024-09-19,2566.0,2588.0,2566.0,2588.0,99,2524.589978027344,2467.9359912109376,65.26214932421684,True,0.0,0.0
2024-09-20,2590.39990234375,2621.800048828125,2590.39990234375,2619.89990234375,17,2531.6399780273437,2472.0339892578127,80.89170603103136,True,0.0,0.0
2024-09-23,2626.5,2626.5,2626.5,2626.5,9,2537.5449829101562,2476.2839892578127,83.0271341074692,True,0.0,0.0
2024-09-24,2636.800048828125,2662.300048828125,2625.5,2651.199951171875,35,2544.2199829101564,2480.849990234375,84.60531092091442,True,0.0,0.0
2024-09-25,2656.300048828125,2664.199951171875,2649.300048828125,2659.199951171875,175,2551.37998046875,2484.7859912109375,83.8991317319333,True,0.0,0.0
2024-09-26,2662.300048828125,2669.89990234375,2660.800048828125,2669.89990234375,17216,2559.8249755859374,2489.08798828125,91.84062281396652,True,0.0,0.0
2024-09-27,2670.0,2672.10009765625,2641.699951171875,2644.300048828125,4228,2565.75498046875,2492.93798828125,81.2363533612474,True,0.0,0.0
2024-09-30,2660.89990234375,2662.10009765625,2623.199951171875,2636.10009765625,973,2572.869982910156,2497.749990234375,77.41370455466955,True,0.0,0.0
2024-10-01,2631.39990234375,2670.89990234375,2631.39990234375,2667.300048828125,153,2581.739990234375,2503.2559912109373,80.21811074001926,True,0.0,0.0
2024-10-02,2650.60009765625,2657.199951171875,2640.0,2647.10009765625,72,2589.425,2508.1059912109376,70.1555872775767,True,0.0,0.0
2024-10-03,2642.800048828125,2657.10009765625,2640.0,2657.10009765625,354,2596.710009765625,2512.9819921875,67.40133190301162,True,0.0,0.0
2024-10-04,2656.0,2667.0,2639.0,2645.800048828125,114,2604.3250122070312,2518.8599951171873,64.32960131806291,True,0.0,0.0
2024-10-07,2648.699951171875,2657.39990234375,2639.0,2644.800048828125,284,2611.4750122070313,2524.15599609375,68.88788070426278,True,0.0,0.0
2024-10-08,2639.0,2639.0,2609.300048828125,2615.0,687,2616.610009765625,2528.9099951171875,59.36577051996329,True,0.0,0.0
2024-10-09,2603.0,2607.699951171875,2603.0,2606.0,152,2621.3050048828127,2532.9299951171874,53.9439139151776,True,0.0,0.0
2024-10-10,2602.5,2628.300048828125,2602.5,2620.60009765625,320,2624.775012207031,2536.8119970703124,50.1660018105079,True,0.0,0.0
2024-10-11,2638.300048828125,2658.10009765625,2638.199951171875,2657.60009765625,12,2628.5900146484373,2541.2639990234375,56.444285708504154,True,0.0,0.0
2024-10-14,2655.0,2655.300048828125,2647.800048828125,2647.800048828125,40,2631.9600219726562,2545.7060009765623,49.24913785108709,True,0.0,0.0
2024-10-15,2661.39990234375,2661.39990234375,2661.39990234375,2661.39990234375,39,2636.8150146484377,2550.9,50.47412790667083,True,0.0,0.0
2024-10-16,2674.0,2674.0,2674.0,2674.0,6,2641.980017089844,2556.597998046875,50.876464165902966,True,0.0,0.0
2024-10-17,2677.39990234375,2691.699951171875,2677.199951171875,2691.0,30,2647.130017089844,2562.607998046875,60.36394608318551,True,0.0,0.0
2024-10-18,2713.699951171875,2719.60009765625,2713.699951171875,2713.699951171875,29,2651.82001953125,2568.437998046875,66.18011628747502,True,0.0,0.0
2024-10-21,2721.89990234375,2738.39990234375,2719.5,2723.10009765625,52,2656.6500244140625,2574.257998046875,62.798162003921924,True,0.0,0.0
2024-10-22,2731.699951171875,2746.0,2728.60009765625,2744.199951171875,93,2661.3000244140626,2579.8939990234376,72.17902890315241,True,0.0,0.0
2024-10-23,2742.5,2742.5,2714.199951171875,2714.39990234375,18,2664.060021972656,2584.847998046875,62.00246288288215,True,0.0,0.0
2024-10-24,2729.0,2736.10009765625,2729.0,2734.89990234375,27,2667.310021972656,2590.757998046875,67.97091586657068,True,0.0,0.0
2024-10-25,2725.5,2742.39990234375,2725.5,2740.89990234375,29,2672.1400146484375,2596.513994140625,68.9995646209644,True,0.0,0.0
2024-10-28,2736.10009765625,2742.89990234375,2729.5,2742.89990234375,56,2677.4800048828124,2601.399990234375,78.40956171841954,True,0.0,0.0
2024-10-29,2768.39990234375,2768.39990234375,2768.39990234375,2768.39990234375,848,2682.5349975585937,2606.7319873046877,83.60923772779543,True,0.0,0.0
2024-10-30,2774.60009765625,2789.0,2774.60009765625,2788.5,231,2689.6049926757814,2612.275986328125,83.97406636749325,True,0.0,0.0
2024-10-31,2787.39990234375,2787.5,2733.5,2738.300048828125,849,2693.664990234375,2616.8739892578124,65.50133231537748,True,0.0,0.0
2024-11-01,2745.5,2756.0,2734.199951171875,2738.60009765625,109,2698.3049926757812,2622.0679931640625,68.10207957542124,True,0.0,0.0
2024-11-04,2736.5,2737.10009765625,2736.10009765625,2736.10009765625,16,2702.8699951171875,2626.6219970703123,65.58200551633104,True,0.0,0.0
2024-11-05,2743.0,2743.89990234375,2740.300048828125,2740.300048828125,23,2709.1349975585936,2631.0739990234374,64.33204384608483,True,0.0,0.0
2024-11-06,2734.5,2734.5,2659.39990234375,2667.60009765625,427,2712.2150024414063,2634.1060009765624,45.92336196101916,True,0.0,0.0
2024-11-07,2662.5,2699.10009765625,2662.5,2698.39990234375,676,2716.1049926757814,2638.0539990234374,47.40764886091092,True,0.0,0.0
2024-11-08,2688.5,2694.60009765625,2682.89990234375,2687.5,1038,2717.599987792969,2641.29,43.99862701585023,True,0.0,0.0
2024-11-11,2671.699951171875,2671.699951171875,2611.199951171875,2611.199951171875,20,2715.769982910156,2643.637998046875,31.09720383185794,True,0.0,0.0
2024-11-12,2605.5,2605.5,2592.800048828125,2600.0,118,2712.699987792969,2645.84,32.833132813496036,True,0.0,0.0
2024-11-13,2611.10009765625,2611.800048828125,2580.800048828125,2580.800048828125,53,2708.039990234375,2647.5880029296877,26.785174418390824,True,0.0,0.0
2024-11-14,2555.10009765625,2576.199951171875,2554.199951171875,2568.199951171875,27,2701.8999877929687,2648.72400390625,24.490387632122733,True,0.0,0.0
2024-11-15,2565.699951171875,2565.699951171875,2565.699951171875,2565.699951171875,20,2694.4999877929686,2650.1680029296876,23.864295164067656,True,0.0,0.0
2024-11-18,2591.699951171875,2610.699951171875,2589.39990234375,2610.60009765625,136,2688.8749877929686,2652.34400390625,27.985512320794328,True,0.0,0.0
2024-11-19,2621.89990234375,2627.699951171875,2619.300048828125,2627.10009765625,87,2683.0199951171876,2654.6400048828127,27.254792673024795,True,0.0,0.0
2024-11-20,2638.5,2648.199951171875,2638.5,2648.199951171875,27,2679.709997558594,2657.362001953125,36.16822556005474,True,0.0,0.0
2024-11-21,2659.300048828125,2672.10009765625,2655.699951171875,2672.10009765625,33,2676.5700073242188,2659.7800048828126,40.480956601236294,True,1.0,1.0
2024-11-22,2687.5,2710.5,2685.60009765625,2709.89990234375,41,2675.0200073242186,2662.352001953125,46.59383490338471,True,1.0,0.0
2024-11-25,2689.39990234375,2689.39990234375,2616.800048828125,2616.800048828125,94,2668.7150146484373,2663.0800048828123,36.95880386954266,True,1.0,0.0
2024-11-26,2625.60009765625,2625.60009765625,2620.300048828125,2620.300048828125,177858,2661.310021972656,2664.2000048828127,44.150370981835266,False,1.0,0.0
2024-11-27,2633.5,2657.89990234375,2627.199951171875,2639.89990234375,61653,2653.880017089844,2665.58400390625,42.55913786164647,False,0.0,-1.0
2024-11-29,2636.39990234375,2664.300048828125,2620.699951171875,2657.0,3861,2649.8150146484377,2666.96400390625,46.180814560644485,False,0.0,0.0
2024-12-02,2649.0,2649.800048828125,2621.699951171875,2634.89990234375,695,2644.6300048828125,2667.26400390625,53.43378169107249,False,0.0,0.0
2024-12-03,2639.0,2654.699951171875,2636.0,2644.699951171875,1062,2640.0599975585938,2667.6280029296877,56.502757858921214,False,0.0,0.0
2024-12-04,2639.199951171875,2658.300048828125,2637.0,2653.800048828125,249,2635.734997558594,2667.6800048828127,60.94124379951787,False,0.0,0.0
2024-12-05,2652.39990234375,2655.0,2625.699951171875,2626.60009765625,573,2633.6849975585938,2667.0280078125,58.386007276541534,False,0.0,0.0
2024-12-06,2620.199951171875,2643.10009765625,2617.5,2638.60009765625,571,2630.6950073242188,2666.40201171875,60.190125305517086,False,0.0,0.0
2024-12-09,2632.10009765625,2677.10009765625,2630.800048828125,2664.89990234375,935,2629.5650024414062,2666.8140087890624,58.00646818608562,False,0.0,0.0
2024-12-10,2662.300048828125,2698.199951171875,2661.0,2697.60009765625,437,2633.885009765625,2668.0440087890624,59.921198811523055,False,0.0,0.0
2024-12-11,2701.800048828125,2733.800048828125,2693.10009765625,2733.800048828125,3387,2640.5750122070312,2669.3740087890624,61.55509182300063,False,0.0,0.0
2024-12-12,2725.10009765625,2725.10009765625,2677.39990234375,2687.5,2365,2645.910009765625,2670.1820068359375,51.96027367630716,False,0.0,0.0
2024-12-13,2688.199951171875,2689.300048828125,2647.89990234375,2656.0,1125,2650.300012207031,2670.1600048828127,43.02717951568564,False,0.0,0.0
2024-12-16,2658.300048828125,2663.300048828125,2651.0,2651.39990234375,877,2654.585009765625,2670.272001953125,55.80533979349653,False,0.0,0.0
2024-12-17,2651.800048828125,2652.300048828125,2632.5,2644.39990234375,705,2656.275,2670.2639990234375,53.99665572150987,False,0.0,0.0
2024-12-18,2644.300048828125,2647.10009765625,2590.199951171875,2636.5,566,2656.7449951171875,2670.6939990234373,49.413405985735736,False,0.0,0.0
2024-12-19,2582.10009765625,2610.300048828125,2582.10009765625,2592.199951171875,238,2653.9449951171873,2670.417998046875,39.779179980792236,False,0.0,0.0
2024-12-20,2605.300048828125,2631.60009765625,2604.89990234375,2628.699951171875,592,2651.7749877929687,2670.5799951171875,49.06458231270466,False,0.0,0.0
2024-12-23,2620.0,2627.699951171875,2611.10009765625,2612.300048828125,451,2646.8949951171876,2669.673994140625,45.20711503790681,False,0.0,0.0
2024-12-24,2613.0,2620.0,2609.5,2620.0,35,2647.0549926757812,2669.1179931640627,44.97919436459945,False,0.0,0.0
2024-12-26,2628.5,2638.800048828125,2627.89990234375,2638.800048828125,84,2647.9799926757814,2668.66599609375,51.858615628721715,False,0.0,0.0
2024-12-27,2617.699951171875,2617.699951171875,2616.39990234375,2617.199951171875,642,2646.8449951171874,2667.5299951171874,46.832424009615295,False,0.0,0.0
2024-12-30,2620.699951171875,2626.89990234375,2597.0,2606.10009765625,794,2644.3,2665.8319970703124,40.886579837592805,False,0.0,0.0
2024-12-31,2608.39990234375,2629.199951171875,2604.89990234375,2629.199951171875,401,2644.015002441406,2664.1419970703123,39.07345050532468,False,0.0,0.0
2025-01-02,2633.0,2663.10009765625,2633.0,2658.89990234375,1728,2644.725,2662.8579931640625,37.78136930739679,False,0.0,0.0
2025-01-03,2658.699951171875,2658.699951171875,2641.800048828125,2645.0,591,2644.2849975585937,2660.873994140625,42.2473439314802,False,0.0,0.0
2025-01-06,2645.5,2647.0,2617.300048828125,2638.39990234375,960,2644.8749877929686,2659.353994140625,46.468676093980534,False,0.0,0.0
2025-01-07,2653.39990234375,2657.5,2653.0,2656.699951171875,643,2645.77998046875,2657.7899951171876,51.00799842501697,False,0.0,0.0
2025-01-08,2655.5,2676.89990234375,2653.5,2664.5,999,2645.7599853515626,2656.2619970703126,53.81117178371913,False,0.0,0.0
2025-01-09,2669.699951171875,2686.300048828125,2667.89990234375,2683.800048828125,1139,2645.0699829101563,2655.08,58.59688731630649,False,0.0,0.0
2025-01-10,2686.10009765625,2720.10009765625,2683.699951171875,2708.5,403,2643.80498046875,2653.882001953125,72.75932680188853,False,0.0,0.0
2025-01-13,2711.10009765625,2711.199951171875,2673.5,2673.5,765,2643.10498046875,2651.582001953125,58.81891572622775,False,0.0,0.0
2025-01-14,2673.60009765625,2688.300048828125,2670.800048828125,2677.5,794,2644.17998046875,2650.3660009765626,63.493375559447166,False,0.0,0.0
2025-01-15,2690.800048828125,2712.5,2690.800048828125,2712.5,930,2647.2349853515625,2649.8439990234374,67.19970873804037,False,0.0,0.0
2025-01-16,2731.699951171875,2749.800048828125,2731.699951171875,2746.39990234375,1721,2652.3349853515624,2650.0499951171873,68.94365246724085,True,0.0,0.0
2025-01-17,2736.0,2751.60009765625,2725.5,2744.300048828125,1214,2657.724987792969,2650.1299951171877,74.02652784315897,True,0.0,0.0
2025-01-21,2746.0,2755.0,2724.800048828125,2755.0,1439,2665.864990234375,2651.8779931640624,78.19010272225057,True,0.0,0.0
2025-01-22,2754.5,2768.800048828125,2753.5,2767.60009765625,2079,2672.8099975585938,2653.2619970703126,77.2871108886204,True,0.0,0.0
2025-01-23,2760.0,2765.0,2745.39990234375,2763.10009765625,2201,2680.35,2654.7739990234377,72.81091065347195,True,0.0,0.0
2025-01-24,2759.800048828125,2792.0,2759.800048828125,2777.300048828125,1593,2688.2150024414063,2658.0960009765627,78.92437190087057,True,0.0,0.0
2025-01-27,2761.10009765625,2762.199951171875,2737.5,2737.5,984,2693.15,2660.8460009765627,68.91946059723587,True,0.0,0.0
2025-01-28,2738.0,2766.800048828125,2738.0,2766.800048828125,2307,2700.6300048828125,2664.5660009765625,70.1722493688484,True,0.0,0.0
2025-01-29,2769.10009765625,2769.10009765625,2769.10009765625,2769.10009765625,125692,2708.7800048828126,2668.58400390625,69.55873894108302,True,0.0,0.0
2025-01-30,2772.5,2829.5,2770.0,2823.0,40141,2718.470007324219,2673.7300048828124,73.0463681627433,True,0.0,0.0
2025-01-31,2829.0,2838.0,2804.0,2812.5,3443,2726.150012207031,2677.7680029296876,68.0681151109407,True,0.0,0.0
2025-02-03,2818.199951171875,2848.39990234375,2780.89990234375,2833.89990234375,2649,2735.595007324219,2681.9039990234373,79.2487370027477,True,0.0,0.0
2025-02-04,2827.60009765625,2853.300048828125,2816.10009765625,2853.300048828125,2187,2746.3400146484373,2686.0060009765625,80.35223372767348,True,0.0,0.0
2025-02-05,2850.0,2880.5,2848.0,2871.60009765625,4519,2757.0850219726562,2689.9960009765623,79.14990007139036,True,0.0,0.0
2025-02-06,2865.199951171875,2871.699951171875,2836.300048828125,2856.0,3116,2766.660021972656,2692.9180029296876,71.52397007408601,True,0.0,0.0
2025-02-07,2859.89990234375,2889.5,2857.800048828125,2867.300048828125,1822,2775.8350219726562,2697.9280029296874,73.31309010611498,True,0.0,0.0
2025-02-10,2864.199951171875,2916.10009765625,2863.800048828125,2914.300048828125,2237,2786.1250244140624,2703.8080029296875,76.54113085548371,True,0.0,0.0
2025-02-11,2925.5,2945.39990234375,2890.0,2912.5,2554,2798.0750244140627,2709.2600048828126,75.04316550405325,True,0.0,0.0
2025-02-12,2902.0,2912.300048828125,2868.60009765625,2909.0,2504,2809.6500244140625,2714.3000048828126,75.30346064538419,True,0.0,0.0
2025-02-13,2911.300048828125,2937.699951171875,2910.60009765625,2925.89990234375,4670,2820.32001953125,2720.1200048828123,75.53259945785724,True,0.0,0.0
2025-02-14,2937.300048828125,2944.39990234375,2874.800048828125,2883.60009765625,1992,2827.180029296875,2724.8980078125,74.88928409816866,True,0.0,0.0
2025-02-18,2879.199951171875,2936.39990234375,2873.800048828125,2931.60009765625,4010,2836.545031738281,2730.4540087890623,76.39334955203081,True,0.0,0.0
2025-02-19,2938.699951171875,2946.0,2917.10009765625,2919.39990234375,2630,2844.765026855469,2736.3100048828123,73.33122619042206,True,0.0,0.0
2025-02-20,2949.10009765625,2955.800048828125,2924.199951171875,2940.0,656,2853.3850219726564,2742.3380029296877,70.25621213837552,True,0.0,0.0
2025-02-21,2938.800048828125,2940.0,2917.300048828125,2937.60009765625,570,2862.1100219726563,2747.7920068359376,72.28357866245473,True,0.0,0.0
2025-02-24,2933.10009765625,2957.89990234375,2933.10009765625,2947.89990234375,415,2870.6400146484375,2752.7980029296873,71.14242557607568,True,0.0,0.0
2025-02-25,2938.699951171875,2943.199951171875,2890.0,2904.5,1854,2878.9900146484374,2756.212001953125,58.71934208392754,True,0.0,0.0
2025-02-26,2913.5,2917.0,2913.0,2916.800048828125,2050,2886.4900146484374,2760.7980029296873,57.85813181393352,True,0.0,0.0
2025-02-27,2918.5,2922.800048828125,2870.39990234375,2883.199951171875,3215,2892.1950073242188,2765.342001953125,54.4502559243675,True,0.0,0.0
2025-02-28,2877.10009765625,2877.10009765625,2834.10009765625,2836.800048828125,990,2892.885009765625,2769.0500048828126,45.52391748942677,True,0.0,0.0
2025-03-03,2872.699951171875,2891.800048828125,2863.39990234375,2890.199951171875,423,2896.7700073242186,2773.966005859375,46.52836001463017,True,0.0,0.0
2025-03-04,2886.10009765625,2927.89990234375,2886.10009765625,2909.60009765625,885,2900.5550170898437,2779.4280078125,49.60242601134013,True,0.0,0.0
2025-03-05,2916.699951171875,2922.0,2893.0,2915.300048828125,551,2903.6550170898436,2785.890009765625,50.85855201650763,True,0.0,0.0
2025-03-06,2904.0,2918.60009765625,2903.800048828125,2916.60009765625,870,2905.9050170898436,2791.6480126953124,48.67637206690555,True,0.0,0.0
2025-03-07,2900.89990234375,2927.300048828125,2900.5,2904.699951171875,531,2908.3400146484373,2797.4960107421875,53.28760422000187,True,0.0,0.0
2025-03-10,2910.10009765625,2915.10009765625,2880.199951171875,2891.0,55,2909.525012207031,2802.9160107421876,42.91694280841698,True,0.0,0.0
2025-03-11,2884.39990234375,2916.699951171875,2880.39990234375,2912.89990234375,197,2909.4550048828123,2808.3980078125,48.903137987746,True,0.0,0.0
2025-03-12,2912.0,2939.10009765625,2910.0,2939.10009765625,213,2910.785009765625,2814.8360107421877,49.850960146597636,True,0.0,0.0
2025-03-13,2937.10009765625,2988.0,2935.199951171875,2984.300048828125,2366,2914.550012207031,2822.400009765625,56.77400025922681,True,0.0,0.0
2025-03-14,2994.39990234375,3004.800048828125,2986.0,2994.5,1800,2917.980017089844,2829.7060107421876,56.76147481866577,True,0.0,0.0
2025-03-17,2991.0,3001.5,2989.0,3000.0,214,2923.800012207031,2836.5280126953126,65.56894998105463,True,0.0,0.0
2025-03-18,3006.39990234375,3039.199951171875,3004.39990234375,3035.10009765625,428,2928.9750122070313,2844.3300146484376,67.95143568659036,True,0.0,0.0
2025-03-19,3035.199951171875,3050.89990234375,3030.89990234375,3035.89990234375,175,2934.800012207031,2852.2800146484374,75.73305970708057,True,0.0,0.0
2025-03-20,3047.300048828125,3047.300048828125,3034.39990234375,3040.0,185,2939.800012207031,2859.946015625,89.93707432561469,True,0.0,0.0
2025-03-21,3034.5,3037.5,3000.89990234375,3018.199951171875,151,2943.8300048828123,2867.0200146484376,78.7252764110937,True,0.0,0.0
2025-03-24,3024.300048828125,3024.300048828125,3006.0,3013.10009765625,137,2947.0900146484373,2873.606015625,74.82014388489208,True,0.0,0.0
2025-03-25,3026.39990234375,3028.800048828125,3023.699951171875,3023.699951171875,74,2953.050012207031,2879.9100146484375,75.3983017689335,True,0.0,0.0
2025-03-26,3033.199951171875,3033.199951171875,3019.5,3020.89990234375,83,2958.2550048828125,2886.8580126953125,74.26706656214853,True,0.0,0.0
2025-03-27,3025.5,3065.0,3025.5,3060.199951171875,124359,2967.1050048828124,2894.51201171875,82.08834612981883,True,0.0,0.0
2025-03-28,3069.699951171875,3094.89990234375,3066.800048828125,3086.5,31206,2979.5900024414063,2901.99201171875,88.34838660243088,True,0.0,0.0
2025-03-31,3091.0,3132.5,3086.0,3122.800048828125,3438,2991.220007324219,2909.5200146484376,88.97142748353886,True,0.0,0.0
2025-04-01,3129.699951171875,3149.5,3104.0,3118.89990234375,1721,3001.6849975585938,2917.01201171875,86.39672159665992,True,0.0,0.0
2025-04-02,3120.699951171875,3168.60009765625,3117.39990234375,3139.89990234375,5946,3012.914990234375,2924.710009765625,84.91916952757484,True,0.0,0.0
2025-04-03,3150.0,3166.89990234375,3052.0,3097.0,5516,3021.9349853515623,2931.2980078125,70.0587084148728,True,0.0,0.0
2025-04-04,3110.5,3127.699951171875,3011.0,3012.0,3247,3027.2999877929688,2936.276005859375,51.7910447761194,True,0.0,0.0
2025-04-07,3016.39990234375,3050.800048828125,2949.699951171875,2951.300048828125,4424,3030.314990234375,2939.756005859375,38.380465492272606,True,0.0,0.0
2025-04-08,2994.0,3014.5,2968.39990234375,2968.39990234375,3213,3033.089990234375,2944.37400390625,41.04536780452162,True,0.0,0.0
2025-04-09,2965.800048828125,3090.39990234375,2965.800048828125,3056.5,2175,3038.9599853515624,2950.1680029296876,51.78997651291472,True,0.0,0.0
2025-04-10,3073.89990234375,3167.0,3072.10009765625,3155.199951171875,3456,3047.50498046875,2957.89,62.73708160600828,True,0.0,0.0
2025-04-11,3182.10009765625,3235.0,3182.10009765625,3222.199951171875,862,3058.8899780273437,2965.8739990234376,67.43370606475976,True,0.0,0.0
2025-04-14,3215.5,3228.800048828125,3194.5,3204.800048828125,263,3069.12998046875,2973.72,64.92993385459604,True,0.0,0.0
2025-04-15,3216.0,3218.699951171875,3214.0,3218.699951171875,390,3078.3099731445313,2981.4160009765624,66.01360878748336,True,0.0,0.0
2025-04-16,3238.300048828125,3334.89990234375,3238.300048828125,3326.60009765625,1874,3092.8449829101564,2990.882001953125,69.41126241916977,True,0.0,0.0
2025-04-17,3345.0,3345.0,3287.800048828125,3308.699951171875,824,3106.27998046875,2999.6239990234376,66.39126107736678,True,0.0,0.0
2025-04-21,3342.199951171875,3418.5,3342.199951171875,3406.199951171875,78,3125.67998046875,3010.627998046875,69.17455360918471,True,0.0,0.0
2025-04-22,3422.199951171875,3485.60009765625,3361.699951171875,3400.800048828125,785,3145.064978027344,3021.297998046875,69.03445235827392,True,0.0,0.0
2025-04-23,3321.199951171875,3370.300048828125,3256.199951171875,3276.300048828125,331,3157.6949829101563,3028.537998046875,58.080579735801585,True,0.0,0.0
2025-04-24,3305.39990234375,3353.89990234375,3304.89990234375,3332.0,560,3173.2499877929686,3036.927998046875,63.71382198702247,True,0.0,0.0
2025-04-25,3355.5,3355.5,3266.10009765625,3282.39990234375,162,3184.3599853515625,3044.39599609375,66.45969895858288,True,0.0,0.0
2025-04-28,3284.5,3332.5,3284.5,3332.5,1300,3196.6599853515627,3052.527998046875,73.5076423418348,True,0.0,0.0
2025-04-29,3340.0,3340.0,3299.89990234375,3318.800048828125,1278,3206.4599853515624,3061.2319970703124,71.69928677930677,True,0.0,0.0
2025-04-30,3318.699951171875,3318.699951171875,3268.0,3305.0,207,3215.764990234375,3068.6999951171874,66.9485722887273,True,0.0,0.0
2025-05-01,3272.89990234375,3275.0,3198.60009765625,3210.0,2131,3219.2699951171876,3074.5119970703126,53.75651479453733,True,0.0,0.0
2025-05-02,3239.89990234375,3257.0,3225.0,3231.89990234375,1349,3226.014990234375,3080.3499951171875,50.708749852384656,True,0.0,0.0
2025-05-05,3242.699951171875,3315.699951171875,3239.699951171875,3311.300048828125,244,3240.9799926757814,3087.823994140625,57.13519752058168,True,0.0,0.0
2025-05-06,3365.5,3430.89990234375,3356.800048828125,3411.39990234375,2357,3263.9849853515625,3097.093994140625,61.57356724686584,True,0.0,0.0
2025-05-07,3418.699951171875,3418.699951171875,3364.699951171875,3381.39990234375,1080,3284.6349853515626,3106.6319921875,53.63104940336646,True,0.0,0.0
2025-05-08,3390.0,3390.0,3288.699951171875,3296.60009765625,200,3296.639990234375,3114.2279931640624,49.26355099747003,True,0.0,0.0
2025-05-09,3299.0,3335.5,3299.0,3335.39990234375,216,3305.6499877929687,3123.2719921875,45.359197062373354,True,0.0,0.0
2025-05-12,3300.699951171875,3300.699951171875,3205.0,3220.0,886,3305.539990234375,3130.9359912109376,39.642521777002266,True,0.0,0.0
2025-05-13,3232.0,3251.39990234375,3223.5,3240.300048828125,2424,3307.314990234375,3137.9379931640624,47.6580784350597,True,0.0,0.0
2025-05-14,3233.0,3233.0,3171.699951171875,3181.39990234375,3518,3305.449987792969,3143.3739892578124,40.243577625856766,True,0.0,0.0
2025-05-15,3151.0,3228.10009765625,3125.0,3220.699951171875,652,3300.15498046875,3149.4819873046877,45.94878719939675,True,0.0,0.0
2025-05-16,3227.699951171875,3228.10009765625,3173.89990234375,3182.0,199,3293.8199829101563,3154.7899853515623,39.967999041793924,True,0.0,0.0
2025-05-19,3234.39990234375,3241.0,3228.300048828125,3228.89990234375,266,3284.95498046875,3161.273984375,44.26144536442676,True,0.0,0.0
2025-05-20,3219.0,3293.199951171875,3207.5,3280.300048828125,356,3278.92998046875,3169.0599853515623,48.49555600827384,True,0.0,0.0
2025-05-21,3293.39990234375,3317.5,3290.199951171875,3309.300048828125,979,3280.57998046875,3176.98798828125,56.577036282178696,True,0.0,0.0
2025-05-22,3327.300048828125,3328.0,3282.699951171875,3292.300048828125,1210,3278.5949829101564,3184.0519873046874,54.02667774305915,True,0.0,0.0
2025-05-23,3328.0,3363.60009765625,3323.5,3363.60009765625,47,3282.654992675781,3191.63798828125,53.524738706228504,True,0.0,0.0
2025-05-27,3332.5,3341.0,3296.300048828125,3299.10009765625,189,3280.984997558594,3197.729990234375,42.05013197354723,True,0.0,0.0
2025-05-28,3293.60009765625,3293.60009765625,3293.60009765625,3293.60009765625,127758,3279.725,3203.6019921875,43.56117410977093,True,0.0,0.0
2025-05-29,3283.699951171875,3328.800048828125,3242.39990234375,3317.10009765625,24370,3280.3300048828123,3209.2419921875,51.651893634165994,True,0.0,0.0
2025-05-30,3315.10009765625,3318.0,3270.89990234375,3288.89990234375,2213,3284.275,3214.3019921875,46.18790209723027,True,0.0,0.0
2025-06-02,3296.89990234375,3380.800048828125,3296.89990234375,3370.60009765625,976,3291.210009765625,3220.913994140625,63.06837200512855,True,0.0,0.0
2025-06-03,3385.10009765625,3390.0,3331.300048828125,3350.199951171875,6410,3293.1550048828126,3227.553994140625,59.53494302969505,True,0.0,0.0
2025-06-04,3355.0,3380.0,3344.0,3373.5,207,3291.260009765625,3234.7619921875,67.76399618911731,True,0.0,0.0
2025-06-05,3371.5,3400.0,3343.699951171875,3350.699951171875,731,3289.7250122070313,3241.3019921875,62.399831216239754,True,0.0,0.0
2025-06-06,3364.300048828125,3364.300048828125,3306.0,3322.699951171875,81,3291.0300048828126,3247.3379931640625,63.70007307567778,True,0.0,0.0
2025-06-09,3315.60009765625,3334.60009765625,3290.0,3332.10009765625,1887,3290.8650146484374,3252.77599609375,60.840334410422116,True,0.0,0.0
2025-06-10,3302.0,3344.300048828125,3302.0,3320.89990234375,65,3295.910009765625,3257.463994140625,54.65807227957229,True,0.0,0.0
2025-06-11,3328.0,3356.0,3321.300048828125,3321.300048828125,2106,3299.960009765625,3261.433994140625,51.47347316619261,True,0.0,0.0
2025-06-12,3363.0,3395.89990234375,3353.39990234375,3380.89990234375,1818,3309.935009765625,3266.673994140625,59.84878296338713,True,0.0,0.0
2025-06-13,3407.300048828125,3444.0,3407.300048828125,3431.199951171875,499,3320.460009765625,3272.4999951171876,57.88242675656425,True,0.0,0.0
2025-06-16,3442.0,3442.0,3385.39990234375,3396.39990234375,480,3331.1800048828127,3278.4879931640626,62.18987005709854,True,0.0,0.0
2025-06-17,3398.300048828125,3398.300048828125,3376.10009765625,3386.60009765625,1477,3339.0650146484377,3285.9799951171876,61.526995212820694,True,0.0,0.0
2025-06-18,3385.300048828125,3391.89990234375,3365.10009765625,3389.800048828125,0,3344.5400146484376,3294.7499951171876,59.48835730231248,True,0.0,0.0
2025-06-20,3350.0,3372.89990234375,3341.0,3368.10009765625,709,3347.480017089844,3302.7439990234375,60.51514499311532,True,0.0,0.0
2025-06-23,3365.89990234375,3387.89990234375,3350.0,3377.699951171875,30,3351.7500122070314,3309.167998046875,51.16582066061433,True,0.0,0.0
2025-06-24,3358.0,3358.0,3301.0,3317.39990234375,538,3349.4400024414062,3312.4119970703123,45.23809017462002,True,0.0,0.0
2025-06-25,3321.60009765625,3331.199951171875,3310.60009765625,3327.10009765625,373,3350.8400024414063,3314.51,42.98671988356834,True,0.0,0.0
2025-06-26,3332.39990234375,3333.5,3332.39990234375,3333.5,2058,3352.834997558594,3317.0839990234376,47.26464008299535,True,0.0,0.0
2025-06-27,3318.699951171875,3318.699951171875,3253.800048828125,3273.699951171875,284,3350.664990234375,3318.1839990234375,42.92316979258637,True,0.0,0.0
2025-06-30,3265.89990234375,3306.89990234375,3262.0,3294.39990234375,1242,3350.939990234375,3317.5399951171876,44.72724541083916,True,0.0,0.0
2025-07-01,3310.10009765625,3354.10009765625,3310.10009765625,3336.699951171875,371,3349.244982910156,3318.0999951171875,52.03294580339949,True,0.0,0.0
2025-07-02,3329.0,3357.5,3329.0,3348.0,39,3349.1349853515626,3316.93599609375,53.34167302736393,True,0.0,0.0
2025-07-03,3362.0,3362.0,3322.300048828125,3331.60009765625,0,3347.039990234375,3315.5519970703126,43.08169636372108,True,0.0,0.0
2025-07-04,3342.0,3342.0,3332.5,3332.5,0,3346.129992675781,3316.67599609375,33.91983364371339,True,0.0,0.0
2025-07-07,3305.5,3333.300048828125,3299.199951171875,3332.199951171875,254,3346.6049926757814,3316.6799951171874,38.21585320712813,True,0.0,0.0
2025-07-08,3330.39990234375,3334.5,3287.60009765625,3307.0,909,3345.349987792969,3317.1719970703125,36.17092569908417,True,0.0,0.0
2025-07-09,3289.39990234375,3314.0,3282.0,3311.60009765625,114,3344.8849975585936,3316.7539990234377,36.47995083418949,True,0.0,0.0
2025-07-10,3323.60009765625,3330.5,3311.60009765625,3317.39990234375,209,3344.689990234375,3316.72599609375,40.724436233960674,True,0.0,0.0
2025-07-11,3330.5,3370.0,3330.5,3356.0,776,3343.4449951171873,3317.74599609375,46.41085880468834,True,0.0,0.0
2025-07-14,3367.0,3375.5,3350.0,3351.5,583,3339.459997558594,3320.57599609375,56.91685550836714,True,0.0,0.0
2025-07-15,3341.0,3341.0,3329.800048828125,3329.800048828125,210,3336.1300048828125,3322.5339990234374,50.5222347624467,True,0.0,0.0
2025-07-16,3341.199951171875,3352.89990234375,3329.5,3352.5,10,3334.425,3323.357998046875,53.457062136853885,True,0.0,0.0
2025-07-17,3313.800048828125,3340.800048828125,3313.800048828125,3340.10009765625,667,3331.9400024414062,3321.932001953125,64.59987825158976,True,0.0,0.0
2025-07-18,3338.199951171875,3353.0,3338.199951171875,3353.0,602,3331.1849975585938,3321.36400390625,63.34248677013385,True,0.0,0.0
2025-07-21,3350.300048828125,3411.699951171875,3350.300048828125,3401.89990234375,53,3332.3949951171876,3323.47,64.4120481849688,True,0.0,0.0
2025-07-22,3411.0,3441.0,3395.60009765625,3439.199951171875,39,3338.484997558594,3325.5460009765625,68.0809170104036,True,0.0,0.0
2025-07-23,3430.300048828125,3433.89990234375,3388.10009765625,3394.10009765625,63,3341.834997558594,3329.0280029296873,61.12497870609545,True,0.0,0.0
2025-07-24,3367.0,3371.0,3367.0,3371.0,1175,3343.709997558594,3331.642001953125,56.35104744598453,True,0.0,0.0
2025-07-25,3344.0,3345.0,3326.5,3334.0,67,3346.725,3334.69400390625,50.26486921072352,True,0.0,0.0
2025-07-28,3326.60009765625,3326.800048828125,3309.10009765625,3309.10009765625,533,3347.460009765625,3336.4620068359377,50.30929317771593,True,0.0,0.0
2025-07-29,3323.39990234375,3323.39990234375,3323.39990234375,3323.39990234375,113144,3346.7950073242187,3339.2900048828124,51.68955198836624,True,0.0,0.0
2025-07-30,3325.800048828125,3331.800048828125,3263.89990234375,3295.800048828125,19252,3344.185009765625,3340.6280078125,47.08896278197146,True,0.0,0.0
2025-07-31,3272.89990234375,3312.0,3272.89990234375,3293.199951171875,3704,3342.265002441406,3340.886005859375,40.626837890999354,True,0.0,0.0
2025-08-01,3286.199951171875,3360.60009765625,3281.0,3347.699951171875,3420,3343.025,3341.65400390625,49.506486226320696,True,0.0,0.0
2025-08-04,3367.60009765625,3386.5,3347.39990234375,3374.39990234375,351,3345.1349975585936,3343.2960009765625,55.71794067622072,True,0.0,0.0
2025-08-05,3378.5,3387.199951171875,3351.199951171875,3381.89990234375,915,3348.879992675781,3343.6619970703123,53.92208590795334,True,0.0,0.0
2025-08-06,3380.699951171875,3383.300048828125,3361.300048828125,3380.0,1492,3352.2999877929688,3345.2799951171874,55.47625270579089,True,0.0,0.0
2025-08-07,3384.89990234375,3422.89990234375,3384.89990234375,3400.300048828125,5464,3356.4449951171873,3347.413994140625,56.362673819903165,True,0.0,0.0
2025-08-08,3438.800048828125,3477.0,3402.5,3439.10009765625,7657,3360.6,3349.853994140625,55.14383787316556,True,0.0,0.0
2025-08-11,3383.89990234375,3383.89990234375,3349.199951171875,3353.10009765625,1488,3360.6800048828127,3351.137998046875,39.5076839223438,True,0.0,0.0
2025-08-12,3356.199951171875,3356.199951171875,3330.10009765625,3348.89990234375,1611,3361.6349975585936,3350.703994140625,43.88194270955189,True,0.0,0.0
2025-08-13,3358.800048828125,3363.39990234375,3358.699951171875,3358.699951171875,1011,3361.9449951171873,3350.873994140625,48.27294946814892,True,0.0,0.0
2025-08-14,3346.800048828125,3356.0,3328.89990234375,3335.199951171875,592,3361.699987792969,3350.1079931640625,50.1751242972759,True,0.0,0.0
2025-08-15,3346.800048828125,3346.800048828125,3335.89990234375,3336.0,1185,3360.849987792969,3349.813994140625,54.22290460655416,True,0.0,0.0
2025-08-18,3333.5,3347.800048828125,3331.699951171875,3331.699951171875,646,3357.339990234375,3349.993994140625,51.34522564986068,True,0.0,0.0
2025-08-19,3330.199951171875,3343.5,3313.39990234375,3313.39990234375,1655,3351.0499877929688,3349.619990234375,52.94114767140613,True,0.0,0.0
2025-08-20,3310.60009765625,3343.5,3310.10009765625,3343.39990234375,1213,3348.5149780273437,3350.069990234375,57.68522636805693,False,0.0,0.0
2025-08-21,3349.39990234375,3349.39990234375,3326.5,3336.89990234375,142,3346.8099731445313,3350.3819873046873,48.0617308725344,False,0.0,0.0
2025-08-22,3349.39990234375,3377.699951171875,3349.39990234375,3374.39990234375,1240,3348.829968261719,3350.2519873046876,50.0,False,0.0,0.0
2025-08-25,3366.0,3378.0,3366.0,3373.800048828125,1044,3352.0649658203124,3349.1039892578124,48.566398846793035,True,0.0,0.0
2025-08-26,3378.89990234375,3396.5,3371.10009765625,3388.60009765625,905,3355.3249755859374,3348.9479931640626,51.45566795596548,True,0.0,0.0
2025-08-27,3397.0,3404.60009765625,3382.0,3404.60009765625,3222,3360.7649780273437,3349.3079931640623,50.73858532792886,True,0.0,0.0
2025-08-28,3409.0,3434.60009765625,3400.0,3431.800048828125,1035,3367.6949829101563,3350.1479931640624,48.694089006868246,True,0.0,0.0
2025-08-29,3432.5,3475.60009765625,3426.60009765625,3473.699951171875,0,3373.994982910156,3352.259990234375,75.61592575806446,True,0.0,0.0
2025-09-02,3485.699951171875,3559.199951171875,3485.699951171875,3549.39990234375,658,3382.744982910156,3355.6939892578125,82.66537370471784,True,0.0,0.0
2025-09-03,3554.800048828125,3593.699951171875,3553.199951171875,3593.199951171875,72,3393.3099853515623,3361.209990234375,84.39426036613227,True,0.0,0.0
2025-09-04,3549.89990234375,3573.60009765625,3549.89990234375,3565.800048828125,237,3402.599987792969,3365.9839892578125,83.4397082772782,True,0.0,0.0
2025-09-05,3567.800048828125,3613.199951171875,3567.800048828125,3613.199951171875,925,3413.244982910156,3371.57798828125,85.41136857968542,True,0.0,0.0
2025-09-08,3594.5,3641.0,3590.0,3638.10009765625,97,3423.1949829101563,3378.8659912109374,87.18450583123118,True,0.0,0.0
2025-09-09,3647.10009765625,3670.39990234375,3627.800048828125,3643.300048828125,535,3437.70498046875,3385.843994140625,91.35126963638378,True,0.0,0.0
2025-09-10,3625.0,3655.39990234375,3620.800048828125,3643.60009765625,136,3452.439990234375,3391.9819970703124,90.65553000115061,True,0.0,0.0
2025-09-11,3632.89990234375,3636.89990234375,3618.39990234375,3636.89990234375,307,3466.349987792969,3397.7599951171874,90.60639947338575,True,0.0,0.0
2025-09-12,3655.5,3656.800048828125,3643.0,3649.39990234375,1300,3482.0599853515623,3404.1159912109374,89.92451770870697,True,0.0,0.0
2025-09-15,3640.0,3686.39990234375,3635.10009765625,3682.199951171875,210,3499.369982910156,3411.109990234375,90.94527647006198,True,0.0,0.0
2025-09-16,3681.39990234375,3698.60009765625,3681.39990234375,3688.89990234375,373,3517.22998046875,3418.2439892578127,90.74624215569878,True,0.0,0.0
2025-09-17,3669.0,3685.199951171875,3661.60009765625,3681.800048828125,183,3535.6499877929687,3425.739990234375,88.54283427284966,True,0.0,0.0
2025-09-18,3654.60009765625,3667.39990234375,3637.0,3643.699951171875,80,3550.664990234375,3432.3819873046873,78.59647804908907,True,0.0,0.0
2025-09-19,3659.0,3685.89990234375,3658.199951171875,3671.5,211,3567.3949951171876,3439.4639892578125,77.74971486112966,True,0.0,0.0
2025-09-22,3688.199951171875,3748.199951171875,3688.0,3740.699951171875,410,3585.709997558594,3447.15798828125,77.33637735654216,True,0.0,0.0
2025-09-23,3747.0,3786.0,3740.0,3780.60009765625,627,3606.05,3455.739990234375,77.08092691521482,True,0.0,0.0
2025-09-24,3769.800048828125,3772.5,3732.10009765625,3732.10009765625,588,3623.225,3463.7859912109375,72.6504895111406,True,0.0,0.0
2025-09-25,3742.800048828125,3756.0,3724.699951171875,3736.89990234375,1899,3639.839990234375,3471.4739892578127,69.06007058630571,True,0.0,0.0
2025-09-26,3775.300048828125,3775.300048828125,3775.300048828125,3775.300048828125,19308,3657.014990234375,3480.17798828125,70.2958361051942,True,0.0,0.0
2025-09-29,3754.800048828125,3827.60009765625,3754.800048828125,3820.89990234375,8860,3674.3749877929686,3489.535986328125,73.46720200370727,True,0.0,0.0
2025-09-30,3827.5,3865.5,3793.39990234375,3840.800048828125,1611,3688.9449951171873,3498.3139892578124,74.77384801580656,True,0.0,0.0
2025-10-01,3863.5,3891.89990234375,3853.300048828125,3867.5,1778,3702.6599975585937,3506.879990234375,77.58374373878588,True,0.0,0.0
2025-10-02,3856.199951171875,3888.60009765625,3823.699951171875,3839.699951171875,3418,3716.3549926757814,3515.7919873046876,71.9593846507516,True,0.0,0.0
2025-10-03,3855.199951171875,3886.800048828125,3853.699951171875,3880.800048828125,392,3729.734997558594,3525.98798828125,72.486419127883,True,0.0,0.0
2025-10-06,3931.300048828125,3960.0,3926.800048828125,3948.5,1267,3745.254992675781,3538.27798828125,75.8257110242149,True,0.0,0.0
2025-10-07,3959.39990234375,3981.5,3940.0,3976.60009765625,2903,3761.9199951171877,3551.62798828125,78.15124679029425,True,0.0,0.0
2025-10-08,3987.199951171875,4049.199951171875,3987.199951171875,4043.300048828125,2179,3781.904992675781,3566.0259912109377,86.18253860179361,True,0.0,0.0
2025-10-09,4011.199951171875,4046.199951171875,3940.0,3946.300048828125,3130,3797.375,3579.0359912109375,72.11136015841242,True,0.0,0.0
2025-10-10,3957.0,4012.0,3945.5,3975.89990234375,1697,3813.7,3592.689990234375,70.21312576766023,True,0.0,0.0
2025-10-13,4016.0,4111.0,4016.0,4108.60009765625,1697,3835.0200073242186,3607.9079931640626,74.31069911934226,True,0.0,0.0
2025-10-14,4131.7001953125,4160.10009765625,4085.800048828125,4138.7001953125,2424,3857.5100219726564,3623.1939990234373,80.98140632696827,True,0.0,0.0
2025-10-15,4145.0,4210.60009765625,4145.0,4176.89990234375,3287,3882.2650146484375,3639.0939990234374,81.9025476863643,True,0.0,0.0
2025-10-16,4198.7998046875,4307.0,4196.60009765625,4280.2001953125,4705,3914.0900268554688,3657.0980029296875,83.45924341346341,True,0.0,0.0
2025-10-17,4354.7001953125,4358.0,4182.2001953125,4189.89990234375,4060,3940.0100219726564,3672.89,73.08556583940376,True,0.0,0.0
2025-10-20,4244.10009765625,4356.60009765625,4214.60009765625,4336.39990234375,1750,3969.79501953125,3690.83599609375,76.76601674173982,True,0.0,0.0
2025-10-21,4332.7001953125,4332.7001953125,4087.699951171875,4087.699951171875,2943,3985.150012207031,3705.5279931640625,59.59225684483592,True,0.0,0.0
2025-10-22,4109.7001953125,4148.5,4006.0,4044.39990234375,1237,4000.765002441406,3719.4379931640624,58.79824020714902,True,0.0,0.0
2025-10-23,4078.39990234375,4136.7998046875,4070.699951171875,4125.5,354,4020.1950073242188,3734.773994140625,60.167865118705286,True,0.0,0.0
2025-10-24,4117.5,4120.60009765625,4074.89990234375,4118.39990234375,123,4037.35,3750.4379931640624,57.43413847489009,True,0.0,0.0
2025-10-27,4060.0,4078.60009765625,3971.300048828125,4001.89990234375,220,4046.4,3763.7559912109373,51.02752792811945,True,0.0,0.0
2025-10-28,3929.699951171875,3966.199951171875,3923.60009765625,3966.199951171875,219,4052.6699951171877,3776.4459912109373,46.78776518569814,True,0.0,0.0
2025-10-29,3983.699951171875,3983.699951171875,3983.699951171875,3983.699951171875,1344,4058.4799926757814,3789.8519921875,51.66874365465646,True,0.0,0.0
2025-10-30,3960.0,4027.199951171875,3913.699951171875,4001.300048828125,935,4066.5599975585938,3803.0099951171874,51.14559478016019,True,0.0,0.0
2025-10-31,4034.5,4034.5,3976.60009765625,3982.199951171875,559,4071.629992675781,3815.91599609375,43.648238520553065,True,0.0,0.0
2025-11-03,3976.199951171875,4020.0,3959.0,4000.300048828125,0,4074.2199951171874,3828.4339990234375,42.96032332837684,True,0.0,0.0
2025-11-04,3994.199951171875,3995.39990234375,3927.39990234375,3947.699951171875,657,4072.7749877929687,3839.9119970703123,38.51014171351082,True,0.0,0.0
2025-11-05,3929.89990234375,3983.5,3929.89990234375,3980.300048828125,559,4069.6249877929686,3851.74599609375,33.81893567228968,True,0.0,0.0
2025-11-06,4004.0,4007.5,3979.89990234375,3979.89990234375,650,4071.30498046875,3863.2519921875,37.452210567591415,True,0.0,0.0
2025-11-07,3980.800048828125,3999.39990234375,3980.800048828125,3999.39990234375,245,4072.47998046875,3874.6039892578124,26.260944697290725,True,0.0,0.0
2025-11-10,4060.0,4111.7998046875,4060.0,4111.7998046875,189,4072.6399658203127,3887.365986328125,52.101117937012226,True,0.0,0.0
2025-11-11,4140.10009765625,4140.10009765625,4106.7998046875,4106.7998046875,569,4071.0449462890624,3898.513984375,55.82957984327943,True,1.0,1.0
2025-11-12,4115.60009765625,4204.39990234375,4102.89990234375,4204.39990234375,396,4072.4199462890624,3910.7379833984373,57.15060762928551,True,1.0,0.0
2025-11-13,4228.7001953125,4228.7001953125,4163.7001953125,4186.89990234375,167,4067.754931640625,3923.15998046875,56.09321549503032,True,1.0,0.0
2025-11-14,4197.7001953125,4197.89990234375,4047.0,4087.60009765625,483,4062.63994140625,3932.6479833984376,57.86384050984089,True,1.0,0.0
2025-11-17,4070.0,4099.5,4019.39990234375,4068.300048828125,1552,4049.2349487304687,3941.251982421875,59.659413748915576,True,1.0,0.0
2025-11-18,4037.39990234375,4063.39990234375,4035.60009765625,4061.300048828125,1375,4047.9149536132813,3949.611982421875,57.49034985601372,True,1.0,0.0
2025-11-19,4086.10009765625,4122.7001953125,4072.0,4077.699951171875,486,4049.5799560546875,3958.2939794921876,57.39162722846694,True,1.0,0.0
2025-11-20,4045.0,4090.39990234375,4040.199951171875,4056.5,202,4046.1299560546877,3966.6859814453123,57.15937828612295,True,1.0,0.0
2025-11-21,4031.800048828125,4085.199951171875,4031.800048828125,4076.699951171875,171,4044.044958496094,3975.231982421875,57.33204437080135,True,1.0,0.0
2025-11-24,4060.5,4091.89990234375,4060.5,4091.89990234375,591,4048.544958496094,3983.4259814453126,64.90901518306765,True,1.0,0.0
2025-11-25,4139.2001953125,4139.2001953125,4139.2001953125,4139.2001953125,132704,4057.194970703125,3992.4319873046875,65.94422345111823,True,1.0,0.0
2025-11-26,4128.60009765625,4171.0,4127.5,4165.2001953125,25088,4066.269982910156,4002.099990234375,67.6847039042935,True,1.0,0.0
2025-11-28,4163.39990234375,4223.89990234375,4140.0,4218.2998046875,3615,4077.119970703125,4013.5919873046873,69.6322954318731,True,1.0,0.0
2025-12-01,4218.5,4262.10009765625,4214.89990234375,4239.2998046875,913,4089.974963378906,4024.9479833984374,63.67733392557083,True,1.0,0.0
2025-12-02,4230.5,4230.5,4167.0,4186.60009765625,366,4099.289965820312,4033.865986328125,57.765706416944084,True,1.0,0.0
2025-12-03,4215.7001953125,4234.10009765625,4195.7001953125,4199.2998046875,1897,4111.869958496094,4042.23998046875,49.40544294358396,True,1.0,0.0
2025-12-04,4211.0,4211.7998046875,4175.0,4211.7998046875,616,4123.4449462890625,4051.833974609375,52.937009370554456,True,1.0,0.0
2025-12-05,4204.10009765625,4255.7001953125,4194.5,4212.89990234375,533,4135.094946289062,4061.353974609375,69.23550894110028,True,1.0,0.0
2025-12-08,4205.5,4215.7998046875,4175.5,4187.2001953125,318,4144.4849609375,4069.5919775390626,67.90131715819646,True,1.0,0.0
2025-12-09,4190.7001953125,4219.7001953125,4177.7001953125,4206.7001953125,660,4149.22998046875,4077.3079833984375,71.09701397897379,True,1.0,0.0
2025-12-10,4209.0,4234.5,4183.60009765625,4196.39990234375,692,4153.709985351563,4084.41998046875,67.53326558446383,True,0.0,-1.0
2025-12-11,4224.0,4286.89990234375,4214.2998046875,4285.5,528,4157.764990234375,4092.77998046875,78.17425321936884,True,0.0,0.0
2025-12-12,4276.39990234375,4355.0,4260.0,4300.10009765625,1531,4163.425,4101.987983398438,77.8693103080695,True,0.0,0.0
2025-12-15,4308.2998046875,4349.2001953125,4292.89990234375,4306.7001953125,854,4174.3800048828125,4110.505986328125,77.3840455663108,True,0.0,0.0
2025-12-16,4270.5,4321.39990234375,4270.5,4304.5,1796,4186.190002441406,4117.625986328125,73.81158033930731,True,0.0,0.0
2025-12-17,4308.5,4351.39990234375,4308.5,4347.5,2169,4200.5,4125.043984375,75.03433126451702,True,0.0,0.0
2025-12-18,4331.0,4348.10009765625,4328.2001953125,4339.5,705,4213.590002441406,4130.967983398437,68.99689581700628,True,0.0,0.0
2025-12-19,4350.10009765625,4361.39990234375,4350.10009765625,4361.39990234375,1065,4228.834997558593,4139.26998046875,69.08410986713068,True,0.0,0.0
2025-12-22,4371.10009765625,4447.60009765625,4371.10009765625,4444.60009765625,449,4247.230004882813,4148.643984375,86.81502745185475,True,0.0,0.0
2025-12-23,4503.2998046875,4503.7998046875,4450.39990234375,4482.7998046875,694,4266.775,4156.127978515625,87.7094580200664,True,0.0,0.0
2025-12-24,4500.7001953125,4503.39990234375,4468.39990234375,4480.60009765625,500,4283.844995117188,4162.9659765625,86.76151821237825,True,0.0,0.0
2025-12-26,4512.0,4556.2998046875,4502.0,4529.10009765625,263,4302.039990234375,4170.00998046875,88.28089531628329,True,0.0,0.0
2025-12-29,4371.5,4379.0,4325.10009765625,4325.10009765625,2044,4307.3800048828125,4170.907978515625,61.6607334702469,True,0.0,0.0
2025-12-30,4346.39990234375,4403.60009765625,4338.0,4370.10009765625,1837,4313.92001953125,4174.511982421875,63.245770487338966,True,0.0,0.0
2025-12-31,4333.5,4363.7998046875,4285.0,4325.60009765625,785,4320.87001953125,4174.295986328125,59.92321008544546,True,0.0,0.0
2026-01-02,4350.60009765625,4350.60009765625,4314.39990234375,4314.39990234375,589,4326.625024414063,4178.829985351563,52.521366028547114,True,0.0,0.0
2026-01-05,4386.7001953125,4443.5,4384.7998046875,4436.89990234375,618,4337.880029296875,4186.679985351562,60.04403852331131,True,0.0,0.0
2026-01-06,4449.7001953125,4482.2001953125,4449.0,4482.2001953125,459,4351.345043945313,4193.813989257813,62.192576932940554,True,0.0,0.0
2026-01-07,4450.0,4450.0,4449.2998046875,4449.2998046875,972,4364.450024414063,4200.431987304688,59.64816959695996,True,0.0,0.0
2026-01-08,4460.2001953125,4461.2998046875,4418.0,4449.7001953125,2423,4376.600024414062,4209.387993164062,57.21955937460333,True,0.0,0.0
2026-01-09,4473.0,4490.2998046875,4473.0,4490.2998046875,237,4391.29501953125,4219.869990234375,60.183665932442594,True,0.0,0.0
2026-01-12,4579.10009765625,4620.0,4577.7998046875,4604.2998046875,156,4407.235009765625,4232.281987304687,64.58857416679913,True,0.0,0.0
2026-01-13,4578.60009765625,4617.10009765625,4578.60009765625,4589.2001953125,239,4421.690014648438,4244.039990234375,59.458406340247244,True,0.0,0.0
2026-01-14,4610.2998046875,4635.0,4608.2001953125,4626.2998046875,1313,4437.669995117188,4256.921987304688,59.39997620323969,True,0.0,0.0
2026-01-15,4612.89990234375,4616.2998046875,4612.89990234375,4616.2998046875,4358,4453.259985351562,4269.241982421875,58.79909803174112,True,0.0,0.0
2026-01-16,4608.0,4608.0,4588.39990234375,4588.39990234375,352,4465.30498046875,4282.055981445313,53.95068652148567,True,0.0,0.0
2026-01-20,4662.2001953125,4764.0,4661.7998046875,4759.60009765625,175,4486.309985351562,4297.641982421875,80.2702996904446,True,0.0,0.0
2026-01-21,4863.5,4872.2998046875,4771.5,4831.7998046875,1706,4509.82998046875,4314.67998046875,80.99072140958536,True,0.0,0.0
2026-01-22,4791.89990234375,4908.7998046875,4791.89990234375,4908.7998046875,1175,4533.039965820312,4332.867978515625,87.5096334121593,True,0.0,0.0
2026-01-23,4949.60009765625,4976.2001953125,4936.0,4976.2001953125,169,4557.709985351563,4350.155986328125,89.69531042699417,True,0.0,0.0
2026-01-26,5081.5,5095.60009765625,5052.2001953125,5079.7001953125,180,4587.664990234375,4369.613994140625,89.45496046576727,True,0.0,0.0
2026-01-27,5079.89990234375,5079.89990234375,5079.89990234375,5079.89990234375,34,4615.20498046875,4387.123994140625,88.83691268992693,True,0.0,0.0
2026-01-28,5301.60009765625,5301.60009765625,5301.60009765625,5301.60009765625,112054,4664.02998046875,4409.417998046875,94.46941985542625,True,0.0,0.0
2026-01-29,5415.7001953125,5586.2001953125,5097.5,5318.39990234375,23709,4711.444970703125,4434.033994140625,94.56247247872565,True,0.0,0.0
2026-01-30,5376.39990234375,5440.5,4700.0,4713.89990234375,8374,4730.8599609375,4446.945991210938,57.266353353214534,True,0.0,0.0
2026-02-02,4807.7001953125,4855.7998046875,4400.0,4622.5,3588,4746.264965820313,4458.169990234375,50.600270680624575,True,0.0,0.0
2026-02-03,4680.0,4984.60009765625,4674.2998046875,4903.7001953125,1213,4769.60498046875,4474.689995117187,58.82386142574539,True,0.0,0.0
2026-02-04,4923.2998046875,5082.2001953125,4897.89990234375,4920.39990234375,3886,4791.514965820313,4491.967993164062,58.34705530353571,True,0.0,0.0
2026-02-05,5008.7001953125,5012.2998046875,4786.0,4861.39990234375,793,4812.119970703125,4507.6619921875,56.76810452623605,True,0.0,0.0
2026-02-06,4762.0,4958.5,4655.0,4951.2001953125,1386,4837.194970703125,4524.847998046875,59.687073428620224,True,0.0,0.0
2026-02-09,5017.39990234375,5065.7001953125,4979.10009765625,5050.89990234375,170,4865.2249755859375,4543.0819921875,58.08672111112678,True,0.0,0.0
2026-02-10,5013.5,5029.0,5002.7001953125,5003.7998046875,281,4885.199975585938,4559.853984375,54.842342342342334,True,0.0,0.0
2026-02-11,5049.89990234375,5111.2998046875,5041.2998046875,5071.60009765625,2681,4909.319970703125,4576.919990234375,54.607206983625666,True,0.0,0.0
2026-02-12,5060.39990234375,5078.10009765625,4892.0,4923.7001953125,484,4924.189990234375,4590.607998046875,48.57900704945722,True,0.0,0.0
2026-02-13,4953.0,5043.89990234375,4946.2001953125,5022.0,232,4944.475,4607.31599609375,48.433847034686764,True,0.0,0.0
2026-02-17,5020.0,5020.0,4847.7998046875,4882.89990234375,540,4959.2,4620.987998046875,45.02776375567895,True,0.0,0.0
2026-02-18,4872.2001953125,4987.0,4869.5,4986.5,544,4970.544995117188,4636.482001953125,41.54275285376803,True,0.0,0.0
2026-02-19,5014.7001953125,5014.7001953125,4975.89990234375,4975.89990234375,37,4977.75,4651.742001953125,40.77664770907308,True,0.0,0.0
2026-02-20,5039.5,5072.7001953125,5039.5,5059.2998046875,134,4985.275,4669.183994140625,62.93051351785118,True,0.0,0.0
2026-02-23,5120.2998046875,5211.60009765625,5120.2998046875,5204.7001953125,779,4996.7,4689.143994140625,70.94847257565439,True,0.0,0.0
2026-02-24,5158.7998046875,5159.0,5112.7001953125,5155.7998046875,88,5000.50498046875,4708.3319921875,60.891706523463476,True,0.0,0.0
2026-02-25,5166.0,5206.39990234375,5166.0,5206.39990234375,1772,5006.82998046875,4726.749990234375,62.00468933177022,True,0.0,0.0
2026-02-26,5177.2001953125,5199.2001953125,5143.89990234375,5176.5,1520,5000.574975585938,4744.27798828125,63.55734473733636,True,0.0,0.0
2026-02-27,5186.7001953125,5280.0,5176.7001953125,5230.5,354,4996.17998046875,4762.753984375,62.39898832252985,True,0.0,0.0
2026-03-02,5346.60009765625,5405.0,5266.2998046875,5294.39990234375,72,5025.20498046875,4782.551982421875,61.164593394843436,True,0.0,0.0
2026-03-03,5298.7001953125,5303.7998046875,5023.0,5107.39990234375,1776,5049.449975585938,4797.74998046875,54.210013965056014,True,0.0,0.0
2026-03-04,5130.7001953125,5180.2001953125,5117.2001953125,5120.2001953125,679,5060.274975585938,4813.363984375,52.067383925281476,True,0.0,0.0
2026-03-05,5169.5,5169.5,5054.7001953125,5065.2998046875,1701,5067.519970703125,4827.441982421875,56.540993649284225,True,0.0,0.0
2026-03-06,5121.0,5146.10009765625,5076.10009765625,5146.10009765625,148,5081.75498046875,4841.471982421875,55.82683263339904,True,0.0,0.0
2026-03-09,5155.0,5160.60009765625,5077.7001953125,5091.5,639,5088.769970703125,4853.645986328125,60.63849973827896,True,0.0,0.0
2026-03-10,5138.2001953125,5229.7001953125,5137.60009765625,5229.7001953125,4300,5097.709985351563,4868.62798828125,61.9802821346172,True,0.0,0.0
2026-03-11,5190.7998046875,5191.2998046875,5167.39990234375,5167.39990234375,633,5105.889990234375,4881.393984375,58.97626391211962,True,0.0,0.0
2026-03-12,5137.2001953125,5137.2001953125,5115.7998046875,5115.7998046875,410,5108.0999755859375,4897.207978515625,52.7297261592466,True,0.0,0.0
2026-03-13,5089.60009765625,5117.0,5009.5,5052.5,479,5114.539965820312,4910.8559765625,42.01301875943583,True,0.0,0.0
2026-03-16,5001.60009765625,5010.60009765625,4994.0,4994.0,130,5113.139965820313,4924.223974609375,41.59395392587918,True,0.0,0.0
2026-03-17,5017.60009765625,5017.60009765625,4994.2001953125,5001.0,239,5119.044970703125,4937.9559765625,38.82239777223316,True,0.0,0.0
2026-03-18,4949.60009765625,4949.60009765625,4821.7001953125,4889.89990234375,1461,5114.2149658203125,4947.0159765625,35.67001610837484,True,0.0,0.0
2026-03-19,4830.2998046875,4830.2998046875,4554.0,4600.7001953125,627,5095.45498046875,4949.3859765625,24.50618494267286,True,0.0,0.0
2026-03-20,4686.89990234375,4686.89990234375,4570.39990234375,4570.39990234375,235,5071.009985351562,4951.807978515625,19.87354117226357,True,0.0,0.0
2026-03-23,4353.0,4480.39990234375,4100.7998046875,4404.10009765625,544,5030.97998046875,4950.8959765625,20.221907424727704,True,0.0,0.0
2026-03-24,4338.7001953125,4399.2998046875,4325.2001953125,4399.2998046875,378,4993.15498046875,4949.0759765625,19.268499006287,True,0.0,0.0
2026-03-25,4549.0,4551.89990234375,4541.7998046875,4549.7998046875,388,4960.324975585938,4947.9859765625,29.68074090896843,True,0.0,0.0
2026-03-26,4441.5,4443.10009765625,4375.5,4375.5,1070,4920.274975585938,4943.71197265625,21.710726086864554,False,0.0,0.0
2026-03-27,4492.0,4492.0,4492.0,4492.0,74348,4883.3499755859375,4941.0259765625,28.948667900257462,False,0.0,0.0
2026-03-30,4482.7998046875,4579.10009765625,4413.39990234375,4526.0,10816,4844.92998046875,4939.21998046875,23.338634115081476,False,0.0,0.0
2026-03-31,4510.0,4684.10009765625,4508.60009765625,4647.60009765625,4264,4821.939990234375,4940.403984375,31.153016508792604,False,0.0,0.0
2026-04-01,4668.39990234375,4789.10009765625,4668.0,4783.2001953125,1637,4805.089990234375,4940.875986328125,38.632959351503764,False,0.0,0.0
2026-04-02,4764.89990234375,4784.39990234375,4558.89990234375,4651.5,0,4784.4,4937.269990234375,36.907408328518756,False,0.0,0.0
2026-04-06,4656.10009765625,4689.60009765625,4605.0,4656.7998046875,148,4759.934985351562,4932.229990234375,38.59423113385485,False,0.0,0.0
2026-04-07,4624.89990234375,4676.2998046875,4608.0,4657.10009765625,327,4738.214990234375,4925.84798828125,38.31465211590131,False,0.0,0.0
2026-04-08,4760.0,4851.0,4738.7998046875,4749.5,405,4714.20498046875,4919.243984375,45.16795587723735,False,0.0,0.0
2026-04-09,4711.0,4799.10009765625,4711.0,4792.2001953125,1277,4695.444995117187,4913.489990234375,57.93748967821951,False,0.0,0.0
2026-04-10,4745.89990234375,4791.0,4744.89990234375,4761.89990234375,812,4677.75,4902.695986328125,57.93748967821951,False,0.0,0.0
2026-04-13,4704.0,4742.39990234375,4704.0,4742.39990234375,32,4662.2449951171875,4891.175986328125,65.96505393440492,False,0.0,0.0
2026-04-14,4770.10009765625,4841.60009765625,4770.10009765625,4825.0,288,4653.794995117188,4893.39798828125,68.71537425854116,False,0.0,0.0
2026-04-15,4843.60009765625,4843.60009765625,4798.0,4800.0,182,4643.7449951171875,4896.94798828125,62.36410368271299,False,0.0,0.0
2026-04-16,4810.89990234375,4810.89990234375,4785.39990234375,4785.39990234375,805,4638.519995117187,4894.581982421875,74.05230522209864,False,0.0,0.0
2026-04-17,4771.60009765625,4879.7001953125,4767.2001953125,4857.60009765625,1902,4651.364990234375,4893.325986328125,72.62933418440899,False,0.0,0.0
2026-04-20,4793.89990234375,4811.0,4770.0,4806.60009765625,724,4663.175,4892.229990234375,67.01016402506997,False,0.0,0.0
2026-04-21,4698.39990234375,4705.0,4676.39990234375,4698.39990234375,1197,4677.889990234375,4887.173984375,53.13037460508501,False,0.0,0.0
2026-04-22,4754.2001953125,4754.2001953125,4732.5,4732.5,765,4694.55,4880.805986328125,46.42906763841258,False,0.0,0.0
2026-04-23,4711.5,4732.39990234375,4705.10009765625,4705.10009765625,292,4702.315014648438,4874.8319921875,54.42536348910843,False,0.0,0.0
2026-04-24,4695.0,4722.2998046875,4657.5,4722.2998046875,45,4719.655004882812,4867.845986328125,55.30363533711517,False,0.0,0.0
2026-04-27,4707.60009765625,4711.10009765625,4675.39990234375,4675.39990234375,538,4728.825,4862.87998046875,51.37778862682875,False,0.0,0.0
2026-04-28,4680.89990234375,4680.89990234375,4591.5,4591.5,2660,4732.1,4854.26998046875,37.949980263206896,False,0.0,0.0
2026-04-29,4598.60009765625,4601.60009765625,4515.7001953125,4545.2001953125,507,4726.980004882813,4847.515986328125,31.265175453800694,False,0.0,0.0
2026-04-30,4561.89990234375,4636.7001953125,4561.89990234375,4614.7001953125,77,4718.555004882813,4840.079990234375,39.461646075746536,False,0.0,0.0
2026-05-01,4636.7001953125,4636.7001953125,4581.7001953125,4629.89990234375,113,4717.475,4833.159990234375,41.89597584550579,False,0.0,0.0
2026-05-04,4581.2001953125,4581.2001953125,4512.7001953125,4519.5,20,4710.610009765625,4822.363994140625,28.84054246000879,False,0.0,0.0
2026-05-05,4547.60009765625,4580.5,4547.60009765625,4555.7998046875,426,4705.544995117188,4809.385986328125,33.34694111316523,False,0.0,0.0
2026-05-06,4663.60009765625,4712.60009765625,4663.60009765625,4681.89990234375,212,4702.164990234375,4799.90798828125,43.87355891288966,False,0.0,0.0
2026-05-07,4704.7998046875,4736.2001953125,4699.7998046875,4699.7998046875,254,4697.544970703125,4789.775986328125,40.01768045087003,False,0.0,0.0
2026-05-08,4714.39990234375,4724.7998046875,4713.60009765625,4720.39990234375,120,4695.469970703125,4780.653984375,44.32892723186579,False,0.0,0.0
2026-05-11,4729.5,4729.5,4718.7001953125,4718.7001953125,36,4694.284985351563,4770.41798828125,51.55320110732124,False,0.0,0.0
2026-05-12,4762.2001953125,4765.2001953125,4677.60009765625,4677.60009765625,93,4686.914990234375,4758.0819921875,45.84405570780239,False,0.0,0.0
2026-05-13,4722.7001953125,4722.7001953125,4679.5,4697.7001953125,228,4681.8,4749.887998046875,49.43356424327098,False,0.0,0.0
2026-05-14,4678.10009765625,4678.10009765625,4650.2998046875,4678.10009765625,5,4676.435009765625,4741.04599609375,46.62905992327211,False,0.0,0.0
2026-05-15,4615.2001953125,4615.2001953125,4524.2998046875,4555.7998046875,607,4661.344995117188,4730.85599609375,41.819413300629826,False,0.0,0.0
2026-05-18,4563.0,4570.2998046875,4538.7001953125,4552.5,38,4648.639990234375,4718.983994140625,47.00184231744616,False,0.0,0.0
2026-05-19,4551.7001953125,4552.60009765625,4506.2001953125,4506.2998046875,875,4639.034985351563,4707.279990234375,47.00904180313467,False,0.0,0.0
2026-05-20,4502.60009765625,4531.2998046875,4465.10009765625,4531.2998046875,981,4628.9749755859375,4693.311982421875,43.116505652554494,False,0.0,0.0
2026-05-21,4507.2001953125,4539.7998046875,4503.7998046875,4539.7998046875,426,4620.7099609375,4680.75998046875,42.48038032302681,False,0.0,0.0
2026-05-22,4519.5,4530.2998046875,4519.10009765625,4521.0,40,4610.644970703125,4668.863984375,50.14778325123152,False,0.0,0.0
2026-05-26,4572.7998046875,4572.7998046875,4500.39990234375,4500.39990234375,1261,4601.894970703125,4657.821982421875,44.36764240121445,False,0.0,0.0
2026-05-27,4439.7001953125,4447.5,4439.7001953125,4447.5,81062,4594.694970703125,4646.891982421875,22.001929328712578,False,0.0,0.0
2026-05-28,4453.60009765625,4512.60009765625,4363.5,4499.2998046875,16427,4592.399951171875,4636.857978515625,27.845303867403317,False,0.0,0.0
2026-05-29,4494.0,4591.7998046875,4487.89990234375,4560.5,1883,4589.68994140625,4630.26998046875,33.78626336683273,False,0.0,0.0
2026-06-01,4523.5,4541.39990234375,4449.7001953125,4475.2001953125,835,4581.9549560546875,4627.75998046875,28.888510704591212,False,0.0,0.0
2026-06-02,4488.0,4529.5,4474.2001953125,4489.10009765625,456,4580.4349609375,4626.133984375,32.84804367606915,False,0.0,0.0
2026-06-03,4471.2001953125,4471.7001953125,4427.2001953125,4436.7001953125,2913,4574.47998046875,4626.785986328125,27.569604020390656,False,0.0,0.0
2026-06-04,4447.39990234375,4509.89990234375,4447.39990234375,4475.7998046875,480,4564.174975585937,4628.315986328125,33.178070600693005,False,0.0,0.0
2026-06-05,4472.2998046875,4472.2998046875,4319.10009765625,4337.10009765625,4062,4546.039990234375,4624.0619921875,32.29721899660646,False,0.0,0.0
2026-06-08,4324.2001953125,4340.89990234375,4284.60009765625,4335.89990234375,357,4526.814990234375,4623.269990234375,32.40737435821778,False,0.0,0.0
2026-06-09,4332.7998046875,4344.5,4240.2001953125,4260.0,1292,4503.87998046875,4618.629990234375,30.915833567902467,False,0.0,0.0
2026-06-10,4200.0,4206.7001953125,4100.0,4108.2001953125,525,4475.409985351563,4610.273994140625,22.600676170492093,False,0.0,0.0
2026-06-11,4042.89990234375,4209.7998046875,4031.0,4090.300048828125,1938,4445.039978027344,4599.127993164063,21.2411735138092,False,0.0,0.0
2026-06-12,4208.2998046875,4225.2998046875,4173.2001953125,4215.0,1167,4421.884973144532,4587.763989257813,32.758599818531266,False,0.0,0.0
2026-06-15,4271.2001953125,4362.0,4269.10009765625,4328.0,1666,4410.494982910156,4581.293989257812,41.20228064195257,False,0.0,0.0
2026-06-16,4309.5,4345.7998046875,4309.5,4330.89990234375,158,4399.414978027344,4574.775991210938,43.72982121888765,False,0.0,0.0
2026-06-17,4339.0,4377.0,4296.0,4358.89990234375,1961,4392.044982910156,4568.811987304687,42.25165266674068,False,0.0,0.0
2026-06-18,4279.7998046875,4323.2001953125,4223.7001953125,4224.10009765625,738,4376.684997558594,4558.303989257813,32.82970743957037,False,0.0,0.0
2026-06-22,4138.7998046875,4216.39990234375,4134.7998046875,4181.89990234375,1197,4358.790002441407,4546.0979833984375,34.3405980343596,False,0.0,0.0
2026-06-23,4127.10009765625,4135.2001953125,4118.5,4129.89990234375,252,4339.234997558594,4533.457983398437,31.57190030556434,False,0.0,0.0
2026-06-24,4104.39990234375,4104.7001953125,3963.300048828125,3990.300048828125,353,4313.730004882813,4518.415986328125,28.97906684303915,False,0.0,0.0
2026-06-25,3988.39990234375,4030.5,3986.699951171875,4030.5,2724,4292.8800048828125,4502.525986328125,29.052589605561877,False,0.0,0.0
2026-06-26,4078.699951171875,4078.699951171875,4078.699951171875,4078.699951171875,1431,4271.850012207031,4488.099985351562,36.71327451092143,False,0.0,0.0
2026-06-29,4057.5,4070.0,4003.199951171875,4022.300048828125,785,4244.940014648438,4472.83798828125,34.74114211601818,False,0.0,0.0
2026-06-30,4002.60009765625,4049.699951171875,3962.5,4022.89990234375,1108,4222.325,4456.143984375,37.55117778772492,False,0.0,0.0
2026-07-01,4013.10009765625,4100.0,3963.0,4068.300048828125,770,4201.284997558594,4441.377983398437,47.641555585379265,False,0.0,0.0
2026-07-02,4067.5,4140.10009765625,4062.0,4112.7001953125,228,4185.084997558593,4429.663989257812,51.28382366234029,False,0.0,0.0
2026-07-06,4175.39990234375,4199.7001953125,4134.2001953125,4155.10009765625,1024,4169.050012207032,4418.115991210938,46.20934489569403,False,0.0,0.0
2026-07-07,4126.5,4167.2001953125,4107.2001953125,4145.2998046875,53,4159.459997558593,4406.919985351563,36.701104870657694,False,0.0,0.0
2026-07-08,4116.2998046875,4120.2998046875,4053.0,4070.89990234375,292,4146.209997558593,4393.891987304687,32.85864758180354,False,0.0,0.0
2026-07-09,4066.39990234375,4130.60009765625,4064.199951171875,4130.60009765625,13,4139.740002441406,4382.995991210937,35.55247585940518,False,0.0,0.0
2026-07-10,4122.2998046875,4125.7998046875,4090.60009765625,4104.10009765625,389,4139.534997558594,4373.247993164063,41.199769108525444,False,0.0,0.0
2026-07-13,4081.0,4081.0,3985.89990234375,3997.0,679,4134.8699951171875,4362.283989257812,37.61886607875013,False,0.0,0.0
2026-07-14,3995.699951171875,4091.199951171875,3986.5,4061.10009765625,1281,4127.175,4351.211987304688,45.46654071400487,False,0.0,0.0
2026-07-15,4049.10009765625,4070.10009765625,4019.39990234375,4044.0,374,4112.975,4339.493989257812,54.21970028626932,False,0.0,0.0
2026-07-16,4030.5,4030.5,3972.60009765625,3985.60009765625,812,4095.710009765625,4328.815991210938,46.56991070689196,False,0.0,0.0
2026-07-17,3975.5,4017.199951171875,3964.199951171875,4012.699951171875,141,4078.400012207031,4317.953994140625,44.790025315987315,False,0.0,0.0
2026-07-20,4003.39990234375,4018.89990234375,4002.699951171875,4010.300048828125,231,4067.710009765625,4304.521997070313,48.96444667675703,False,0.0,0.0
2026-07-21,4002.10009765625,4071.10009765625,3999.699951171875,4071.10009765625,231,4062.17001953125,4291.948002929687,53.76799180396701,False,0.0,0.0
2026-07-22,4084.699951171875,4171.39990234375,4081.0,4143.5,120801,4062.8500244140623,4280.410004882812,55.64055750175341,False,0.0,0.0
