Date,Open,High,Low,Close,Volume,ma_short,ma_long,rsi,trend_up,position,signal
2016-01-04,2038.199951171875,2038.199951171875,1989.6800537109373,2012.6600341796875,4304880000,,,,False,0.0,0.0
2016-01-05,2013.780029296875,2021.93994140625,2004.1700439453125,2016.7099609375,3706620000,,,,False,0.0,0.0
2016-01-06,2011.7099609375,2011.7099609375,1979.050048828125,1990.260009765625,4336660000,,,,False,0.0,0.0
2016-01-07,1985.3199462890625,1985.3199462890625,1938.8299560546875,1943.0899658203125,5076590000,,,,False,0.0,0.0
2016-01-08,1945.969970703125,1960.4000244140625,1918.4599609375,1922.030029296875,4664940000,,,,False,0.0,0.0
2016-01-11,1926.1199951171875,1935.6500244140625,1901.0999755859373,1923.6700439453125,4607290000,,,,False,0.0,0.0
2016-01-12,1927.8299560546875,1947.3800048828125,1914.3499755859373,1938.6800537109373,4887260000,,,,False,0.0,0.0
2016-01-13,1940.3399658203125,1950.3299560546875,1886.4100341796875,1890.280029296875,5087030000,,,,False,0.0,0.0
2016-01-14,1891.6800537109373,1934.469970703125,1878.9300537109373,1921.8399658203125,5241110000,,,,False,0.0,0.0
2016-01-15,1916.6800537109373,1916.6800537109373,1857.8299560546875,1880.3299560546875,5468460000,,,,False,0.0,0.0
2016-01-19,1888.6600341796875,1901.43994140625,1864.5999755859373,1881.3299560546875,4928350000,,,,False,0.0,0.0
2016-01-20,1876.1800537109373,1876.1800537109373,1812.2900390625,1859.3299560546875,6416070000,,,,False,0.0,0.0
2016-01-21,1861.4599609375,1889.8499755859373,1848.97998046875,1868.989990234375,5078810000,,,,False,0.0,0.0
2016-01-22,1877.4000244140625,1908.8499755859373,1877.4000244140625,1906.9000244140625,4901760000,,,,False,0.0,0.0
2016-01-25,1906.280029296875,1906.280029296875,1875.969970703125,1877.0799560546875,4401380000,,,29.898576377200285,False,0.0,0.0
2016-01-26,1878.7900390625,1906.72998046875,1878.7900390625,1903.6300048828125,4357940000,,,34.28310435966719,False,0.0,0.0
2016-01-27,1902.52001953125,1916.989990234375,1872.699951171875,1882.949951171875,4754040000,,,34.841936680870305,False,0.0,0.0
2016-01-28,1885.219970703125,1902.9599609375,1873.6500244140625,1893.3599853515625,4693010000,,,42.1613523662484,False,0.0,0.0
2016-01-29,1894.0,1940.239990234375,1894.0,1940.239990234375,5497570000,,,52.65427898753926,False,0.0,0.0
2016-02-01,1936.93994140625,1947.199951171875,1920.300048828125,1939.3800048828125,4322530000,1919.6369934082031,,52.295098572821615,False,0.0,0.0
2016-02-02,1935.260009765625,1935.260009765625,1897.2900390625,1903.030029296875,4463190000,1914.1554931640626,,45.09749940490802,False,0.0,0.0
2016-02-03,1907.0699462890625,1918.010009765625,1872.22998046875,1912.530029296875,5172950000,1908.9464965820312,,53.42634317118707,False,0.0,0.0
2016-02-04,1911.6700439453125,1927.3499755859373,1900.52001953125,1915.449951171875,5193320000,1905.2059936523438,,48.92078855603336,False,0.0,0.0
2016-02-05,1913.0699462890625,1913.0699462890625,1872.6500244140625,1880.050048828125,4929940000,1902.0539978027343,,49.951730157052765,False,0.0,0.0
2016-02-08,1873.25,1873.25,1828.4599609375,1853.43994140625,5636460000,1898.624493408203,,45.58073212747298,False,0.0,0.0
2016-02-09,1848.4599609375,1868.25,1834.93994140625,1852.2099609375,5183220000,1895.0514892578126,,48.79232114439099,False,0.0,0.0
2016-02-10,1857.0999755859373,1881.5999755859373,1850.3199462890625,1851.8599853515625,4471170000,1890.7104858398438,,46.99968485027822,False,0.0,0.0
2016-02-11,1847.0,1847.0,1810.0999755859373,1829.0799560546875,5500800000,1887.6504821777344,,35.60700542664992,False,0.0,0.0
2016-02-12,1833.4000244140625,1864.780029296875,1833.4000244140625,1864.780029296875,4696920000,1884.7974853515625,,47.77352787150405,False,0.0,0.0
2016-02-16,1871.43994140625,1895.77001953125,1871.43994140625,1895.5799560546875,4570670000,1885.5599853515625,,48.564900048311074,False,0.0,0.0
2016-02-17,1898.800048828125,1930.6800537109373,1898.800048828125,1926.8199462890625,5011540000,1887.8344848632812,,57.53702523827479,False,0.0,0.0
2016-02-18,1927.5699462890625,1930.0,1915.0899658203125,1917.8299560546875,4436490000,1890.7594848632812,,54.22464387536438,False,0.0,0.0
2016-02-19,1916.739990234375,1918.780029296875,1902.1700439453125,1917.780029296875,4142850000,1893.1989868164062,,45.374417000360005,False,0.0,0.0
2016-02-22,1924.43994140625,1946.699951171875,1924.43994140625,1945.5,4054710000,1895.1289855957032,,51.13484652239203,False,0.0,0.0
2016-02-23,1942.3800048828125,1942.3800048828125,1919.43994140625,1921.27001953125,3890650000,1897.3384887695313,,53.541473699778436,False,0.0,0.0
2016-02-24,1917.56005859375,1932.0799560546875,1891.0,1929.800048828125,4317250000,1898.646990966797,,53.3658219994138,False,0.0,0.0
2016-02-25,1931.8699951171875,1951.8299560546875,1925.4100341796875,1951.699951171875,4118210000,1902.084490966797,,56.5782361749825,False,0.0,0.0
2016-02-26,1954.949951171875,1962.9599609375,1945.780029296875,1948.050048828125,4348510000,1904.818994140625,,63.947013686228246,False,0.0,0.0
2016-02-29,1947.1300048828125,1958.27001953125,1931.81005859375,1932.22998046875,4588180000,1904.4184936523438,,66.90847781575687,False,0.0,0.0
2016-03-01,1937.0899658203125,1978.3499755859373,1937.0899658203125,1978.3499755859373,4819750000,1906.3669921875,,72.69686973810735,False,0.0,0.0
2016-03-02,1976.5999755859373,1986.510009765625,1968.800048828125,1986.449951171875,4666610000,1910.53798828125,,73.56021401106638,False,0.0,0.0
2016-03-03,1985.5999755859373,1993.68994140625,1977.3699951171875,1993.4000244140625,5081700000,1914.5814880371095,,80.45222151841463,False,0.0,0.0
2016-03-04,1994.010009765625,2009.1300048828125,1986.77001953125,1999.989990234375,6049930000,1918.8084899902344,,78.08802422238338,False,0.0,0.0
2016-03-07,1996.1099853515625,2006.1199951171875,1989.3800048828125,2001.760009765625,4968180000,1924.8939880371095,,75.08271733883456,False,0.0,0.0
2016-03-08,1996.8800048828125,1996.8800048828125,1977.4300537109373,1979.260009765625,4641650000,1931.184991455078,,62.921376703268145,False,0.0,0.0
2016-03-09,1981.43994140625,1992.68994140625,1979.8399658203125,1989.260009765625,4038120000,1938.0374938964844,,67.51339195124126,False,0.0,0.0
2016-03-10,1990.969970703125,2005.0799560546875,1969.25,1989.5699462890625,4376790000,1944.9229919433594,,67.5792106642881,False,0.0,0.0
2016-03-11,1994.7099609375,2022.3699951171875,1994.7099609375,2022.18994140625,4078620000,1954.5784912109375,,68.33899247108936,False,0.0,0.0
2016-03-14,2019.27001953125,2024.5699462890625,2012.050048828125,2019.6400146484373,3487850000,1962.3214904785157,,76.24462550667272,False,0.0,0.0
2016-03-15,2015.27001953125,2015.93994140625,2005.22998046875,2015.9300537109373,3560280000,1968.3389953613282,1930.3505932617188,73.58566629339296,True,0.0,0.0
2016-03-16,2014.239990234375,2032.02001953125,2010.0400390625,2027.219970703125,4057020000,1973.3589965820313,1930.6417919921876,71.95608074057138,True,0.0,0.0
2016-03-17,2026.9000244140625,2046.239990234375,2022.1600341796875,2040.5899658203125,4530480000,1979.4969970703125,1931.1193920898438,75.46505339321519,True,0.0,0.0
2016-03-18,2041.1600341796875,2052.360107421875,2041.1600341796875,2049.580078125,6503140000,1986.0869995117187,1932.3057934570313,83.55354916532514,True,0.0,0.0
2016-03-21,2047.8800048828125,2053.909912109375,2043.1400146484373,2051.60009765625,3376600000,1991.3920043945313,1934.47599609375,78.00725682766289,True,0.0,0.0
2016-03-22,2048.639892578125,2056.60009765625,2040.5699462890625,2049.800048828125,3418460000,1997.818505859375,1937.031396484375,75.44794431073939,True,0.0,0.0
2016-03-23,2048.550048828125,2048.550048828125,2034.8599853515625,2036.7099609375,3639510000,2003.1640014648438,1939.2921948242188,66.57987190139411,True,0.0,0.0
2016-03-24,2032.47998046875,2036.0400390625,2022.489990234375,2035.93994140625,3407720000,2007.3760009765624,1941.237392578125,64.40417498141403,True,0.0,0.0
2016-03-28,2037.8900146484373,2042.6700439453125,2031.9599609375,2037.050048828125,2809090000,2011.8260009765625,1944.17279296875,64.21493715052205,True,0.0,0.0
2016-03-29,2035.75,2055.909912109375,2028.31005859375,2055.010009765625,3822330000,2017.9650024414063,1946.8361938476562,81.67068497737009,True,0.0,0.0
2016-03-30,2058.27001953125,2072.2099609375,2058.27001953125,2063.949951171875,3590310000,2022.2450012207032,1950.50859375,81.50675902525019,True,0.0,0.0
2016-03-31,2063.77001953125,2067.919921875,2057.4599609375,2059.739990234375,3715280000,2025.9095031738282,1954.0767944335937,78.65719723973439,True,0.0,0.0
2016-04-01,2056.6201171875,2075.070068359375,2043.97998046875,2072.780029296875,3749990000,2029.8785034179687,1958.3457958984375,74.59408840801937,True,0.0,0.0
2016-04-04,2073.18994140625,2074.02001953125,2062.570068359375,2066.1298828125,3485710000,2033.185498046875,1962.28859375,71.73432922020193,True,0.0,0.0
2016-04-05,2062.5,2062.5,2042.56005859375,2045.1700439453125,4154920000,2035.3559997558593,1965.053994140625,61.77131411138463,True,0.0,0.0
2016-04-06,2045.56005859375,2067.330078125,2043.0899658203125,2066.659912109375,3750800000,2039.7259948730468,1968.8455932617187,64.6725812575045,True,0.0,0.0
2016-04-07,2063.010009765625,2063.010009765625,2033.800048828125,2041.9100341796875,3801250000,2042.35849609375,1971.6111938476563,50.452760356045324,True,0.0,0.0
2016-04-08,2045.5400390625,2060.6298828125,2041.68994140625,2047.5999755859373,3359530000,2045.2599975585938,1974.9041943359375,49.30512896302666,True,0.0,0.0
2016-04-11,2050.22998046875,2062.929931640625,2041.8800048828125,2041.989990234375,3567840000,2046.25,1977.8767944335937,46.710440546747286,True,0.0,0.0
2016-04-12,2043.719970703125,2065.050048828125,2039.739990234375,2061.719970703125,4239740000,2048.3539978027343,1980.3063940429688,53.634127932855286,True,0.0,0.0
2016-04-13,2065.919921875,2083.179931640625,2065.919921875,2082.419921875,4191830000,2051.6784912109374,1983.1671923828126,63.31800663809038,True,0.0,0.0
2016-04-14,2082.889892578125,2087.840087890625,2078.1298828125,2082.780029296875,3765870000,2054.456494140625,1986.7621923828126,63.679955621090855,True,0.0,0.0
2016-04-15,2083.10009765625,2083.219970703125,2076.31005859375,2080.72998046875,3701450000,2056.463494873047,1990.12619140625,62.68735356354707,True,0.0,0.0
2016-04-18,2078.830078125,2094.659912109375,2073.64990234375,2094.340087890625,3316880000,2058.701495361328,1993.703994140625,61.720044756986766,True,0.0,0.0
2016-04-19,2096.050048828125,2104.050048828125,2091.679931640625,2100.800048828125,3896830000,2061.161492919922,1998.118994140625,61.14576825887711,True,0.0,0.0
2016-04-20,2101.52001953125,2111.050048828125,2096.320068359375,2102.39990234375,4184880000,2063.7914855957033,2003.098193359375,63.11001503560832,True,0.0,0.0
2016-04-21,2102.090087890625,2103.780029296875,2088.52001953125,2091.47998046875,4175290000,2066.5299865722654,2007.88359375,55.82264258803713,True,0.0,0.0
2016-04-22,2091.489990234375,2094.320068359375,2081.199951171875,2091.580078125,3790580000,2069.3119934082033,2012.6779956054688,58.26146567232787,True,0.0,0.0
2016-04-25,2089.3701171875,2089.3701171875,2077.52001953125,2087.7900390625,3319740000,2071.848992919922,2017.852197265625,65.570683803756,True,0.0,0.0
2016-04-26,2089.840087890625,2096.8701171875,2085.800048828125,2091.699951171875,3557190000,2073.683489990234,2022.390595703125,60.496346480545306,True,0.0,0.0
2016-04-27,2092.330078125,2099.889892578125,2082.31005859375,2095.14990234375,4100110000,2075.243487548828,2026.3819946289063,77.16878194881724,True,0.0,0.0
2016-04-28,2090.929931640625,2099.300048828125,2071.6201171875,2075.81005859375,4309840000,2076.046990966797,2029.361796875,62.63555651300054,True,0.0,0.0
2016-04-29,2071.820068359375,2073.85009765625,2052.280029296875,2065.300048828125,4704720000,2075.672991943359,2032.3111987304687,60.00175987731141,True,0.0,0.0
2016-05-02,2067.169921875,2083.419921875,2066.110107421875,2081.429931640625,3841110000,2076.4379943847657,2035.5841967773438,58.7266516776202,True,0.0,0.0
2016-05-03,2077.179931640625,2077.179931640625,2054.889892578125,2063.3701171875,4173390000,2077.347998046875,2037.9415991210938,41.36373094615115,True,0.0,0.0
2016-05-04,2060.300048828125,2060.300048828125,2045.550048828125,2051.1201171875,4058560000,2076.571008300781,2040.5386010742188,37.04368294744498,True,0.0,0.0
2016-05-05,2052.949951171875,2060.22998046875,2045.77001953125,2050.6298828125,4008530000,2077.007000732422,2042.9551977539063,37.52272000453388,True,0.0,0.0
2016-05-06,2047.77001953125,2057.719970703125,2039.449951171875,2057.139892578125,3796350000,2077.483996582031,2045.0639965820312,33.61506830460067,True,0.0,0.0
2016-05-09,2057.550048828125,2064.14990234375,2054.31005859375,2058.68994140625,3788620000,2078.318994140625,2047.2767944335938,30.614006496352815,True,0.0,0.0
2016-05-10,2062.6298828125,2084.8701171875,2062.6298828125,2084.389892578125,3600200000,2079.452490234375,2050.319992675781,43.21450975847117,True,0.0,0.0
2016-05-11,2083.2900390625,2083.2900390625,2064.4599609375,2064.4599609375,3821980000,2078.5544921875,2052.0421923828126,40.46709297758422,True,0.0,0.0
2016-05-12,2067.169921875,2073.989990234375,2053.1298828125,2064.110107421875,3782390000,2077.62099609375,2053.5953955078126,40.32539591096926,True,0.0,0.0
2016-05-13,2062.5,2066.7900390625,2043.1300048828125,2046.6099853515625,3579880000,2075.9149963378904,2054.6595947265623,36.77409793723493,True,0.0,0.0
2016-05-16,2046.530029296875,2071.8798828125,2046.530029296875,2066.659912109375,3501360000,2074.5309875488283,2055.9929931640627,42.713275445349566,True,0.0,0.0
2016-05-17,2065.0400390625,2065.68994140625,2040.8199462890625,2047.2099609375,4108960000,2071.851483154297,2056.9019921875,37.23776791900264,True,0.0,0.0
2016-05-18,2044.3800048828125,2060.610107421875,2034.489990234375,2047.6300048828125,4101320000,2069.11298828125,2058.2693920898437,41.65775891913066,True,0.0,0.0
2016-05-19,2044.2099609375,2044.2099609375,2025.9100341796875,2040.0400390625,3846770000,2066.5409912109376,2059.2849926757813,42.39063444597581,True,0.0,0.0
2016-05-20,2041.8800048828125,2058.35009765625,2041.8800048828125,2052.320068359375,3507650000,2064.577990722656,2060.5399951171876,41.022671830672024,True,0.0,0.0
2016-05-23,2052.22998046875,2055.580078125,2047.260009765625,2048.0400390625,3055480000,2062.5904907226563,2061.0569970703127,44.833141882884995,True,0.0,0.0
2016-05-24,2052.64990234375,2079.669921875,2052.64990234375,2076.06005859375,3627340000,2061.80849609375,2062.185397949219,57.59807567580434,False,0.0,0.0
2016-05-25,2078.929931640625,2094.72998046875,2078.929931640625,2090.5400390625,3859160000,2061.5780029296875,2063.67759765625,61.2038029547467,False,0.0,0.0
2016-05-26,2091.43994140625,2094.300048828125,2087.080078125,2090.10009765625,3230990000,2062.2925048828124,2064.9352001953125,59.57923865611807,False,0.0,0.0
2016-05-27,2090.06005859375,2099.06005859375,2090.06005859375,2099.06005859375,3079150000,2063.980505371094,2066.104602050781,61.24830958360657,False,0.0,0.0
2016-05-31,2100.1298828125,2103.47998046875,2088.659912109375,2096.949951171875,4514410000,2064.7565063476563,2067.051999511719,54.02927935689424,False,0.0,0.0
2016-06-01,2093.93994140625,2100.969970703125,2085.10009765625,2099.330078125,3525170000,2066.5545043945312,2068.0065991210936,62.605777751104114,False,0.0,0.0
2016-06-02,2097.7099609375,2105.260009765625,2088.590087890625,2105.260009765625,3632720000,2069.2614990234374,2069.115798339844,64.29906986056392,True,0.0,0.0
2016-06-03,2104.070068359375,2104.070068359375,2085.360107421875,2099.1298828125,3627780000,2071.6864990234376,2070.3641967773438,69.81581698684144,True,0.0,0.0
2016-06-06,2100.830078125,2113.360107421875,2100.830078125,2109.409912109375,3442020000,2074.3,2071.8335961914063,67.4134073212208,True,0.0,0.0
2016-06-07,2110.179931640625,2119.219970703125,2110.179931640625,2112.1298828125,3534730000,2076.9719970703127,2073.3351928710936,80.61675175413751,True,0.0,0.0
2016-06-08,2112.7099609375,2120.550048828125,2112.7099609375,2119.1201171875,3562060000,2078.7085083007814,2074.617395019531,81.74785681217683,True,0.0,0.0
2016-06-09,2115.64990234375,2117.639892578125,2107.72998046875,2115.47998046875,3290320000,2081.2595092773436,2075.6479956054686,84.71995002157342,True,0.0,0.0
2016-06-10,2109.570068359375,2109.570068359375,2089.9599609375,2096.070068359375,3515010000,2082.8575073242187,2076.3745971679687,68.8951404060768,True,0.0,0.0
2016-06-13,2091.75,2098.1201171875,2078.4599609375,2079.06005859375,3392030000,2084.480010986328,2076.5001977539064,62.07000064597274,True,0.0,0.0
2016-06-14,2076.64990234375,2081.300048828125,2064.10009765625,2075.320068359375,3759770000,2084.913018798828,2076.6840014648437,49.64498801790637,True,0.0,0.0
2016-06-15,2077.60009765625,2085.64990234375,2069.800048828125,2071.5,3544720000,2086.127520751953,2077.2106005859373,39.82475001565664,True,0.0,0.0
2016-06-16,2066.360107421875,2079.6201171875,2050.3701171875,2077.989990234375,3628280000,2087.6455200195314,2077.4372021484373,43.92127547456527,True,0.0,0.0
2016-06-17,2078.199951171875,2078.199951171875,2062.840087890625,2071.219970703125,4952630000,2089.2045166015623,2078.023400878906,35.7114037615748,True,0.0,0.0
2016-06-20,2075.580078125,2100.659912109375,2075.580078125,2083.25,3467440000,2090.751013183594,2078.7364013671877,43.618465793430026,True,0.0,0.0
2016-06-21,2085.18994140625,2093.659912109375,2083.02001953125,2088.89990234375,3232880000,2092.7940063476562,2079.674599609375,45.28517194190615,True,0.0,0.0
2016-06-22,2089.75,2099.7099609375,2084.360107421875,2085.449951171875,3168160000,2093.2635009765627,2080.14919921875,40.839734297880796,True,0.0,0.0
2016-06-23,2092.800048828125,2113.320068359375,2092.800048828125,2113.320068359375,3297940000,2094.4025024414063,2080.7672021484377,55.46321169886588,True,0.0,0.0
2016-06-24,2103.81005859375,2103.81005859375,2032.5699462890625,2037.4100341796875,7597450000,2091.767999267578,2079.8598022460938,31.585743463006523,True,0.0,0.0
2016-06-27,2031.449951171875,2031.449951171875,1991.6800537109373,2000.5400390625,5431220000,2086.8419982910154,2078.2560034179687,25.704408025106105,True,0.0,0.0
2016-06-28,2006.6700439453125,2036.0899658203125,2006.6700439453125,2036.0899658203125,4385810000,2083.7989990234373,2077.0910009765626,33.92197732946872,True,0.0,0.0
2016-06-29,2042.68994140625,2073.1298828125,2042.68994140625,2070.77001953125,4241740000,2082.37099609375,2076.490400390625,42.27139828219533,True,1.0,1.0
2016-06-30,2073.169921875,2098.93994140625,2070.0,2098.860107421875,4622820000,2082.0510009765626,2076.4196044921873,50.468237071854794,True,1.0,0.0
2016-07-01,2099.340087890625,2108.7099609375,2097.89990234375,2102.949951171875,3458890000,2082.2420043945312,2076.64900390625,54.19106202581632,True,1.0,0.0
2016-07-05,2095.050048828125,2095.050048828125,2080.860107421875,2088.550048828125,3658380000,2081.199011230469,2076.5884033203124,52.237288863346606,True,1.0,0.0
2016-07-06,2084.429931640625,2100.719970703125,2074.02001953125,2099.72998046875,3909380000,2080.5790161132813,2076.8272021484377,54.65795473771562,True,1.0,0.0
2016-07-07,2100.419921875,2109.080078125,2089.389892578125,2097.89990234375,3604550000,2079.5180053710938,2076.951201171875,53.33644813165288,True,1.0,0.0
2016-07-08,2106.969970703125,2131.7099609375,2106.969970703125,2129.89990234375,3607500000,2080.2390014648436,2077.646201171875,59.06674261485592,True,1.0,0.0
2016-07-11,2131.719970703125,2143.159912109375,2131.719970703125,2137.159912109375,3253340000,2082.293493652344,2078.8731982421873,58.45433933137151,True,1.0,0.0
2016-07-12,2139.5,2155.39990234375,2139.5,2152.139892578125,4097820000,2085.9474853515626,2080.6099951171873,59.63554472998781,True,1.0,0.0
2016-07-13,2153.81005859375,2156.449951171875,2146.2099609375,2152.429931640625,3502320000,2089.802978515625,2082.0299951171874,60.30461237980769,True,1.0,0.0
2016-07-14,2157.8798828125,2168.989990234375,2157.8798828125,2163.75,3465610000,2094.415478515625,2084.0375927734376,58.17473490416025,True,1.0,0.0
2016-07-15,2165.1298828125,2169.050048828125,2155.7900390625,2161.739990234375,3122600000,2098.602978515625,2086.249990234375,76.50394263031811,True,1.0,0.0
2016-07-18,2162.0400390625,2168.35009765625,2159.6298828125,2166.889892578125,3009310000,2103.386474609375,2088.5751904296876,91.0072449027493,True,0.0,-1.0
2016-07-19,2163.7900390625,2164.6298828125,2159.010009765625,2163.780029296875,2968340000,2107.412976074219,2090.7079931640624,87.4699910376098,True,0.0,0.0
2016-07-20,2166.10009765625,2175.6298828125,2164.889892578125,2173.02001953125,3211860000,2111.6189819335937,2092.9945947265624,85.27085431706175,True,0.0,0.0
2016-07-21,2172.909912109375,2174.56005859375,2159.75,2165.169921875,3438900000,2115.60498046875,2094.6101953125,76.5856647566321,True,0.0,0.0
2016-07-22,2166.469970703125,2175.110107421875,2163.239990234375,2175.030029296875,3023280000,2118.690478515625,2096.8215966796874,77.62112542707776,True,0.0,0.0
2016-07-25,2173.7099609375,2173.7099609375,2161.949951171875,2168.47998046875,3057240000,2125.243975830078,2098.908994140625,82.5898429800933,True,0.0,0.0
2016-07-26,2168.969970703125,2173.5400390625,2160.179931640625,2169.179931640625,3442350000,2133.6759704589845,2101.3603930664062,80.96293377626168,True,0.0,0.0
2016-07-27,2169.81005859375,2174.97998046875,2159.070068359375,2166.580078125,3995500000,2140.200476074219,2103.358796386719,80.4110092536539,True,0.0,0.0
2016-07-28,2166.050048828125,2172.85009765625,2159.739990234375,2170.06005859375,3664240000,2145.1649780273438,2105.8157983398437,73.79158928788378,True,0.0,0.0
2016-07-29,2168.830078125,2177.090087890625,2163.489990234375,2173.60009765625,4038840000,2148.9019775390625,2108.3352001953126,72.58317824883119,True,0.0,0.0
2016-08-01,2173.14990234375,2178.2900390625,2166.2099609375,2170.840087890625,3505990000,2152.296484375,2110.951201171875,63.65776072350684,True,0.0,0.0
2016-08-02,2169.93994140625,2170.199951171875,2147.580078125,2157.030029296875,3848750000,2155.7204833984374,2113.045400390625,52.80562256172012,True,0.0,0.0
2016-08-03,2156.81005859375,2163.7900390625,2152.56005859375,2163.7900390625,3786530000,2158.923486328125,2115.360400390625,50.02585837180554,True,0.0,0.0
2016-08-04,2163.510009765625,2168.18994140625,2159.070068359375,2164.25,3709200000,2162.2409912109374,2117.12419921875,51.65415445210658,True,0.0,0.0
2016-08-05,2168.7900390625,2182.8701171875,2168.7900390625,2182.8701171875,3663070000,2164.889501953125,2118.97080078125,58.94347934207254,True,0.0,0.0
2016-08-08,2183.760009765625,2185.43994140625,2177.85009765625,2180.889892578125,3327550000,2167.0760009765627,2120.7865966796876,59.69832000221416,True,0.0,0.0
2016-08-09,2182.239990234375,2187.659912109375,2178.610107421875,2181.739990234375,3334300000,2168.556005859375,2122.4401953125,55.462233709033626,True,0.0,0.0
2016-08-10,2182.81005859375,2183.409912109375,2172.0,2175.489990234375,3254950000,2169.7090087890624,2124.01099609375,56.59678330539872,True,0.0,0.0
2016-08-11,2177.969970703125,2188.449951171875,2177.969970703125,2185.7900390625,3423160000,2170.8110107421876,2125.7401953125,56.83953406808963,True,0.0,0.0
2016-08-12,2183.739990234375,2186.280029296875,2179.419921875,2184.050048828125,3000660000,2171.926513671875,2127.31599609375,60.541635949499316,True,0.0,0.0
2016-08-15,2186.080078125,2193.81005859375,2186.080078125,2190.14990234375,3078530000,2173.0895141601563,2129.136396484375,63.23022467029565,True,0.0,0.0
2016-08-16,2186.239990234375,2186.239990234375,2178.139892578125,2178.14990234375,3196400000,2173.8080078125,2130.5111962890624,56.52553482121218,True,0.0,0.0
2016-08-17,2177.840087890625,2183.080078125,2168.5,2182.219970703125,3388910000,2174.2680053710938,2131.912998046875,56.81300252510744,True,0.0,0.0
2016-08-18,2181.89990234375,2187.030029296875,2180.4599609375,2187.02001953125,3300570000,2175.3605102539063,2133.27099609375,57.414281475087,True,0.0,0.0
2016-08-19,2184.239990234375,2185.0,2175.1298828125,2183.8701171875,3084800000,2175.8025146484374,2134.638798828125,57.16799136150336,True,0.0,0.0
2016-08-22,2181.580078125,2185.14990234375,2175.9599609375,2182.639892578125,2777550000,2176.5105102539064,2136.3701953125,66.35147774036663,True,0.0,0.0
2016-08-23,2187.81005859375,2193.419921875,2186.800048828125,2186.89990234375,3041490000,2177.3965087890624,2138.5269921875,65.2418523766585,True,0.0,0.0
2016-08-24,2185.090087890625,2186.659912109375,2171.25,2175.43994140625,3148280000,2177.839501953125,2140.5293896484377,56.44503566044953,True,0.0,0.0
2016-08-25,2173.2900390625,2179.0,2169.739990234375,2172.469970703125,2969310000,2177.959997558594,2142.5487890625,42.692462080535755,True,0.0,0.0
2016-08-26,2175.10009765625,2187.93994140625,2160.389892578125,2169.0400390625,3342340000,2177.7319946289062,2144.3697900390625,41.84007988944592,True,0.0,0.0
2016-08-29,2170.18994140625,2183.47998046875,2170.18994140625,2180.3798828125,2654780000,2178.208984375,2146.55298828125,49.18164270793855,True,0.0,0.0
2016-08-30,2179.449951171875,2182.27001953125,2170.409912109375,2176.1201171875,3006800000,2179.1634887695313,2148.410390625,50.38844156821431,True,0.0,0.0
2016-08-31,2173.56005859375,2173.7900390625,2161.35009765625,2170.949951171875,3766390000,2179.521484375,2150.0513916015625,40.23418044876017,True,0.0,0.0
2016-09-01,2171.330078125,2173.56005859375,2157.090087890625,2170.860107421875,3392120000,2179.8519897460938,2151.7595947265627,41.12739527153527,True,0.0,0.0
2016-09-02,2177.489990234375,2184.8701171875,2173.590087890625,2179.97998046875,3091120000,2179.707482910156,2153.09279296875,43.42600308057471,True,0.0,0.0
2016-09-06,2181.610107421875,2186.570068359375,2175.10009765625,2186.47998046875,3447650000,2179.9869873046873,2156.0741918945314,55.79688476907603,True,0.0,0.0
2016-09-07,2185.169921875,2187.8701171875,2179.070068359375,2186.159912109375,3319420000,2180.2079833984376,2159.7865893554685,52.89277827171825,True,0.0,0.0
2016-09-08,2182.760009765625,2184.93994140625,2177.489990234375,2181.300048828125,3727840000,2180.498486328125,2162.690791015625,45.803976631647565,True,0.0,0.0
2016-09-09,2169.080078125,2169.080078125,2127.81005859375,2127.81005859375,4233960000,2177.5994873046875,2163.831591796875,26.345869370835686,True,0.0,0.0
2016-09-12,2120.860107421875,2163.300048828125,2119.1201171875,2159.0400390625,4010480000,2176.348986816406,2165.0351904296876,42.053882183893876,True,0.0,0.0
2016-09-13,2150.469970703125,2150.469970703125,2120.27001953125,2127.02001953125,4141670000,2173.192492675781,2165.516591796875,33.0136933173398,True,1.0,1.0
2016-09-14,2127.860107421875,2141.330078125,2119.89990234375,2125.77001953125,3664100000,2170.5734985351564,2166.2609912109374,35.043623499936785,True,1.0,0.0
2016-09-15,2125.360107421875,2151.31005859375,2122.360107421875,2147.260009765625,3373720000,2168.8255004882812,2167.211591796875,43.170598786236965,True,1.0,0.0
2016-09-16,2146.47998046875,2146.47998046875,2131.199951171875,2139.159912109375,5014360000,2166.4324951171875,2168.0367919921873,42.10520883728431,False,1.0,0.0
2016-09-19,2143.989990234375,2153.610107421875,2135.909912109375,2139.1201171875,3141820000,2164.1949951171873,2168.2211962890624,38.406234564513476,False,0.0,-1.0
2016-09-20,2145.93994140625,2150.800048828125,2139.169921875,2139.760009765625,3117380000,2162.0510009765626,2168.2731982421874,39.5708481498236,False,0.0,0.0
2016-09-21,2144.580078125,2165.110107421875,2139.570068359375,2163.1201171875,3685450000,2160.86201171875,2168.492802734375,47.96637747473429,False,0.0,0.0
2016-09-22,2170.93994140625,2179.989990234375,2170.93994140625,2177.179931640625,3523860000,2160.949011230469,2168.987802734375,51.530375765601725,False,0.0,0.0
2016-09-23,2173.2900390625,2173.75,2163.969970703125,2164.68994140625,3289860000,2160.560009765625,2169.0066015625,46.35690552199772,False,0.0,0.0
2016-09-26,2158.5400390625,2158.5400390625,2145.0400390625,2146.10009765625,3199910000,2159.4130126953123,2168.6938037109376,40.90295072734153,False,0.0,0.0
2016-09-27,2146.0400390625,2161.1298828125,2141.550048828125,2159.929931640625,3414090000,2158.390515136719,2168.5546044921875,44.429800912484446,False,0.0,0.0
2016-09-28,2161.85009765625,2172.39990234375,2151.7900390625,2171.3701171875,3860390000,2158.1530151367188,2168.70640625,47.9486116448934,False,0.0,0.0
2016-09-29,2168.89990234375,2172.669921875,2145.199951171875,2151.1298828125,4215620000,2157.16201171875,2168.268603515625,55.58478978252074,False,0.0,0.0
2016-09-30,2156.510009765625,2175.300048828125,2156.510009765625,2168.27001953125,4158800000,2157.032507324219,2168.33060546875,52.370430748009284,False,0.0,0.0
2016-10-03,2164.330078125,2164.409912109375,2154.77001953125,2161.199951171875,3113850000,2156.093505859375,2168.05400390625,60.06832025659651,False,0.0,0.0
2016-10-04,2163.3701171875,2165.4599609375,2144.010009765625,2150.489990234375,3716100000,2154.2940063476562,2167.6942041015627,56.89731513358937,False,0.0,0.0
2016-10-05,2155.14990234375,2163.949951171875,2155.14990234375,2159.72998046875,3883710000,2152.972509765625,2167.505205078125,53.73464341127215,False,0.0,0.0
2016-10-06,2158.219970703125,2162.929931640625,2150.280029296875,2160.77001953125,3438040000,2151.946008300781,2167.38900390625,56.7578091001956,False,0.0,0.0
2016-10-07,2164.18994140625,2165.860107421875,2144.85009765625,2153.739990234375,3578770000,2153.2425048828127,2167.0626025390625,54.380351727255565,False,0.0,0.0
2016-10-10,2160.389892578125,2169.60009765625,2160.389892578125,2163.659912109375,2881970000,2153.473498535156,2166.863798828125,56.78357207796528,False,0.0,0.0
2016-10-11,2161.35009765625,2161.56005859375,2128.840087890625,2136.72998046875,3393060000,2153.9589965820314,2166.1815966796876,42.65839326028901,False,0.0,0.0
2016-10-12,2137.669921875,2145.360107421875,2132.77001953125,2139.179931640625,2959510000,2154.6294921875,2165.8245947265623,38.698556533356566,False,0.0,0.0
2016-10-13,2130.260009765625,2138.18994140625,2114.719970703125,2132.550048828125,3538030000,2153.893994140625,2165.199794921875,40.09617569216556,False,0.0,0.0
2016-10-14,2139.679931640625,2149.18994140625,2132.97998046875,2132.97998046875,3187910000,2153.584997558594,2164.57439453125,45.447568252591346,False,0.0,0.0
2016-10-17,2132.949951171875,2135.610107421875,2124.429931640625,2126.5,2832440000,2152.953991699219,2163.4469921875,37.77701208114559,False,0.0,0.0
2016-10-18,2138.31005859375,2144.3798828125,2135.489990234375,2139.60009765625,3172940000,2152.94599609375,2162.6211962890625,38.52323399091243,False,0.0,0.0
2016-10-19,2140.81005859375,2148.43994140625,2138.14990234375,2144.2900390625,3364990000,2152.0044921875,2161.872197265625,47.21640429700695,False,0.0,0.0
2016-10-20,2142.510009765625,2147.179931640625,2133.43994140625,2141.340087890625,3339320000,2150.2125,2161.18919921875,37.60927049657276,False,0.0,0.0
2016-10-21,2139.429931640625,2142.6298828125,2130.090087890625,2141.159912109375,3456390000,2149.035998535156,2160.2965966796874,40.15519681450743,False,0.0,0.0
2016-10-24,2148.5,2154.7900390625,2146.909912109375,2151.330078125,3359950000,2149.297497558594,2159.642197265625,50.414899235312134,False,0.0,0.0
2016-10-25,2149.719970703125,2151.43994140625,2141.929931640625,2143.159912109375,3756200000,2148.4589965820314,2158.7023974609374,41.72904018308689,False,0.0,0.0
2016-10-26,2136.969970703125,2145.72998046875,2131.590087890625,2139.429931640625,3778120000,2146.8619873046873,2157.927998046875,39.62664514674294,False,0.0,0.0
2016-10-27,2144.06005859375,2147.1298828125,2132.52001953125,2133.0400390625,4209400000,2145.9574951171876,2156.9443994140624,39.87480086841672,False,0.0,0.0
2016-10-28,2132.22998046875,2140.719970703125,2119.360107421875,2126.409912109375,4028270000,2143.8644897460936,2155.732197265625,31.17359051177391,False,0.0,0.0
2016-10-31,2129.780029296875,2133.25,2125.530029296875,2126.14990234375,3926560000,2142.1119873046873,2154.57779296875,42.67918561514707,False,0.0,0.0
2016-11-01,2128.679931640625,2131.449951171875,2097.85009765625,2111.719970703125,4539190000,2140.173486328125,2153.15939453125,33.70139806635599,False,0.0,0.0
2016-11-02,2109.429931640625,2111.760009765625,2094.0,2097.93994140625,4289120000,2137.083984375,2151.3801953125,31.064688046803,False,0.0,0.0
2016-11-03,2098.800048828125,2102.56005859375,2085.22998046875,2088.659912109375,3892100000,2133.478479003906,2149.6445947265624,27.89312809771424,False,0.0,0.0
2016-11-04,2083.7900390625,2099.070068359375,2083.7900390625,2085.179931640625,3841910000,2130.0504760742188,2147.8987939453127,28.753668744680482,False,0.0,0.0
2016-11-07,2100.590087890625,2132.0,2100.590087890625,2131.52001953125,3739720000,2128.4434814453125,2147.1483935546876,46.90372122264468,False,0.0,0.0
2016-11-08,2129.919921875,2146.8701171875,2123.56005859375,2139.56005859375,3921850000,2128.5849853515624,2146.3319970703124,48.232847474323655,False,0.0,0.0
2016-11-09,2131.56005859375,2170.10009765625,2125.35009765625,2163.260009765625,6267590000,2129.7889892578123,2146.074794921875,57.09012859268245,False,0.0,0.0
2016-11-10,2167.489990234375,2182.300048828125,2151.169921875,2167.47998046875,6458450000,2131.5354858398437,2146.0053955078124,58.29656046014447,False,0.0,0.0
2016-11-11,2162.7099609375,2165.919921875,2152.489990234375,2164.449951171875,4993990000,2133.108984375,2145.8771923828126,54.33055637483621,False,0.0,0.0
2016-11-14,2165.639892578125,2171.360107421875,2156.080078125,2164.199951171875,5373670000,2134.9939819335937,2145.561591796875,57.32795711725071,False,0.0,0.0
2016-11-15,2168.2900390625,2180.840087890625,2166.3798828125,2180.389892578125,4548110000,2137.0334716796874,2145.4397900390627,63.12650807907889,False,0.0,0.0
2016-11-16,2177.530029296875,2179.219970703125,2172.199951171875,2176.93994140625,3847900000,2138.665966796875,2145.255390625,64.33886854561925,False,0.0,0.0
2016-11-17,2178.610107421875,2188.06005859375,2176.64990234375,2187.1201171875,3811730000,2140.954968261719,2145.3717919921874,69.38011743305739,False,0.0,0.0
2016-11-18,2186.85009765625,2189.889892578125,2180.3798828125,2181.89990234375,3580900000,2142.9919677734374,2146.4535888671876,67.2504132206432,False,0.0,0.0
2016-11-21,2186.429931640625,2198.699951171875,2186.429931640625,2198.179931640625,3611500000,2145.3344604492186,2147.23638671875,76.449991933701,False,0.0,0.0
2016-11-22,2201.56005859375,2204.800048828125,2194.510009765625,2202.93994140625,3960520000,2148.3234619140626,2148.75478515625,83.99809646074503,False,0.0,0.0
2016-11-23,2198.550048828125,2204.719970703125,2194.510009765625,2204.719970703125,3419850000,2151.5879638671877,2150.3337841796874,89.49759549075586,True,0.0,0.0
2016-11-25,2206.27001953125,2213.35009765625,2206.27001953125,2213.35009765625,1584590000,2155.603466796875,2151.6555859375,92.14167714218286,True,0.0,0.0
2016-11-28,2210.2099609375,2211.139892578125,2200.360107421875,2201.719970703125,3515100000,2159.3689697265627,2152.906787109375,79.90780284954099,True,0.0,0.0
2016-11-29,2200.760009765625,2210.4599609375,2198.14990234375,2204.659912109375,3709190000,2163.294470214844,2154.2175830078127,78.9949958570655,True,0.0,0.0
2016-11-30,2204.969970703125,2214.10009765625,2198.81005859375,2198.81005859375,5538400000,2167.648974609375,2155.398583984375,68.827400731824,True,0.0,0.0
2016-12-01,2200.169921875,2202.60009765625,2187.43994140625,2191.080078125,5067470000,2172.3059814453127,2155.957783203125,62.05065298367915,True,0.0,0.0
2016-12-02,2191.1201171875,2197.949951171875,2188.3701171875,2191.949951171875,3782370000,2177.4704833984374,2156.25318359375,64.3587756288338,True,0.0,0.0
2016-12-05,2200.64990234375,2209.419921875,2199.969970703125,2204.7099609375,3898530000,2183.446984863281,2157.053583984375,68.70781893004116,True,0.0,0.0
2016-12-06,2207.260009765625,2212.780029296875,2202.2099609375,2212.22998046875,3857290000,2187.4824829101562,2158.376181640625,65.98392501280753,True,0.0,0.0
2016-12-07,2210.719970703125,2241.6298828125,2208.929931640625,2241.35009765625,4504070000,2192.571984863281,2160.0045849609373,75.7084278553443,True,0.0,0.0
2016-12-08,2241.1298828125,2251.68994140625,2237.570068359375,2246.18994140625,4203270000,2196.7184814453126,2161.5009814453124,74.62675629129906,True,0.0,0.0
2016-12-09,2249.72998046875,2259.800048828125,2249.22998046875,2259.530029296875,3886460000,2201.3209838867188,2163.668984375,80.3124159902992,True,0.0,0.0
2016-12-12,2258.830078125,2264.030029296875,2252.3701171875,2256.9599609375,4038850000,2205.946484375,2165.442783203125,75.70403363390038,True,0.0,0.0
2016-12-13,2263.320068359375,2277.530029296875,2263.320068359375,2271.719970703125,3875630000,2211.3224853515626,2167.65318359375,77.65802665242481,True,0.0,0.0
2016-12-14,2268.35009765625,2276.199951171875,2248.43994140625,2253.280029296875,4409670000,2214.9669921875,2169.708984375,67.21987893395391,True,0.0,0.0
2016-12-15,2253.77001953125,2272.1201171875,2253.77001953125,2262.030029296875,4173360000,2219.2214965820312,2171.7549853515625,67.24772372224827,True,0.0,0.0
2016-12-16,2266.81005859375,2268.050048828125,2254.239990234375,2258.070068359375,5928980000,2222.768994140625,2173.700986328125,71.11285925980133,True,0.0,0.0
2016-12-19,2259.239990234375,2267.469970703125,2258.2099609375,2262.530029296875,3252840000,2226.800500488281,2175.876787109375,71.43818419929238,True,0.0,0.0
2016-12-20,2266.5,2272.56005859375,2266.139892578125,2270.760009765625,3306250000,2230.4295043945312,2178.0187890625,76.19221984233494,True,0.0,0.0
2016-12-21,2270.5400390625,2271.22998046875,2265.14990234375,2265.179931640625,2854880000,2233.54150390625,2180.5877880859375,77.40380187764433,True,0.0,0.0
2016-12-22,2262.929931640625,2263.179931640625,2256.080078125,2260.9599609375,2880670000,2236.3535034179686,2183.023388671875,74.90436140200634,True,0.0,0.0
2016-12-23,2260.25,2263.7900390625,2258.840087890625,2263.7900390625,2021230000,2238.8755004882814,2185.6481884765626,72.96688862399114,True,0.0,0.0
2016-12-27,2266.22998046875,2273.820068359375,2266.14990234375,2268.8798828125,1989730000,2242.23349609375,2188.3661865234376,72.44628284649644,True,0.0,0.0
2016-12-28,2270.22998046875,2271.31005859375,2249.110107421875,2249.919921875,2402750000,2244.4964965820313,2190.8345849609377,53.6929415180807,True,0.0,0.0
2016-12-29,2249.5,2254.510009765625,2244.56005859375,2249.260009765625,2338700000,2247.018994140625,2193.027783203125,51.37240607067319,True,0.0,0.0
2016-12-30,2251.610107421875,2253.580078125,2233.6201171875,2238.830078125,2671550000,2249.406494140625,2194.918583984375,40.49935345358873,True,0.0,0.0
2017-01-03,2251.570068359375,2263.8798828125,2245.1298828125,2257.830078125,3773010000,2252.7005004882812,2197.2483837890627,50.347020723875104,True,0.0,0.0
2017-01-04,2261.60009765625,2272.820068359375,2261.60009765625,2270.75,3768890000,2256.0025024414062,2199.840185546875,49.60739322143101,True,0.0,0.0
2017-01-05,2268.179931640625,2271.5,2260.449951171875,2269.0,3785080000,2258.8410034179688,2202.193583984375,57.35680906733087,True,0.0,0.0
2017-01-06,2271.139892578125,2282.10009765625,2264.06005859375,2276.97998046875,3342080000,2260.6224975585938,2204.8699853515627,57.0472378418316,True,0.0,0.0
2017-01-09,2273.590087890625,2275.489990234375,2268.89990234375,2268.89990234375,3219730000,2261.7579956054688,2207.459384765625,54.91417721126342,True,0.0,0.0
2017-01-10,2269.719970703125,2279.27001953125,2265.27001953125,2268.89990234375,3640560000,2262.2264892578123,2210.17658203125,53.0123375258908,True,0.0,0.0
2017-01-11,2268.60009765625,2275.320068359375,2260.830078125,2275.320068359375,3625080000,2263.144494628906,2213.15478515625,52.19402522224519,True,0.0,0.0
2017-01-12,2271.139892578125,2271.780029296875,2254.25,2270.43994140625,3466220000,2263.0804931640623,2216.0405859375,52.54796127619214,True,0.0,0.0
2017-01-13,2272.739990234375,2278.679931640625,2271.510009765625,2274.639892578125,3090680000,2264.148486328125,2219.298984375,56.62787699281062,True,0.0,0.0
2017-01-17,2269.139892578125,2272.080078125,2262.81005859375,2267.889892578125,3586950000,2264.4414794921877,2222.6979833984374,51.91367549223613,True,0.0,0.0
2017-01-18,2269.139892578125,2272.010009765625,2263.35009765625,2271.889892578125,3317670000,2265.132470703125,2226.3625830078126,51.4194138139853,True,0.0,0.0
2017-01-19,2271.89990234375,2274.330078125,2258.409912109375,2263.68994140625,3168390000,2265.190466308594,2229.932783203125,57.22683778118321,True,0.0,0.0
2017-01-20,2269.9599609375,2276.9599609375,2265.010009765625,2271.31005859375,3536850000,2265.21796875,2232.728583984375,60.7845057136375,True,0.0,0.0
2017-01-23,2267.780029296875,2271.780029296875,2257.02001953125,2265.199951171875,3155240000,2265.2189697265626,2235.2413818359373,63.46632887909217,True,0.0,0.0
2017-01-24,2267.8798828125,2284.6298828125,2266.679931640625,2280.070068359375,3816950000,2266.1744750976563,2237.5775830078123,61.85746827204686,True,0.0,0.0
2017-01-25,2288.8798828125,2299.550048828125,2288.8798828125,2298.3701171875,3849340000,2267.9034790039063,2240.1953857421877,63.926955254307394,True,0.0,0.0
2017-01-26,2298.6298828125,2300.989990234375,2294.080078125,2296.679931640625,3611510000,2269.2934814453124,2242.8399853515625,63.96553975320078,True,0.0,0.0
2017-01-27,2299.02001953125,2299.02001953125,2291.6201171875,2294.68994140625,3137420000,2271.531982421875,2245.44978515625,59.51014992841822,True,0.0,0.0
2017-01-30,2286.010009765625,2286.010009765625,2268.0400390625,2280.89990234375,3595040000,2273.113977050781,2247.4599853515624,56.07159621513453,True,0.0,0.0
2017-01-31,2274.02001953125,2279.090087890625,2267.2099609375,2278.8701171875,4089730000,2275.1159790039064,2249.4985888671877,54.94306242798075,True,0.0,0.0
2017-02-01,2285.590087890625,2289.139892578125,2272.43994140625,2279.550048828125,3919190000,2276.2019775390627,2251.3471875,52.22372244411816,True,0.0,0.0
2017-02-02,2276.68994140625,2283.969970703125,2271.64990234375,2280.85009765625,3809760000,2276.706982421875,2253.32619140625,55.68672847738645,True,0.0,0.0
2017-02-03,2288.5400390625,2298.31005859375,2287.8798828125,2297.419921875,3605970000,2278.127978515625,2255.3109912109376,60.96246255066675,True,0.0,0.0
2017-02-06,2294.280029296875,2296.179931640625,2288.570068359375,2292.56005859375,3112390000,2278.906982421875,2257.1033935546875,62.09203198407018,True,0.0,0.0
2017-02-07,2295.8701171875,2299.39990234375,2290.159912109375,2293.080078125,3452460000,2280.1159912109374,2258.870595703125,60.75316109113705,True,0.0,0.0
2017-02-08,2289.550048828125,2295.909912109375,2285.3798828125,2294.669921875,3611950000,2281.4044921875,2260.4969921875,66.85161379427575,True,0.0,0.0
2017-02-09,2296.699951171875,2311.080078125,2296.610107421875,2307.8701171875,3681600000,2283.0319946289064,2262.6199951171875,68.74874799679488,True,0.0,0.0
2017-02-10,2312.27001953125,2319.22998046875,2311.10009765625,2316.10009765625,3496600000,2285.3150024414062,2264.848798828125,75.54718497805378,True,0.0,0.0
2017-02-13,2321.719970703125,2331.580078125,2321.419921875,2328.25,3352370000,2287.9955078125,2267.43759765625,74.86073353304728,True,0.0,0.0
2017-02-14,2326.1201171875,2337.580078125,2322.169921875,2337.580078125,3528040000,2291.480017089844,2270.36759765625,72.29620168813861,True,0.0,0.0
2017-02-15,2335.580078125,2351.300048828125,2334.81005859375,2349.25,3785870000,2295.3480224609375,2273.5135986328123,76.84627602939379,True,0.0,0.0
2017-02-16,2349.639892578125,2351.31005859375,2338.8701171875,2347.219970703125,3675900000,2299.524523925781,2276.363798828125,76.8148633727234,True,0.0,0.0
2017-02-17,2343.010009765625,2351.159912109375,2339.580078125,2351.159912109375,3516830000,2303.5170166015623,2279.1423974609374,89.87543473140181,True,0.0,0.0
2017-02-21,2354.909912109375,2366.7099609375,2354.909912109375,2365.3798828125,3587520000,2308.526013183594,2281.6229931640623,93.12999956181564,True,0.0,0.0
2017-02-22,2361.110107421875,2365.1298828125,2358.340087890625,2362.820068359375,3473170000,2312.6635131835938,2283.955595703125,90.75094507343137,True,0.0,0.0
2017-02-23,2367.5,2368.260009765625,2355.090087890625,2363.81005859375,4021770000,2315.935510253906,2286.0411962890626,90.72279107225035,True,0.0,0.0
2017-02-24,2355.72998046875,2367.340087890625,2352.8701171875,2367.340087890625,3832410000,2319.4685180664064,2288.248798828125,89.36078393644947,True,0.0,0.0
2017-02-27,2365.22998046875,2371.5400390625,2361.8701171875,2369.75,3584680000,2323.2215209960937,2290.2093994140623,94.68581281623653,True,0.0,0.0
2017-02-28,2366.080078125,2367.7900390625,2358.9599609375,2363.639892578125,4212460000,2327.3585205078125,2292.4165966796877,88.36452357121809,True,0.0,0.0
2017-03-01,2380.1298828125,2400.97998046875,2380.1298828125,2395.9599609375,4347630000,2333.2130126953125,2295.0951953125,91.27886846367836,True,0.0,0.0
2017-03-02,2394.75,2394.75,2380.169921875,2381.919921875,3824030000,2338.331506347656,2297.5721923828123,79.97244939503298,True,0.0,0.0
2017-03-03,2380.919921875,2383.889892578125,2375.389892578125,2383.1201171875,3556670000,2343.4450073242188,2299.983994140625,78.7639568803648,True,0.0,0.0
2017-03-06,2375.22998046875,2378.800048828125,2367.97998046875,2375.31005859375,3251800000,2347.3395141601563,2302.0749951171874,70.97895552537179,True,0.0,0.0
2017-03-07,2370.739990234375,2375.1201171875,2365.510009765625,2368.389892578125,3526300000,2351.131005859375,2304.1391943359376,64.03633071360088,True,0.0,0.0
2017-03-08,2369.81005859375,2373.090087890625,2361.010009765625,2362.97998046875,3814080000,2354.6260009765624,2306.1795947265623,56.6334666993791,True,0.0,0.0
2017-03-09,2363.489990234375,2369.080078125,2354.5400390625,2364.8701171875,3718450000,2358.1360107421874,2308.2011962890624,58.538987959548614,True,0.0,0.0
2017-03-10,2372.52001953125,2376.860107421875,2363.0400390625,2372.60009765625,3434400000,2361.372509765625,2310.2756005859374,60.005651172276444,True,0.0,0.0
2017-03-13,2371.56005859375,2374.419921875,2368.52001953125,2373.469970703125,3166650000,2364.241003417969,2312.7466015625,54.31286035948095,True,0.0,0.0
2017-03-14,2368.550048828125,2368.550048828125,2358.179931640625,2365.449951171875,3173760000,2366.1010009765623,2315.070400390625,51.324871473200005,True,0.0,0.0
2017-03-15,2370.340087890625,2390.010009765625,2368.93994140625,2385.260009765625,3909490000,2368.484997558594,2317.9989990234376,59.08353097595824,True,0.0,0.0
2017-03-16,2387.7099609375,2388.10009765625,2377.179931640625,2381.3798828125,3368880000,2370.0914916992188,2320.4699951171874,55.92793335133832,True,0.0,0.0
2017-03-17,2383.7099609375,2385.7099609375,2377.639892578125,2378.25,5179820000,2371.6429931640623,2322.6199951171875,53.567213114754104,True,0.0,0.0
2017-03-20,2378.239990234375,2379.550048828125,2369.659912109375,2373.469970703125,3061560000,2372.75849609375,2324.70939453125,54.17198560984101,True,0.0,0.0
2017-03-21,2379.320068359375,2381.929931640625,2341.89990234375,2344.02001953125,4278890000,2371.6905029296877,2326.0501953125,27.405712877764458,True,0.0,0.0
2017-03-22,2343.0,2351.81005859375,2336.449951171875,2348.449951171875,3575160000,2370.9719970703127,2327.6411962890625,34.111901500348836,True,0.0,0.0
2017-03-23,2345.969970703125,2358.919921875,2342.1298828125,2345.9599609375,3262400000,2370.0794921875,2329.1823974609374,32.57357184073861,True,1.0,1.0
2017-03-24,2350.419921875,2356.219970703125,2335.739990234375,2343.97998046875,2978530000,2368.911486816406,2330.555595703125,34.45775077754847,True,1.0,0.0
2017-03-27,2329.110107421875,2344.89990234375,2322.25,2341.590087890625,3242300000,2367.5034912109377,2331.9785986328125,36.07943593385412,True,1.0,0.0
2017-03-28,2339.7900390625,2363.780029296875,2337.6298828125,2358.570068359375,3369120000,2367.25,2333.6572021484376,47.95515213812997,True,1.0,0.0
2017-03-29,2356.5400390625,2363.360107421875,2352.93994140625,2361.1298828125,3107670000,2365.50849609375,2335.522001953125,48.27638193216235,True,1.0,0.0
2017-03-30,2361.31005859375,2370.419921875,2358.580078125,2368.06005859375,3159680000,2364.8155029296877,2337.4454052734377,47.89226953923716,True,1.0,0.0
2017-03-31,2364.820068359375,2370.35009765625,2362.60009765625,2362.719970703125,3356740000,2363.7954956054687,2339.426005859375,45.20816283888492,True,1.0,0.0
2017-04-03,2362.340087890625,2365.8701171875,2344.72998046875,2358.840087890625,3418730000,2362.9719970703127,2341.1766064453127,46.94072182422201,True,1.0,0.0
2017-04-04,2354.760009765625,2360.530029296875,2350.719970703125,2360.159912109375,3208340000,2362.560498046875,2343.0758056640625,35.983792951133466,True,1.0,0.0
2017-04-05,2366.590087890625,2378.360107421875,2350.52001953125,2352.949951171875,3780650000,2362.0589965820313,2344.5334033203126,34.69359320492228,True,1.0,0.0
2017-04-06,2353.7900390625,2364.159912109375,2348.89990234375,2357.489990234375,3203250000,2361.689990234375,2345.71580078125,38.990183054569364,True,1.0,0.0
2017-04-07,2356.590087890625,2363.760009765625,2350.739990234375,2355.5400390625,3054700000,2360.8369873046877,2346.8930029296876,40.19680866684286,True,1.0,0.0
2017-04-10,2357.159912109375,2366.3701171875,2351.5,2357.159912109375,2792570000,2360.021484375,2348.14240234375,60.32695665521807,True,1.0,0.0
2017-04-11,2353.919921875,2355.219970703125,2337.25,2353.780029296875,3120900000,2359.43798828125,2349.6000048828123,54.259337297685384,True,1.0,0.0
2017-04-12,2352.14990234375,2352.719970703125,2341.179931640625,2344.929931640625,3201300000,2357.421484375,2350.921201171875,49.25283794074415,True,1.0,0.0
2017-04-13,2341.97998046875,2348.260009765625,2328.949951171875,2328.949951171875,3146380000,2354.7999877929688,2351.90919921875,40.93806211158182,True,1.0,0.0
2017-04-17,2332.6201171875,2349.139892578125,2332.510009765625,2349.010009765625,2826890000,2353.33798828125,2353.2723974609376,53.68784825363543,True,1.0,0.0
2017-04-18,2342.530029296875,2348.35009765625,2334.5400390625,2342.18994140625,3272210000,2351.7739868164062,2354.1677978515627,40.944171946409824,False,1.0,0.0
2017-04-19,2346.7900390625,2352.6298828125,2335.050048828125,2338.169921875,3521160000,2351.481481933594,2355.0799951171875,37.50816902306454,False,0.0,-1.0
2017-04-20,2342.68994140625,2361.3701171875,2340.909912109375,2355.840087890625,3648990000,2351.8509887695313,2356.3351953125,44.04716314671525,False,0.0,0.0
2017-04-21,2354.739990234375,2356.179931640625,2344.510009765625,2348.68994140625,3524160000,2351.9874877929688,2357.415595703125,43.28385071535924,False,0.0,0.0
2017-04-24,2370.330078125,2376.97998046875,2369.18994140625,2374.14990234375,3711170000,2353.495983886719,2358.74119140625,56.07387562255555,False,0.0,0.0
2017-04-25,2381.510009765625,2392.47998046875,2381.14990234375,2388.610107421875,4005820000,2355.8469848632812,2360.1913916015624,60.221352110897094,False,0.0,0.0
2017-04-26,2388.97998046875,2398.159912109375,2386.780029296875,2387.449951171875,4111350000,2357.290979003906,2361.375390625,62.95817423550513,False,0.0,0.0
2017-04-27,2389.699951171875,2392.10009765625,2382.679931640625,2388.77001953125,4099940000,2358.672985839844,2362.399189453125,62.03998323538312,False,0.0,0.0
2017-04-28,2393.679931640625,2393.679931640625,2382.360107421875,2384.199951171875,3721350000,2359.47998046875,2363.0981884765624,60.813367599782616,False,0.0,0.0
2017-05-01,2388.5,2394.489990234375,2384.830078125,2388.330078125,3201500000,2360.7604858398436,2363.920390625,61.541855078857395,False,0.0,0.0
2017-05-02,2391.050048828125,2392.929931640625,2385.820068359375,2391.169921875,3861360000,2362.3769775390624,2364.7205908203123,63.90052189698208,False,0.0,0.0
2017-05-03,2386.5,2389.820068359375,2379.75,2388.1298828125,3896760000,2363.7754760742187,2365.1755908203127,66.78568785964859,False,0.0,0.0
2017-05-04,2389.7900390625,2391.429931640625,2380.35009765625,2389.52001953125,4367860000,2365.6039794921876,2365.70958984375,76.54461532535731,False,0.0,0.0
2017-05-05,2392.3701171875,2399.2900390625,2389.3798828125,2399.2900390625,3543240000,2367.693981933594,2366.419189453125,74.21942803920324,True,0.0,0.0
2017-05-08,2399.93994140625,2401.360107421875,2393.919921875,2399.3798828125,3429990000,2369.8859741210936,2367.0599853515623,79.4578498096086,True,0.0,0.0
2017-05-09,2401.580078125,2403.8701171875,2392.43994140625,2396.919921875,3657840000,2371.873974609375,2367.6033837890627,80.75570279030296,True,0.0,0.0
2017-05-10,2396.7900390625,2399.739990234375,2392.7900390625,2399.6298828125,3649370000,2374.166467285156,2368.32318359375,77.18156606604332,True,0.0,0.0
2017-05-11,2394.840087890625,2395.719970703125,2381.739990234375,2394.43994140625,3727710000,2376.6419677734375,2368.292783203125,79.10663361353936,True,0.0,0.0
2017-05-12,2392.43994140625,2392.43994140625,2387.18994140625,2390.89990234375,3304620000,2379.739465332031,2368.4723828125,64.77843547789524,True,0.0,0.0
2017-05-15,2393.97998046875,2404.050048828125,2393.93994140625,2402.320068359375,3490080000,2382.4049682617188,2368.8563818359376,62.78190012291164,True,0.0,0.0
2017-05-16,2404.550048828125,2405.77001953125,2396.050048828125,2400.669921875,3421810000,2385.328967285156,2369.3635791015627,62.21349079967701,True,0.0,0.0
2017-05-17,2382.949951171875,2384.8701171875,2356.2099609375,2357.030029296875,4164760000,2386.27197265625,2369.1363818359373,33.54420926588341,True,0.0,0.0
2017-05-18,2354.68994140625,2375.739990234375,2352.719970703125,2365.719970703125,4319440000,2386.765966796875,2369.191181640625,40.81147091241922,True,0.0,0.0
2017-05-19,2371.3701171875,2389.06005859375,2370.429931640625,2381.72998046875,3831700000,2388.41796875,2369.52837890625,47.0650564320362,True,0.0,0.0
2017-05-22,2387.2099609375,2395.4599609375,2386.919921875,2394.02001953125,3176580000,2389.411474609375,2369.95677734375,51.16912562942904,True,0.0,0.0
2017-05-23,2397.0400390625,2400.85009765625,2393.8798828125,2398.419921875,3216560000,2389.901965332031,2370.4557763671874,54.174458037525355,True,0.0,0.0
2017-05-24,2401.409912109375,2405.580078125,2397.989990234375,2404.389892578125,3389240000,2390.7489624023438,2371.2345751953126,55.81627644478228,True,0.0,0.0
2017-05-25,2409.5400390625,2418.7099609375,2408.010009765625,2415.070068359375,3538210000,2392.06396484375,2371.8307763671874,56.12864319320943,True,0.0,0.0
2017-05-26,2414.5,2416.679931640625,2412.199951171875,2415.820068359375,2806930000,2393.644970703125,2372.519580078125,56.35246017625649,True,0.0,0.0
2017-05-30,2411.669921875,2415.260009765625,2409.429931640625,2412.909912109375,3205860000,2394.8739624023438,2373.2127783203123,56.15708438387792,True,0.0,0.0
2017-05-31,2415.6298828125,2415.989990234375,2403.590087890625,2411.800048828125,4518040000,2395.90546875,2373.9793798828123,54.74469506751213,True,0.0,0.0
2017-06-01,2415.64990234375,2430.06005859375,2413.5400390625,2430.06005859375,3860620000,2398.0019775390624,2375.7001806640624,62.602617612913924,True,0.0,0.0
2017-06-02,2431.280029296875,2440.22998046875,2427.7099609375,2439.070068359375,3465500000,2400.4794799804686,2377.5125830078123,66.40781833936796,True,0.0,0.0
2017-06-05,2437.830078125,2439.550048828125,2434.320068359375,2436.10009765625,2916720000,2402.3199829101563,2379.3153857421876,62.209052998282864,True,0.0,0.0
2017-06-06,2431.919921875,2436.2099609375,2428.1201171875,2429.330078125,3376750000,2403.817492675781,2381.0223876953123,59.98890424293582,True,0.0,0.0
2017-06-07,2432.030029296875,2435.280029296875,2424.75,2433.139892578125,3576220000,2405.6284912109377,2382.8533837890627,86.72196726254982,True,0.0,0.0
2017-06-08,2434.27001953125,2439.27001953125,2427.93994140625,2433.7900390625,3735980000,2407.3364990234377,2384.357783203125,85.60519184649216,True,0.0,0.0
2017-06-09,2436.389892578125,2446.199951171875,2415.699951171875,2431.77001953125,4029860000,2409.2030029296875,2385.7705859375,80.66175194624125,True,0.0,0.0
2017-06-12,2425.8798828125,2430.3798828125,2419.969970703125,2429.389892578125,4031840000,2411.1275024414062,2386.9971826171877,74.6685601223254,True,0.0,0.0
2017-06-13,2434.14990234375,2441.489990234375,2431.280029296875,2440.35009765625,3278240000,2413.02900390625,2388.54978515625,76.79227740441915,True,0.0,0.0
2017-06-14,2443.75,2443.75,2428.340087890625,2437.919921875,3558640000,2414.89150390625,2390.1313818359376,72.4399130761564,True,0.0,0.0
2017-06-15,2424.139892578125,2433.949951171875,2418.530029296875,2432.4599609375,3371980000,2418.6630004882813,2391.5773828125,62.51242828484399,True,0.0,0.0
2017-06-16,2431.239990234375,2433.14990234375,2422.8798828125,2433.14990234375,5299380000,2422.0344970703127,2393.1813818359374,62.48000084392043,True,0.0,0.0
2017-06-19,2442.550048828125,2453.820068359375,2441.7900390625,2453.4599609375,3271480000,2425.62099609375,2395.10078125,73.35016603075435,True,0.0,0.0
2017-06-20,2450.659912109375,2450.659912109375,2436.60009765625,2437.030029296875,3422700000,2427.7714965820314,2396.7305810546877,62.349429265214816,True,0.0,0.0
2017-06-21,2439.31005859375,2442.22998046875,2430.739990234375,2435.610107421875,3599190000,2429.631005859375,2398.2995849609374,53.25285964897219,True,0.0,0.0
2017-06-22,2437.39990234375,2441.6201171875,2433.27001953125,2434.5,3477250000,2431.136511230469,2399.913984375,47.048156102853284,True,0.0,0.0
2017-06-23,2434.64990234375,2441.39990234375,2431.110107421875,2438.300048828125,5282460000,2432.2980102539063,2401.78138671875,51.40589066785658,True,0.0,0.0
2017-06-26,2443.320068359375,2450.419921875,2437.030029296875,2439.070068359375,3243660000,2433.4605102539062,2403.9837890625,56.741366083468236,True,0.0,0.0
2017-06-27,2436.340087890625,2440.14990234375,2419.3798828125,2419.3798828125,3564770000,2433.7840087890627,2405.3911865234377,42.19253455531759,True,0.0,0.0
2017-06-28,2428.699951171875,2442.969970703125,2428.02001953125,2440.68994140625,3479980000,2435.2285034179686,2407.3611865234375,53.17147179093558,True,0.0,0.0
2017-06-29,2442.3798828125,2442.72998046875,2405.699951171875,2419.699951171875,3869560000,2434.710498046875,2408.991787109375,45.27592987901015,True,0.0,0.0
2017-06-30,2429.199951171875,2432.7099609375,2421.64990234375,2423.409912109375,3366030000,2433.927490234375,2410.34318359375,47.68362479525793,True,0.0,0.0
2017-07-03,2431.389892578125,2439.169921875,2428.68994140625,2429.010009765625,1901480000,2433.5729858398436,2411.9495849609375,45.41705228718188,True,0.0,0.0
2017-07-05,2430.780029296875,2434.89990234375,2422.050048828125,2432.5400390625,3368150000,2433.7334838867187,2413.1173876953126,47.84494898917194,True,0.0,0.0
2017-07-06,2423.43994140625,2424.280029296875,2407.699951171875,2409.75,3368710000,2432.5639892578124,2413.540185546875,42.011994888775924,True,0.0,0.0
2017-07-07,2413.52001953125,2426.919921875,2413.52001953125,2425.179931640625,2929390000,2432.1334838867188,2414.29478515625,47.46001932703933,True,0.0,0.0
2017-07-10,2424.510009765625,2432.0,2422.27001953125,2427.429931640625,3009880000,2431.9164794921876,2415.0679833984377,40.6252363057,True,0.0,0.0
2017-07-11,2427.35009765625,2429.300048828125,2412.7900390625,2425.530029296875,3108800000,2431.723486328125,2415.8945849609377,45.37410583461328,True,0.0,0.0
2017-07-12,2435.75,2445.760009765625,2435.75,2443.25,3176900000,2431.8684814453127,2416.9929833984374,52.71688264782541,True,0.0,0.0
2017-07-13,2444.989990234375,2449.320068359375,2441.68994140625,2447.830078125,3068510000,2432.3639892578126,2418.1261865234374,54.62624044249227,True,0.0,0.0
2017-07-14,2449.159912109375,2463.5400390625,2446.68994140625,2459.27001953125,2738460000,2433.7044921875,2419.5489892578125,56.9111931831897,True,0.0,0.0
2017-07-17,2459.5,2462.820068359375,2457.159912109375,2459.139892578125,2800580000,2435.0039916992187,2420.94138671875,56.64254408646636,True,0.0,0.0
2017-07-18,2455.8798828125,2460.919921875,2450.340087890625,2460.610107421875,2974090000,2435.3614990234373,2422.1677880859374,65.5175455522783,True,0.0,0.0
2017-07-19,2463.85009765625,2473.830078125,2463.85009765625,2473.830078125,3063810000,2437.2015014648437,2423.6567919921877,63.281528243623505,True,0.0,0.0
2017-07-20,2475.56005859375,2477.6201171875,2468.429931640625,2473.449951171875,3223820000,2439.0934936523436,2425.187392578125,75.80403187998124,True,0.0,0.0
2017-07-21,2467.39990234375,2472.5400390625,2465.06005859375,2472.5400390625,3066880000,2440.995495605469,2426.645595703125,74.23777072779436,True,0.0,0.0
2017-07-24,2472.0400390625,2473.10009765625,2466.320068359375,2469.909912109375,3019920000,2442.5759887695312,2428.1549951171874,70.78661723321571,True,0.0,0.0
2017-07-25,2477.8798828125,2481.239990234375,2474.909912109375,2477.1298828125,4116360000,2444.4789794921876,2429.8795947265626,71.84270952927669,True,0.0,0.0
2017-07-26,2479.969970703125,2481.68994140625,2474.93994140625,2477.830078125,3597830000,2447.4014892578125,2431.389794921875,92.56043956043956,True,0.0,0.0
2017-07-27,2482.760009765625,2484.0400390625,2459.929931640625,2475.419921875,4035740000,2449.13798828125,2432.884794921875,87.51453854034878,True,0.0,0.0
2017-07-28,2469.1201171875,2473.530029296875,2464.659912109375,2472.10009765625,3302850000,2451.7579956054688,2435.1861962890625,82.83097616031408,True,0.0,0.0
2017-07-31,2475.93994140625,2477.9599609375,2468.530029296875,2470.300048828125,3475930000,2454.102502441406,2437.2777978515624,82.95273213438566,True,0.0,0.0
2017-08-01,2477.10009765625,2478.510009765625,2471.139892578125,2476.35009765625,3470260000,2456.4695068359374,2439.1702001953126,79.41669125687802,True,0.0,0.0
2017-08-02,2480.3798828125,2480.3798828125,2466.47998046875,2477.570068359375,3487150000,2458.7210083007812,2440.841201171875,78.10929430822269,True,0.0,0.0
2017-08-03,2476.030029296875,2476.030029296875,2468.85009765625,2472.159912109375,3662410000,2461.84150390625,2442.3160009765625,63.75043623654178,True,0.0,0.0
2017-08-04,2476.8798828125,2480.0,2472.080078125,2476.830078125,3239980000,2464.4240112304688,2443.7648046875,67.20470702206774,True,0.0,0.0
2017-08-07,2477.139892578125,2480.949951171875,2475.8798828125,2480.909912109375,2935130000,2467.098010253906,2445.0816015625,68.78897987960302,True,0.0,0.0
2017-08-08,2478.35009765625,2490.8701171875,2470.320068359375,2474.919921875,3347480000,2469.5675048828125,2446.2635986328123,51.16459870391434,True,0.0,0.0
2017-08-09,2465.35009765625,2474.409912109375,2462.080078125,2474.02001953125,3310960000,2471.106005859375,2447.48580078125,50.60247802954851,True,0.0,0.0
2017-08-10,2465.3798828125,2465.3798828125,2437.75,2438.2099609375,3635820000,2470.625,2448.0139990234375,29.120611521260102,True,0.0,0.0
2017-08-11,2441.0400390625,2448.090087890625,2437.85009765625,2441.320068359375,3161830000,2469.727502441406,2448.23919921875,32.712725125479764,True,0.0,0.0
2017-08-14,2454.9599609375,2468.219970703125,2454.9599609375,2465.840087890625,2824320000,2470.0625122070314,2448.774599609375,44.35456500985201,True,1.0,1.0
2017-08-15,2468.659912109375,2468.89990234375,2461.610107421875,2464.610107421875,2922430000,2470.2625122070312,2449.3447998046877,43.42422601164352,True,1.0,0.0
2017-08-16,2468.6298828125,2474.929931640625,2463.860107421875,2468.110107421875,2956570000,2469.976513671875,2450.120400390625,46.40300820528839,True,1.0,0.0
2017-08-17,2462.949951171875,2465.02001953125,2430.010009765625,2430.010009765625,3164950000,2467.8045166015627,2450.057802734375,34.569994003454724,True,1.0,0.0
2017-08-18,2427.639892578125,2440.27001953125,2420.68994140625,2425.550048828125,3426970000,2465.4550170898438,2449.8930029296876,33.908699850759376,True,1.0,0.0
2017-08-21,2425.5,2430.580078125,2417.35009765625,2428.3701171875,2803650000,2463.37802734375,2449.8250048828127,32.33696433707219,True,1.0,0.0
2017-08-22,2433.75,2454.77001953125,2433.669921875,2452.510009765625,2780990000,2462.1470336914062,2450.2874072265627,42.10658258997231,True,1.0,0.0
2017-08-23,2444.8798828125,2448.909912109375,2441.419921875,2444.0400390625,2796950000,2460.4575317382814,2450.3612060546875,41.31030143360901,True,1.0,0.0
2017-08-24,2447.909912109375,2450.389892578125,2436.18994140625,2438.969970703125,2849680000,2458.6350341796874,2450.38220703125,38.32918655389835,True,1.0,0.0
2017-08-25,2444.719970703125,2453.9599609375,2442.219970703125,2443.050048828125,2593350000,2457.1825317382813,2450.5940087890626,38.329279379624666,True,1.0,0.0
2017-08-28,2447.35009765625,2449.1201171875,2439.030029296875,2444.239990234375,2682920000,2455.879528808594,2450.815810546875,40.254160391245065,True,1.0,0.0
2017-08-29,2431.93994140625,2449.18994140625,2428.199951171875,2446.300048828125,2739460000,2454.3770263671877,2450.6726123046874,41.258855392839926,True,1.0,0.0
2017-08-30,2446.06005859375,2460.31005859375,2443.77001953125,2457.590087890625,2637780000,2453.37802734375,2451.0838134765627,57.22921740017376,True,1.0,0.0
2017-08-31,2462.64990234375,2475.010009765625,2462.64990234375,2471.64990234375,3353860000,2453.3525268554686,2451.804609375,60.45928547734471,True,1.0,0.0
2017-09-01,2474.419921875,2480.3798828125,2473.85009765625,2476.550048828125,2712780000,2453.338525390625,2452.6456103515625,54.27133721247244,True,1.0,0.0
2017-09-05,2470.35009765625,2471.969970703125,2446.550048828125,2457.85009765625,3502190000,2452.1855346679686,2453.036611328125,47.63371408354171,False,1.0,0.0
2017-09-06,2463.830078125,2469.639892578125,2459.199951171875,2465.5400390625,3400200000,2451.7165405273436,2453.5660107421877,49.12600562903186,False,0.0,-1.0
2017-09-07,2468.06005859375,2468.6201171875,2460.2900390625,2465.10009765625,3365780000,2451.270544433594,2454.4804150390623,66.04193500141747,False,0.0,0.0
2017-09-08,2462.25,2467.110107421875,2459.39990234375,2461.429931640625,3308360000,2452.43154296875,2454.89521484375,66.5223139603907,False,0.0,0.0
2017-09-11,2474.52001953125,2488.949951171875,2474.52001953125,2488.110107421875,3293460000,2454.771044921875,2456.26341796875,72.55357389741462,False,0.0,0.0
2017-09-12,2491.93994140625,2496.77001953125,2490.3701171875,2496.47998046875,3234280000,2456.3030395507812,2457.7248193359374,68.84370795239819,False,0.0,0.0
2017-09-13,2493.889892578125,2498.3701171875,2492.139892578125,2498.3701171875,3371370000,2457.9910400390627,2459.112021484375,74.67522675359811,False,0.0,0.0
2017-09-14,2494.56005859375,2498.429931640625,2491.35009765625,2495.6201171875,3422470000,2459.3665405273437,2460.373623046875,76.28282819129777,False,0.0,0.0
2017-09-15,2495.669921875,2500.22998046875,2493.159912109375,2500.22998046875,4862970000,2462.8775390625,2462.18322265625,76.39884850438574,True,0.0,0.0
2017-09-18,2502.510009765625,2508.320068359375,2499.919921875,2503.8701171875,3204700000,2466.7935424804687,2463.7570263671873,76.92099119773033,True,0.0,0.0
2017-09-19,2506.2900390625,2507.840087890625,2503.18994140625,2506.64990234375,3253760000,2470.7075317382814,2465.34142578125,77.07000510314708,True,0.0,0.0
2017-09-20,2506.840087890625,2508.85009765625,2496.669921875,2508.239990234375,3584570000,2473.494030761719,2466.995625,74.88449082403743,True,0.0,0.0
2017-09-21,2507.159912109375,2507.159912109375,2499.0,2500.60009765625,2965590000,2476.3220336914064,2468.142626953125,65.18099929843248,True,0.0,0.0
2017-09-22,2497.260009765625,2503.469970703125,2496.5400390625,2502.219970703125,2877980000,2479.4845336914063,2469.2304248046876,63.94046425787155,True,0.0,0.0
2017-09-25,2499.389892578125,2502.5400390625,2488.030029296875,2496.659912109375,3314530000,2482.1650268554686,2469.97822265625,74.58497913683084,True,0.0,0.0
2017-09-26,2501.0400390625,2503.510009765625,2495.1201171875,2496.840087890625,3070770000,2484.795031738281,2470.7322265625,71.91261276351368,True,0.0,0.0
2017-09-27,2503.300048828125,2511.75,2495.909912109375,2507.0400390625,3485070000,2487.83203125,2471.6608251953126,75.8313935653837,True,0.0,0.0
2017-09-28,2503.409912109375,2510.81005859375,2502.929931640625,2510.06005859375,3173030000,2490.455529785156,2472.3854248046873,80.19378446631964,True,0.0,0.0
2017-09-29,2509.9599609375,2519.43994140625,2507.989990234375,2519.360107421875,3220260000,2492.8410400390626,2473.3036279296875,74.74271443041498,True,0.0,0.0
2017-10-02,2521.199951171875,2529.22998046875,2520.39990234375,2529.1201171875,3226370000,2495.4695434570312,2474.4352294921873,75.28673455491837,True,0.0,0.0
2017-10-03,2530.340087890625,2535.1298828125,2528.85009765625,2534.580078125,3073480000,2499.306042480469,2475.7286328125,76.58202438901992,True,0.0,0.0
2017-10-04,2533.47998046875,2540.530029296875,2531.800048828125,2537.739990234375,3020770000,2502.9160400390624,2476.9408349609375,80.73555977581175,True,0.0,0.0
2017-10-05,2540.860107421875,2552.510009765625,2540.02001953125,2552.070068359375,3059730000,2507.264538574219,2478.425634765625,83.128894658175,True,0.0,0.0
2017-10-06,2547.43994140625,2549.409912109375,2543.7900390625,2549.330078125,2898270000,2511.6595458984375,2479.903837890625,79.38974190615687,True,0.0,0.0
2017-10-09,2551.389892578125,2551.820068359375,2541.60009765625,2544.72998046875,2486940000,2514.4905395507812,2481.356435546875,74.05255366395262,True,0.0,0.0
2017-10-10,2549.989990234375,2555.22998046875,2544.860107421875,2550.639892578125,2962610000,2517.19853515625,2482.963232421875,75.39525171524329,True,0.0,0.0
2017-10-11,2550.6201171875,2555.239990234375,2547.949951171875,2555.239990234375,2991320000,2520.042028808594,2484.5410302734376,83.96305727457866,True,0.0,0.0
2017-10-12,2552.8798828125,2555.330078125,2548.31005859375,2550.929931640625,3157280000,2522.80751953125,2486.0082275390623,79.2973315868923,True,0.0,0.0
2017-10-13,2555.659912109375,2557.64990234375,2552.090087890625,2553.169921875,3150470000,2525.4545166015623,2487.628427734375,85.40270355426533,True,0.0,0.0
2017-10-16,2555.570068359375,2559.469970703125,2552.639892578125,2557.639892578125,2918030000,2528.1430053710938,2489.2446240234376,86.14728542647632,True,0.0,0.0
2017-10-17,2557.169921875,2559.7099609375,2554.68994140625,2559.360107421875,2901890000,2530.778515625,2490.8136279296873,84.59390264769598,True,0.0,0.0
2017-10-18,2562.8701171875,2564.110107421875,2559.669921875,2561.260009765625,2999320000,2533.4295166015627,2492.5404296875,84.36227072976507,True,0.0,0.0
2017-10-19,2553.389892578125,2562.360107421875,2547.919921875,2562.10009765625,3019520000,2536.5045166015625,2494.30203125,82.35903009600705,True,0.0,0.0
2017-10-20,2567.56005859375,2575.43994140625,2567.56005859375,2575.2099609375,3394450000,2540.154016113281,2497.04203125,83.21065927338489,True,0.0,0.0
2017-10-23,2578.080078125,2578.2900390625,2564.330078125,2564.97998046875,3214470000,2543.57001953125,2499.5152294921877,70.49611535422702,True,0.0,0.0
2017-10-24,2568.659912109375,2572.179931640625,2565.580078125,2569.1298828125,3435660000,2547.1845092773438,2501.581025390625,70.88478469210402,True,0.0,0.0
2017-10-25,2566.52001953125,2567.39990234375,2544.0,2557.14990234375,3885470000,2549.6900024414062,2503.4318212890626,53.48889462723306,True,0.0,0.0
2017-10-26,2560.080078125,2567.070068359375,2559.800048828125,2560.39990234375,3891750000,2552.206994628906,2505.2776171875,57.55000366327204,True,0.0,0.0
2017-10-27,2570.260009765625,2582.97998046875,2565.93994140625,2581.070068359375,3896100000,2555.2924926757814,2508.298818359375,70.32895293921622,True,0.0,0.0
2017-10-30,2577.75,2580.030029296875,2568.25,2572.830078125,3660230000,2557.477990722656,2511.2444189453126,62.09799145469792,True,0.0,0.0
2017-10-31,2575.989990234375,2578.2900390625,2572.14990234375,2575.260009765625,3844420000,2559.5119873046874,2514.182216796875,61.17936720871643,True,0.0,0.0
2017-11-01,2583.2099609375,2588.39990234375,2574.919921875,2579.360107421875,3841200000,2561.5929931640626,2516.71921875,65.9129916697641,True,0.0,0.0
2017-11-02,2579.4599609375,2581.110107421875,2566.169921875,2579.85009765625,4050140000,2562.9819946289062,2519.435419921875,65.23187484668048,True,0.0,0.0
2017-11-03,2581.929931640625,2588.419921875,2576.77001953125,2587.840087890625,3568710000,2564.9074951171874,2522.412822265625,66.5752815251939,True,0.0,0.0
2017-11-06,2587.469970703125,2593.3798828125,2585.659912109375,2591.1298828125,3541970000,2567.227490234375,2525.3744189453123,67.14140815385629,True,0.0,0.0
2017-11-07,2592.110107421875,2597.02001953125,2584.35009765625,2590.639892578125,3815190000,2569.227490234375,2528.3024169921873,66.09684323167468,True,0.0,0.0
2017-11-08,2588.7099609375,2595.469970703125,2585.02001953125,2594.3798828125,3898450000,2571.1844848632813,2531.264013671875,67.1409828924647,True,0.0,0.0
2017-11-09,2584.0,2586.5,2566.330078125,2584.6201171875,3844100000,2572.868994140625,2533.8046142578123,55.181257998257855,True,0.0,0.0
2017-11-10,2580.179931640625,2583.81005859375,2575.570068359375,2582.300048828125,3489740000,2574.3255004882812,2536.0176171875,60.44640516908795,True,0.0,0.0
2017-11-13,2576.530029296875,2587.659912109375,2574.47998046875,2584.840087890625,3405200000,2575.685510253906,2538.18341796875,59.663085688199594,True,0.0,0.0
2017-11-14,2577.75,2579.659912109375,2566.56005859375,2578.8701171875,3643580000,2576.6610107421875,2540.603818359375,64.42632626983973,True,0.0,0.0
2017-11-15,2569.449951171875,2572.840087890625,2557.449951171875,2564.6201171875,3586590000,2576.8290161132813,2542.585419921875,52.44565678745452,True,0.0,0.0
2017-11-16,2572.949951171875,2590.090087890625,2572.949951171875,2585.639892578125,3329730000,2578.006005859375,2544.9962158203125,52.63757137140184,True,0.0,0.0
2017-11-17,2582.93994140625,2583.9599609375,2577.6201171875,2578.85009765625,3309800000,2578.1880126953124,2547.344619140625,53.53373804078029,True,0.0,0.0
2017-11-20,2579.489990234375,2584.639892578125,2578.239990234375,2582.139892578125,3023940000,2579.046008300781,2549.22521484375,53.99811586307092,True,0.0,0.0
2017-11-21,2589.169921875,2601.18994140625,2589.169921875,2599.030029296875,3351230000,2580.541015625,2551.2762158203127,59.95148269285877,True,0.0,0.0
2017-11-22,2600.31005859375,2600.93994140625,2595.22998046875,2597.080078125,2764110000,2582.5375244140623,2553.2504150390623,58.5901593051336,True,0.0,0.0
2017-11-24,2600.419921875,2604.2099609375,2600.419921875,2602.419921875,1385890000,2584.638525390625,2555.3864111328126,57.466200250544475,True,0.0,0.0
2017-11-27,2602.659912109375,2606.409912109375,2598.8701171875,2601.419921875,3017720000,2585.6560180664064,2557.4102099609377,55.39598002816541,True,0.0,0.0
2017-11-28,2605.93994140625,2627.68994140625,2605.43994140625,2627.0400390625,3493340000,2588.3665161132812,2559.8736083984377,65.10639677557282,True,0.0,0.0
2017-11-29,2627.820068359375,2634.889892578125,2620.320068359375,2626.070068359375,4090630000,2590.907019042969,2562.26201171875,63.461215380690554,True,0.0,0.0
2017-11-30,2633.929931640625,2657.739990234375,2633.929931640625,2647.580078125,4965700000,2594.318017578125,2565.0488134765624,74.31647512757749,True,0.0,0.0
2017-12-01,2645.10009765625,2650.6201171875,2605.52001953125,2642.219970703125,3950930000,2597.4365112304686,2567.8812109375,72.61137459970003,True,0.0,0.0
2017-12-04,2657.18994140625,2665.18994140625,2639.030029296875,2639.43994140625,4025840000,2600.01650390625,2570.6256103515625,70.5665430080136,True,0.0,0.0
2017-12-05,2639.780029296875,2648.719970703125,2627.72998046875,2629.570068359375,3547570000,2601.938513183594,2573.2838134765625,68.55246348327154,True,0.0,0.0
2017-12-06,2626.239990234375,2634.409912109375,2624.75,2629.27001953125,3253080000,2603.87001953125,2575.932412109375,76.34696817740421,True,0.0,0.0
2017-12-07,2628.3798828125,2640.989990234375,2626.530029296875,2636.97998046875,3297060000,2606.0000244140624,2578.5312109375,73.4687591374473,True,0.0,0.0
2017-12-08,2646.2099609375,2651.64990234375,2644.10009765625,2651.5,3126750000,2609.3440185546874,2581.360009765625,81.01784098632011,True,0.0,0.0
2017-12-11,2652.18994140625,2660.330078125,2651.469970703125,2659.989990234375,3141480000,2613.228515625,2584.172607421875,81.82489590444368,True,0.0,0.0
2017-12-12,2661.72998046875,2669.719970703125,2659.780029296875,2664.110107421875,3568910000,2617.1920166015625,2586.8724072265627,79.70606852160579,True,0.0,0.0
2017-12-13,2667.590087890625,2671.8798828125,2662.85009765625,2662.85009765625,3568360000,2621.391015625,2589.4378076171874,80.21128182124033,True,0.0,0.0
2017-12-14,2665.8701171875,2668.090087890625,2652.010009765625,2652.010009765625,3442760000,2625.7605102539064,2591.7232080078124,71.6834016896573,True,0.0,0.0
2017-12-15,2660.6298828125,2679.6298828125,2659.139892578125,2675.81005859375,5736910000,2630.2690185546876,2594.1980078125,77.11991427065978,True,0.0,0.0
2017-12-18,2685.919921875,2694.969970703125,2685.919921875,2690.159912109375,3727770000,2635.834509277344,2597.0146044921876,75.07142095208542,True,0.0,0.0
2017-12-19,2692.7099609375,2694.43994140625,2680.739990234375,2681.469970703125,3407680000,2640.8010131835936,2599.749404296875,70.73348123078947,True,0.0,0.0
2017-12-20,2688.179931640625,2691.010009765625,2676.110107421875,2679.25,3246230000,2644.81201171875,2602.3216064453127,63.85264003212206,True,0.0,0.0
2017-12-21,2683.02001953125,2692.639892578125,2682.39990234375,2684.570068359375,3293130000,2649.1865112304686,2604.9082080078124,68.53071253071253,True,0.0,0.0
2017-12-22,2684.219970703125,2685.35009765625,2678.1298828125,2683.340087890625,2401030000,2653.23251953125,2607.5564111328126,69.47310055642072,True,0.0,0.0
2017-12-26,2679.090087890625,2682.739990234375,2677.9599609375,2680.5,1970660000,2657.1865234375,2610.1030126953124,74.09397399441451,True,0.0,0.0
2017-12-27,2682.10009765625,2685.639892578125,2678.909912109375,2682.6201171875,2202900000,2659.96552734375,2612.6026171875,74.81163224801413,True,0.0,0.0
2017-12-28,2686.10009765625,2687.659912109375,2682.68994140625,2687.5400390625,2174890000,2663.039025878906,2615.1662158203126,74.14054376664009,True,0.0,0.0
2017-12-29,2689.14990234375,2692.1201171875,2673.610107421875,2673.610107421875,2447760000,2664.34052734375,2617.4132177734373,60.616575658180096,True,0.0,0.0
2018-01-02,2683.72998046875,2695.889892578125,2682.360107421875,2695.81005859375,3397430000,2667.0200317382814,2620.0874169921876,65.1985920074253,True,0.0,0.0
2018-01-03,2697.85009765625,2714.3701171875,2697.77001953125,2713.06005859375,3544030000,2670.701037597656,2622.8444189453126,68.68747122301488,True,0.0,0.0
2018-01-04,2719.31005859375,2729.2900390625,2719.070068359375,2723.989990234375,3697340000,2675.4220336914063,2626.024619140625,71.7363265348635,True,0.0,0.0
2018-01-05,2731.330078125,2743.449951171875,2727.919921875,2743.14990234375,3239280000,2681.1160278320312,2629.50501953125,80.59212736769818,True,0.0,0.0
2018-01-08,2742.669921875,2748.510009765625,2737.60009765625,2747.7099609375,3246160000,2686.6525268554688,2633.316220703125,77.71355762498777,True,0.0,0.0
2018-01-09,2751.14990234375,2759.139892578125,2747.860107421875,2751.2900390625,3467460000,2691.6420288085938,2637.1340234375,75.69573436175519,True,0.0,0.0
2018-01-10,2745.550048828125,2750.800048828125,2736.06005859375,2748.22998046875,3579900000,2696.0540283203127,2640.4772216796873,79.4563931756144,True,0.0,0.0
2018-01-11,2752.969970703125,2767.56005859375,2752.780029296875,2767.56005859375,3645690000,2701.226525878906,2644.3718212890626,83.8533847956544,True,0.0,0.0
2018-01-12,2770.179931640625,2787.85009765625,2769.639892578125,2786.239990234375,3587220000,2707.3960205078124,2648.5914208984377,85.35360395542003,True,0.0,0.0
2018-01-16,2798.9599609375,2807.5400390625,2768.639892578125,2776.419921875,4362880000,2713.6165161132812,2652.5326171875,80.54198596809415,True,0.0,0.0
2018-01-17,2784.989990234375,2807.0400390625,2778.3798828125,2802.56005859375,3790340000,2719.9540161132813,2656.98681640625,84.73928064192467,True,0.0,0.0
2018-01-18,2802.39990234375,2805.830078125,2792.56005859375,2798.030029296875,3703300000,2725.347521972656,2661.190615234375,82.40211554622137,True,0.0,0.0
2018-01-19,2802.60009765625,2810.330078125,2798.080078125,2810.300048828125,3724230000,2731.789025878906,2665.5740185546874,83.099624389287,True,0.0,0.0
2018-01-22,2809.159912109375,2833.030029296875,2808.1201171875,2832.969970703125,3489480000,2739.4750244140623,2670.4206201171874,91.03401972938109,True,0.0,0.0
2018-01-23,2835.050048828125,2842.239990234375,2830.590087890625,2839.1298828125,3541140000,2747.203015136719,2675.3156201171873,90.22670770850065,True,0.0,0.0
2018-01-24,2845.419921875,2852.969970703125,2824.81005859375,2837.5400390625,4079270000,2754.9130126953123,2680.3740185546876,88.30625167163022,True,0.0,0.0
2018-01-25,2846.239990234375,2848.56005859375,2830.93994140625,2839.25,3873100000,2762.8505126953123,2685.513017578125,87.60276733046278,True,0.0,0.0
2018-01-26,2847.47998046875,2872.8701171875,2846.179931640625,2872.8701171875,3474680000,2772.3630126953126,2691.2736181640626,88.67161002762809,True,0.0,0.0
2018-01-29,2867.22998046875,2870.6201171875,2851.47998046875,2853.530029296875,3587420000,2780.6625122070313,2696.76681640625,78.99176076658716,True,0.0,0.0
2018-01-30,2832.739990234375,2837.75,2818.27001953125,2822.429931640625,4012070000,2788.1035034179686,2701.9230126953125,66.93643540255485,True,0.0,0.0
2018-01-31,2832.409912109375,2839.260009765625,2813.0400390625,2823.81005859375,4276270000,2794.5035034179687,2706.686416015625,68.13860940609027,True,0.0,0.0
2018-02-01,2816.449951171875,2835.9599609375,2812.699951171875,2821.97998046875,3977380000,2799.949499511719,2711.549013671875,64.25797191185163,True,0.0,0.0
2018-02-02,2808.919921875,2808.919921875,2759.969970703125,2762.1298828125,4340220000,2801.856494140625,2715.1488134765623,44.80409127499829,True,0.0,0.0
2018-02-05,2741.06005859375,2763.389892578125,2638.169921875,2648.93994140625,5310840000,2797.14599609375,2716.14701171875,30.994716528428683,True,0.0,0.0
2018-02-06,2614.780029296875,2701.0400390625,2593.070068359375,2695.139892578125,5917350000,2794.5174926757813,2718.1082080078127,34.889136008868846,True,0.0,0.0
2018-02-07,2690.949951171875,2727.669921875,2681.330078125,2681.659912109375,4646300000,2791.035986328125,2719.6930078125,34.03220813886645,True,0.0,0.0
2018-02-08,2685.010009765625,2685.27001953125,2580.56005859375,2581.0,5333840000,2782.6744873046873,2719.284609375,24.67864813028453,True,0.0,0.0
2018-02-09,2601.780029296875,2638.669921875,2532.68994140625,2619.550048828125,5690110000,2775.2739868164062,2719.1348095703124,27.230844245146983,True,0.0,0.0
2018-02-12,2636.75,2672.610107421875,2622.449951171875,2656.0,4069220000,2768.7619873046874,2719.733408203125,31.64848069677545,True,0.0,0.0
2018-02-13,2646.27001953125,2668.840087890625,2637.080078125,2662.93994140625,3503540000,2763.08798828125,2720.04060546875,32.68887604363643,True,1.0,1.0
2018-02-14,2651.2099609375,2702.10009765625,2648.8701171875,2698.6298828125,4011940000,2757.8914794921875,2721.1688037109375,36.9380205697035,True,1.0,0.0
2018-02-15,2713.4599609375,2731.510009765625,2689.820068359375,2731.199951171875,3696140000,2754.5499755859373,2723.00400390625,36.81476213306552,True,1.0,0.0
2018-02-16,2727.139892578125,2754.419921875,2725.110107421875,2732.219970703125,3646920000,2750.6459716796876,2725.057001953125,38.31107301209717,True,1.0,0.0
2018-02-20,2722.989990234375,2737.60009765625,2706.760009765625,2716.260009765625,3646920000,2744.8104736328123,2726.7968017578123,39.46246126617564,True,1.0,0.0
2018-02-21,2720.530029296875,2747.75,2701.2900390625,2701.330078125,3789040000,2737.9204833984377,2728.0838037109374,38.162063897926416,True,1.0,0.0
2018-02-22,2710.419921875,2731.260009765625,2697.77001953125,2703.9599609375,3720620000,2731.2414794921874,2729.1330029296873,38.61073650303597,True,1.0,0.0
2018-02-23,2715.800048828125,2747.760009765625,2713.739990234375,2747.300048828125,3200360000,2726.6439819335938,2730.8792041015627,48.52177535891536,False,1.0,0.0
2018-02-26,2757.3701171875,2780.639892578125,2753.780029296875,2779.60009765625,3436590000,2721.9804809570314,2733.18900390625,65.52817089390624,False,0.0,-1.0
2018-02-27,2780.449951171875,2789.14990234375,2744.219970703125,2744.280029296875,3752070000,2716.5179809570313,2734.8176025390626,55.995041412899475,False,0.0,0.0
2018-02-28,2753.780029296875,2761.52001953125,2713.5400390625,2713.830078125,4244570000,2711.08798828125,2736.05400390625,53.76867692895546,False,0.0,0.0
2018-03-01,2715.219970703125,2730.889892578125,2659.64990234375,2677.669921875,4514490000,2703.7809814453126,2736.091201171875,63.34077257614779,False,0.0,0.0
2018-03-02,2658.889892578125,2696.25,2647.320068359375,2691.25,3891250000,2697.244482421875,2736.1130029296874,60.62725032477049,False,0.0,0.0
2018-03-05,2681.06005859375,2728.090087890625,2675.75,2720.93994140625,3733640000,2695.1849853515623,2736.90240234375,59.822119616913916,False,0.0,0.0
2018-03-06,2730.179931640625,2732.080078125,2711.260009765625,2728.1201171875,3389030000,2699.143994140625,2737.8798046875,59.851295902703974,False,0.0,0.0
2018-03-07,2710.179931640625,2730.60009765625,2701.739990234375,2726.800048828125,3406690000,2700.727001953125,2738.724404296875,54.7512437606083,False,0.0,0.0
2018-03-08,2732.75,2740.449951171875,2722.64990234375,2738.969970703125,3206040000,2703.5925048828126,2739.837001953125,51.407355784282686,False,0.0,0.0
2018-03-09,2752.909912109375,2786.570068359375,2751.5400390625,2786.570068359375,3376870000,2713.8710083007813,2741.9584033203123,58.42296673310662,False,0.0,0.0
2018-03-12,2790.5400390625,2796.97998046875,2779.260009765625,2783.02001953125,3216960000,2722.0445068359377,2743.9664013671877,60.76009138536339,False,0.0,0.0
2018-03-13,2792.31005859375,2801.89990234375,2758.679931640625,2765.31005859375,3324290000,2727.510009765625,2745.5218017578127,60.220428220428225,False,0.0,0.0
2018-03-14,2774.06005859375,2777.110107421875,2744.3798828125,2749.47998046875,3394630000,2731.83701171875,2747.03919921875,56.977302902887324,False,0.0,0.0
2018-03-15,2754.27001953125,2763.030029296875,2741.469970703125,2747.330078125,3543710000,2734.272021484375,2748.069599609375,50.00526810364544,False,0.0,0.0
2018-03-16,2750.570068359375,2761.85009765625,2749.969970703125,2752.010009765625,5429140000,2735.3125244140624,2748.8485986328124,44.64041977821642,False,0.0,0.0
2018-03-19,2741.3798828125,2741.3798828125,2694.590087890625,2712.919921875,3327460000,2734.347521972656,2748.627197265625,43.99600640545642,False,0.0,0.0
2018-03-20,2715.050048828125,2724.219970703125,2710.050048828125,2716.93994140625,3272590000,2734.3815185546873,2748.102998046875,50.66243281023781,False,0.0,0.0
2018-03-21,2714.989990234375,2739.139892578125,2709.7900390625,2711.929931640625,3434780000,2734.911511230469,2747.3873974609373,58.41437163089948,False,0.0,0.0
2018-03-22,2691.360107421875,2695.679931640625,2641.590087890625,2643.68994140625,3765460000,2731.8980102539062,2745.2353955078124,40.79150878466786,False,0.0,0.0
2018-03-23,2646.7099609375,2657.669921875,2585.889892578125,2588.260009765625,3829380000,2723.946008300781,2742.03599609375,26.639230456428606,False,0.0,0.0
2018-03-26,2619.35009765625,2661.360107421875,2601.81005859375,2658.550048828125,3538080000,2717.893505859375,2739.8557958984375,39.97809635213525,False,0.0,0.0
2018-03-27,2667.570068359375,2674.780029296875,2596.1201171875,2612.6201171875,3761320000,2711.310510253906,2736.3833984375,35.42507711591165,False,0.0,0.0
2018-03-28,2611.300048828125,2632.64990234375,2593.06005859375,2605.0,3875720000,2705.869006347656,2732.955,32.69793103274314,False,0.0,0.0
2018-03-29,2614.409912109375,2659.070068359375,2609.719970703125,2640.8701171875,3572360000,2704.029016113281,2729.721201171875,30.595081942693113,False,0.0,0.0
2018-04-02,2633.449951171875,2638.300048828125,2553.800048828125,2581.8798828125,3635780000,2698.560510253906,2725.3981982421874,26.658314464382457,False,0.0,0.0
2018-04-03,2592.169921875,2619.139892578125,2575.489990234375,2614.449951171875,3395840000,2693.2360107421873,2721.4811962890626,33.07682490437763,False,0.0,0.0
2018-04-04,2584.0400390625,2649.860107421875,2573.610107421875,2644.68994140625,3369230000,2689.064501953125,2717.715595703125,38.6130056125822,False,0.0,0.0
2018-04-05,2657.360107421875,2672.080078125,2649.580078125,2662.840087890625,3230430000,2685.86650390625,2714.1897998046875,41.127435673004896,False,0.0,0.0
2018-04-06,2645.820068359375,2656.8798828125,2586.27001953125,2604.469970703125,3312390000,2679.14150390625,2709.5283984375,36.07642066478476,False,0.0,0.0
2018-04-09,2617.179931640625,2653.550048828125,2610.7900390625,2613.159912109375,3076140000,2670.47099609375,2705.0065966796874,40.01242650786286,False,0.0,0.0
2018-04-10,2638.409912109375,2665.449951171875,2635.780029296875,2656.8701171875,3579130000,2664.1635009765623,2700.6865966796877,44.428805750208994,False,0.0,0.0
2018-04-11,2643.889892578125,2661.429931640625,2639.25,2642.18994140625,3054520000,2658.0074951171873,2696.459794921875,43.64591799918765,False,0.0,0.0
2018-04-12,2653.830078125,2674.719970703125,2653.830078125,2663.989990234375,3045330000,2653.7329956054687,2693.29099609375,52.02054443331491,False,0.0,0.0
2018-04-13,2676.89990234375,2680.260009765625,2645.050048828125,2656.300048828125,2988540000,2649.181494140625,2689.9407958984375,57.483488592655604,False,0.0,0.0
2018-04-16,2670.10009765625,2686.489990234375,2665.159912109375,2677.840087890625,3020740000,2645.472998046875,2687.057998046875,52.37649230073281,False,0.0,0.0
2018-04-17,2692.739990234375,2713.340087890625,2692.050048828125,2706.389892578125,3286190000,2645.1464965820314,2685.9431982421875,62.06908470899215,False,0.0,0.0
2018-04-18,2710.110107421875,2717.489990234375,2703.6298828125,2708.639892578125,3412030000,2644.731494140625,2687.137197265625,63.52645105950174,False,0.0,0.0
2018-04-19,2701.159912109375,2702.840087890625,2681.89990234375,2693.1298828125,3375120000,2643.7914916992186,2687.0969970703127,57.20345998683525,False,0.0,0.0
2018-04-20,2692.56005859375,2693.93994140625,2660.610107421875,2670.139892578125,3428260000,2645.1139892578126,2686.8665966796875,63.50613339470339,False,0.0,0.0
2018-04-23,2675.39990234375,2682.860107421875,2657.989990234375,2670.2900390625,3030390000,2649.2154907226563,2688.6523974609377,59.486270433839856,False,0.0,0.0
2018-04-24,2680.800048828125,2683.550048828125,2617.320068359375,2634.56005859375,3716020000,2648.0159912109375,2688.95259765625,48.31061933642991,False,0.0,0.0
2018-04-25,2634.919921875,2645.300048828125,2612.669921875,2639.39990234375,3563680000,2649.35498046875,2688.620595703125,45.90922066799885,False,0.0,0.0
2018-04-26,2651.64990234375,2676.47998046875,2647.159912109375,2666.93994140625,3690920000,2652.4519775390627,2688.700595703125,62.21690658645468,False,0.0,0.0
2018-04-27,2675.469970703125,2677.35009765625,2659.010009765625,2669.909912109375,3234510000,2653.9039672851563,2688.1261962890626,61.352261583362306,False,0.0,0.0
2018-04-30,2682.510009765625,2682.8701171875,2648.0400390625,2648.050048828125,3749510000,2657.2124755859377,2686.4631982421874,48.06662121359696,False,0.0,0.0
2018-05-01,2642.9599609375,2655.27001953125,2625.409912109375,2654.800048828125,3562820000,2659.22998046875,2684.9147998046874,52.863724821609765,False,0.0,0.0
2018-05-02,2654.239990234375,2660.8701171875,2631.699951171875,2635.669921875,4047020000,2658.7789794921873,2683.302998046875,43.489632149820565,False,0.0,0.0
2018-05-03,2628.080078125,2637.139892578125,2594.6201171875,2629.72998046875,3867530000,2657.1234741210938,2681.87099609375,43.84238738682669,False,0.0,0.0
2018-05-04,2621.449951171875,2670.929931640625,2615.320068359375,2663.419921875,3335260000,2660.0709716796873,2681.0601953125,46.836290556703595,False,0.0,0.0
2018-05-07,2680.340087890625,2683.35009765625,2664.699951171875,2672.6298828125,3266810000,2663.044470214844,2679.5667919921875,41.906396288722064,False,0.0,0.0
2018-05-08,2670.260009765625,2676.340087890625,2655.199951171875,2671.919921875,3745100000,2663.7969604492187,2677.4131884765625,41.13128911625998,False,0.0,0.0
2018-05-09,2678.1201171875,2701.27001953125,2674.139892578125,2697.7900390625,3913650000,2666.5769653320312,2676.483388671875,51.07189225371412,False,0.0,0.0
2018-05-10,2705.02001953125,2726.110107421875,2704.5400390625,2723.070068359375,3380640000,2669.530969238281,2676.6681884765626,62.04766117488064,False,0.0,0.0
2018-05-11,2722.699951171875,2732.860107421875,2717.449951171875,2727.719970703125,2874850000,2673.1019653320313,2677.669189453125,62.80947811966687,False,0.0,0.0
2018-05-14,2738.469970703125,2742.10009765625,2725.469970703125,2730.1298828125,2994360000,2675.716455078125,2678.446787109375,75.03799314332497,False,0.0,0.0
2018-05-15,2718.590087890625,2718.590087890625,2701.909912109375,2711.449951171875,3291190000,2675.9694580078126,2678.2569873046873,67.59982299808327,False,0.0,0.0
2018-05-16,2712.6201171875,2727.760009765625,2712.169921875,2722.4599609375,3248480000,2676.6604614257812,2678.1437841796874,64.75343258483824,False,0.0,0.0
2018-05-17,2719.7099609375,2731.9599609375,2711.360107421875,2720.1298828125,3478150000,2678.010461425781,2678.010380859375,63.39057989977619,True,0.0,0.0
2018-05-18,2717.35009765625,2719.5,2709.179931640625,2712.969970703125,3383270000,2680.151965332031,2677.490380859375,68.78254481755124,True,0.0,0.0
2018-05-21,2735.389892578125,2739.18994140625,2725.699951171875,2733.010009765625,3053480000,2683.2879638671875,2676.4191796875,71.01177217547809,True,0.0,0.0
2018-05-22,2738.340087890625,2742.239990234375,2721.8798828125,2724.43994140625,3384140000,2687.7819580078126,2675.247578125,75.28342873672557,True,0.0,0.0
2018-05-23,2713.97998046875,2733.330078125,2709.5400390625,2733.2900390625,3333160000,2692.47646484375,2674.607177734375,79.01492806838019,True,0.0,0.0
2018-05-24,2730.93994140625,2731.969970703125,2707.3798828125,2727.760009765625,3285750000,2695.517468261719,2674.1727783203123,71.40388123366508,True,0.0,0.0
2018-05-25,2723.60009765625,2727.360107421875,2714.989990234375,2721.330078125,3015260000,2698.0884765625,2673.6527783203123,66.50630045577765,True,0.0,0.0
2018-05-29,2705.110107421875,2710.669921875,2676.81005859375,2689.860107421875,3743310000,2700.1789794921874,2672.4097802734377,55.031462474408926,True,0.0,0.0
2018-05-30,2702.429931640625,2729.340087890625,2702.429931640625,2724.010009765625,3566490000,2703.6394775390627,2672.63158203125,57.02722898282927,True,0.0,0.0
2018-05-31,2720.97998046875,2722.5,2700.679931640625,2705.27001953125,4241100000,2707.119482421875,2672.39818359375,45.056085146895484,True,0.0,0.0
2018-06-01,2718.699951171875,2736.929931640625,2718.699951171875,2734.6201171875,3694310000,2712.3639892578126,2672.8519873046876,51.68526462285921,True,0.0,0.0
2018-06-04,2741.669921875,2749.159912109375,2740.5400390625,2746.8701171875,3410090000,2716.5364990234375,2674.9155908203124,53.901060263666345,True,0.0,0.0
2018-06-05,2748.4599609375,2752.610107421875,2739.510009765625,2748.800048828125,3523550000,2720.345007324219,2678.1263916015623,59.4408994976735,True,0.0,0.0
2018-06-06,2753.25,2772.389892578125,2748.4599609375,2772.35009765625,3662780000,2725.3665161132812,2680.402392578125,61.85883374303907,True,0.0,0.0
2018-06-07,2774.840087890625,2779.89990234375,2760.159912109375,2770.3701171875,3742080000,2728.9955200195313,2683.557392578125,61.96196056547619,True,0.0,0.0
2018-06-08,2765.840087890625,2779.389892578125,2763.590087890625,2779.030029296875,3138850000,2731.7935180664062,2687.0379931640623,65.61703512854609,True,0.0,0.0
2018-06-11,2780.179931640625,2790.2099609375,2780.169921875,2782.0,3262130000,2734.50751953125,2689.8605908203126,62.598366368025516,True,0.0,0.0
2018-06-12,2785.60009765625,2789.800048828125,2778.780029296875,2786.85009765625,3435700000,2737.3435302734374,2693.9599951171876,66.36258429900607,True,0.0,0.0
2018-06-13,2787.93994140625,2791.469970703125,2774.64990234375,2775.6298828125,3820770000,2740.552526855469,2697.18359375,60.964322202777744,True,0.0,0.0
2018-06-14,2783.2099609375,2789.06005859375,2776.52001953125,2782.489990234375,3540930000,2743.5540283203127,2699.9395947265625,64.07590568426129,True,0.0,0.0
2018-06-15,2777.780029296875,2782.81005859375,2761.72998046875,2779.659912109375,5451990000,2746.5305297851564,2702.2759912109377,65.28477056754512,True,0.0,0.0
2018-06-18,2765.7900390625,2774.989990234375,2757.1201171875,2773.75,3316120000,2749.56953125,2705.661591796875,75.38268340067813,True,0.0,0.0
2018-06-19,2752.010009765625,2765.050048828125,2743.18994140625,2762.590087890625,3671160000,2751.04853515625,2708.6501953125,63.55968271729095,True,0.0,0.0
2018-06-20,2769.72998046875,2774.860107421875,2763.909912109375,2767.320068359375,3332140000,2753.1925415039063,2710.8591943359374,74.191006123968,True,0.0,0.0
2018-06-21,2769.280029296875,2769.280029296875,2744.389892578125,2749.760009765625,3336580000,2754.0160400390623,2713.010595703125,56.50002830064086,True,0.0,0.0
2018-06-22,2760.7900390625,2764.169921875,2752.679931640625,2754.8798828125,5468110000,2755.372033691406,2714.8283935546874,53.66311163513586,True,0.0,0.0
2018-06-25,2742.93994140625,2742.93994140625,2698.669921875,2717.070068359375,3663280000,2755.159033203125,2716.0437939453127,39.07444769494603,True,0.0,0.0
2018-06-26,2722.1201171875,2732.909912109375,2715.60009765625,2723.06005859375,3568900000,2756.8190307617188,2716.948193359375,30.693271926771146,True,0.0,0.0
2018-06-27,2728.449951171875,2746.090087890625,2699.3798828125,2699.6298828125,3803990000,2755.6000244140623,2716.8129931640624,26.27760293689026,True,0.0,0.0
2018-06-28,2698.68994140625,2724.340087890625,2691.989990234375,2716.31005859375,3461100000,2756.1520263671873,2716.966396484375,30.040788420750033,True,0.0,0.0
2018-06-29,2727.1298828125,2743.260009765625,2718.030029296875,2718.3701171875,3586800000,2755.3395263671873,2717.471201171875,29.63328217455043,True,1.0,1.0
2018-07-02,2704.949951171875,2727.260009765625,2698.949951171875,2726.7099609375,3095040000,2754.3315185546876,2718.6026025390624,31.17092574587393,True,1.0,0.0
2018-07-03,2733.27001953125,2736.580078125,2711.159912109375,2713.219970703125,1911460000,2752.5525146484374,2719.461201171875,30.7341102062165,True,1.0,0.0
2018-07-05,2724.18994140625,2737.830078125,2716.02001953125,2736.610107421875,2980160000,2750.765515136719,2721.5022021484374,37.148492209383754,True,1.0,0.0
2018-07-06,2737.679931640625,2764.409912109375,2733.52001953125,2759.820068359375,2590250000,2750.2380126953126,2723.91060546875,45.0121039218671,True,1.0,0.0
2018-07-09,2775.6201171875,2784.64990234375,2770.72998046875,2784.169921875,3070060000,2750.495007324219,2726.255205078125,52.397370307209414,True,1.0,0.0
2018-07-10,2788.56005859375,2795.580078125,2786.239990234375,2793.840087890625,3080140000,2751.08701171875,2728.73380859375,57.239491425727344,True,1.0,0.0
2018-07-11,2779.820068359375,2785.909912109375,2770.77001953125,2774.02001953125,2986180000,2750.4455078125,2731.2532080078126,51.45070724819712,True,1.0,0.0
2018-07-12,2783.139892578125,2799.219970703125,2781.530029296875,2798.2900390625,2834230000,2751.578515625,2734.1230078125,60.21125349700462,True,1.0,0.0
2018-07-13,2796.929931640625,2804.530029296875,2791.68994140625,2801.31005859375,2619790000,2752.5195190429686,2737.435810546875,59.85651973812416,True,1.0,0.0
2018-07-16,2797.360107421875,2801.18994140625,2793.389892578125,2798.429931640625,2819860000,2753.4580200195314,2740.8098095703126,70.27906920137283,True,1.0,0.0
2018-07-17,2789.340087890625,2814.18994140625,2789.239990234375,2809.550048828125,3064920000,2755.2480224609376,2743.732412109375,71.02019407290847,True,0.0,-1.0
2018-07-18,2811.35009765625,2816.760009765625,2805.889892578125,2815.6201171875,3111560000,2757.899523925781,2746.592216796875,80.78777447425107,True,0.0,0.0
2018-07-19,2809.3701171875,2812.050048828125,2799.77001953125,2804.489990234375,3278360000,2759.758020019531,2749.2436181640624,74.11652531338763,True,0.0,0.0
2018-07-20,2804.550048828125,2809.699951171875,2800.010009765625,2801.830078125,3243250000,2762.3615234375,2751.3244189453126,72.75100161056316,True,0.0,0.0
2018-07-23,2799.169921875,2808.610107421875,2795.139892578125,2806.97998046875,2928490000,2764.9665283203126,2753.0026171875,72.2687151867184,True,0.0,0.0
2018-07-24,2820.679931640625,2829.989990234375,2811.1201171875,2820.39990234375,3430410000,2770.133020019531,2754.8562158203126,79.74569644834179,True,0.0,0.0
2018-07-25,2817.72998046875,2848.030029296875,2817.72998046875,2846.070068359375,3584400000,2776.2835205078127,2757.17501953125,79.99882238958564,True,0.0,0.0
2018-07-26,2835.489990234375,2845.570068359375,2835.260009765625,2837.43994140625,3667290000,2783.1740234375,2759.6948193359376,73.12033765927771,True,0.0,0.0
2018-07-27,2842.35009765625,2843.169921875,2808.340087890625,2818.820068359375,3434370000,2788.299523925781,2761.622021484375,60.68587398940199,True,0.0,0.0
2018-07-30,2819.0,2821.739990234375,2798.110107421875,2802.60009765625,3261190000,2792.511022949219,2763.27142578125,52.59662910777737,True,0.0,0.0
2018-07-31,2809.72998046875,2824.4599609375,2808.06005859375,2816.2900390625,3906890000,2796.990026855469,2765.3378271484376,63.00213575726263,True,0.0,0.0
2018-08-01,2821.169921875,2825.830078125,2805.85009765625,2813.360107421875,3501350000,2801.997033691406,2766.9448291015624,55.33604081625596,True,0.0,0.0
2018-08-02,2800.47998046875,2829.909912109375,2796.340087890625,2827.219970703125,3501380000,2806.5275268554688,2769.0004296875,58.52019197266525,True,0.0,0.0
2018-08-03,2829.6201171875,2840.3798828125,2827.3701171875,2840.35009765625,3043690000,2810.5540283203127,2771.141630859375,62.914403389988586,True,0.0,0.0
2018-08-06,2840.2900390625,2853.2900390625,2835.97998046875,2850.39990234375,2879020000,2813.86552734375,2773.5944287109373,62.668213211144206,True,0.0,0.0
2018-08-07,2855.919921875,2863.429931640625,2855.919921875,2858.449951171875,3185440000,2817.0960205078127,2776.336826171875,63.121104191878324,True,0.0,0.0
2018-08-08,2856.7900390625,2862.43994140625,2853.090087890625,2857.699951171875,2978070000,2821.2800170898436,2779.693623046875,67.40826530775252,True,0.0,0.0
2018-08-09,2857.18994140625,2862.47998046875,2851.97998046875,2853.580078125,3066180000,2824.0445190429687,2782.2850244140627,66.77041631723026,True,0.0,0.0
2018-08-10,2838.89990234375,2842.199951171875,2825.81005859375,2833.280029296875,3265590000,2825.643017578125,2784.845224609375,57.76088757609596,True,0.0,0.0
2018-08-13,2835.4599609375,2843.39990234375,2819.8798828125,2821.929931640625,3173630000,2826.818017578125,2786.5914208984377,50.45708025853808,True,0.0,0.0
2018-08-14,2827.8798828125,2843.110107421875,2826.580078125,2839.9599609375,2986500000,2828.338513183594,2788.4532177734377,48.08736069991273,True,0.0,0.0
2018-08-15,2827.949951171875,2827.949951171875,2802.489990234375,2818.3701171875,3656680000,2828.4760131835938,2789.844619140625,44.47857878009885,True,0.0,0.0
2018-08-16,2831.43994140625,2850.489990234375,2831.43994140625,2840.68994140625,3232000000,2830.2860107421875,2791.211416015625,56.19931597763848,True,0.0,0.0
2018-08-17,2838.320068359375,2855.6298828125,2833.72998046875,2850.1298828125,3037640000,2832.7010009765627,2792.806611328125,64.0115442192538,True,0.0,0.0
2018-08-20,2853.929931640625,2859.760009765625,2850.6201171875,2857.050048828125,2757150000,2835.2045043945313,2794.36701171875,62.515386264582276,True,0.0,0.0
2018-08-21,2861.510009765625,2873.22998046875,2861.320068359375,2862.9599609375,3174010000,2837.3325073242186,2795.9862109375,64.95597006464988,True,0.0,0.0
2018-08-22,2860.989990234375,2867.5400390625,2856.050048828125,2861.820068359375,2701250000,2838.120007324219,2797.4856103515626,61.29986477349561,True,0.0,0.0
2018-08-23,2860.2900390625,2868.780029296875,2854.030029296875,2856.97998046875,2724450000,2839.0970092773437,2799.1126123046874,55.74198334288701,True,0.0,0.0
2018-08-24,2862.35009765625,2876.159912109375,2862.35009765625,2874.68994140625,2603010000,2841.8905029296875,2800.956611328125,57.96552850527449,True,0.0,0.0
2018-08-27,2884.68994140625,2898.25,2884.68994140625,2896.739990234375,2865070000,2846.5974975585937,2803.298212890625,61.50060129645382,True,0.0,0.0
2018-08-28,2901.449951171875,2903.77001953125,2893.5,2897.52001953125,2687770000,2850.6589965820312,2805.77361328125,61.957996020428666,True,0.0,0.0
2018-08-29,2900.6201171875,2916.5,2898.39990234375,2914.0400390625,2805520000,2855.6929931640625,2808.8026123046875,66.89770652343014,True,0.0,0.0
2018-08-30,2908.93994140625,2912.4599609375,2895.219970703125,2901.1298828125,2810450000,2859.3884887695312,2811.47880859375,69.78014391356646,True,0.0,0.0
2018-08-31,2898.3701171875,2906.320068359375,2891.72998046875,2901.52001953125,2887220000,2862.446984863281,2814.5140087890627,74.78669065240499,True,0.0,0.0
2018-09-04,2896.9599609375,2900.179931640625,2885.1298828125,2896.719970703125,3087420000,2864.76298828125,2817.350810546875,69.26418117970313,True,0.0,0.0
2018-09-05,2891.590087890625,2894.2099609375,2876.919921875,2888.60009765625,3248780000,2866.2704956054686,2820.7814111328125,76.23456452348381,True,0.0,0.0
2018-09-06,2888.639892578125,2892.050048828125,2867.2900390625,2878.050048828125,3144240000,2867.2880004882813,2823.8812109375,65.3014452814869,True,0.0,0.0
2018-09-07,2868.260009765625,2883.81005859375,2864.1201171875,2871.679931640625,2976580000,2868.1929931640625,2827.3222119140623,59.05384364480057,True,0.0,0.0
2018-09-10,2881.389892578125,2886.929931640625,2875.93994140625,2877.1298828125,2751100000,2870.3854858398436,2830.5386083984376,58.541681812044985,True,0.0,0.0
2018-09-11,2871.570068359375,2892.52001953125,2866.780029296875,2887.889892578125,2904500000,2873.683483886719,2833.92900390625,60.184595989316016,True,0.0,0.0
2018-09-12,2888.2900390625,2894.64990234375,2879.199951171875,2888.919921875,3341280000,2876.131481933594,2837.173203125,61.08101848616682,True,0.0,0.0
2018-09-13,2896.85009765625,2906.760009765625,2896.389892578125,2904.179931640625,3274090000,2880.42197265625,2840.99240234375,67.78439896898303,True,0.0,0.0
2018-09-14,2906.3798828125,2908.300048828125,2895.77001953125,2904.97998046875,3179410000,2883.636474609375,2844.3597998046876,63.0796705729551,True,0.0,0.0
2018-09-17,2903.830078125,2904.64990234375,2886.159912109375,2888.800048828125,2967980000,2885.5699829101563,2846.9393994140623,46.38832251673574,True,0.0,0.0
2018-09-18,2890.739990234375,2911.169921875,2890.429931640625,2904.31005859375,3091190000,2887.9329833984375,2849.3422021484375,52.723633286849164,True,0.0,0.0
2018-09-19,2906.60009765625,2912.360107421875,2903.820068359375,2907.949951171875,3302460000,2890.182482910156,2851.6243994140623,47.275622473029266,True,0.0,0.0
2018-09-20,2919.72998046875,2934.800048828125,2919.72998046875,2930.75,3406520000,2893.6289794921877,2854.7589990234374,62.173302295713604,True,0.0,0.0
2018-09-21,2936.760009765625,2940.909912109375,2927.110107421875,2929.669921875,5652470000,2897.2634765625,2857.3865966796875,61.50383321427289,True,0.0,0.0
2018-09-24,2921.830078125,2923.7900390625,2912.6298828125,2919.3701171875,3392030000,2899.4974853515623,2859.7477978515626,58.858104198612494,True,0.0,0.0
2018-09-25,2921.75,2923.949951171875,2913.699951171875,2915.56005859375,3330880000,2900.4384887695314,2862.090400390625,60.91142642583297,True,0.0,0.0
2018-09-26,2916.97998046875,2931.14990234375,2903.280029296875,2905.969970703125,3417540000,2900.860986328125,2864.018798828125,61.388441866764396,True,0.0,0.0
2018-09-27,2911.64990234375,2927.219970703125,2909.27001953125,2914.0,3101360000,2900.858984375,2865.986396484375,67.03158068490647,True,0.0,0.0
2018-09-28,2910.030029296875,2920.530029296875,2907.5,2913.97998046875,3461680000,2901.5014892578124,2868.1761962890623,65.50798732548915,True,0.0,0.0
2018-10-01,2926.2900390625,2937.06005859375,2917.909912109375,2924.590087890625,3375890000,2902.654992675781,2870.631396484375,65.4644138657537,True,0.0,0.0
2018-10-02,2923.800048828125,2931.419921875,2919.3701171875,2923.429931640625,3432620000,2903.9904907226564,2872.9603955078123,64.52560295130148,True,0.0,0.0
2018-10-03,2931.68994140625,2939.860107421875,2921.360107421875,2925.510009765625,3625510000,2905.835986328125,2875.06259765625,60.098478894077395,True,0.0,0.0
2018-10-04,2919.35009765625,2919.780029296875,2883.919921875,2901.610107421875,3510370000,2907.0139892578127,2876.1733984375,48.690906814720115,True,0.0,0.0
2018-10-05,2902.5400390625,2909.639892578125,2869.2900390625,2885.570068359375,3340820000,2907.70849609375,2877.1360009765626,48.743885580604,True,0.0,0.0
2018-10-08,2877.530029296875,2889.449951171875,2862.080078125,2884.429931640625,3381820000,2908.0734985351564,2878.4481982421876,41.29594988936753,True,0.0,0.0
2018-10-09,2882.510009765625,2894.830078125,2874.27001953125,2880.340087890625,3531690000,2907.696008300781,2880.002998046875,37.95910631846135,True,0.0,0.0
2018-10-10,2873.89990234375,2874.02001953125,2784.860107421875,2785.679931640625,4554260000,2902.5340087890627,2879.3907958984373,11.109409422381404,True,0.0,0.0
2018-10-11,2776.8701171875,2795.139892578125,2710.510009765625,2728.3701171875,4914090000,2893.743518066406,2877.69099609375,8.535962279635996,True,0.0,0.0
2018-10-12,2770.5400390625,2775.77001953125,2729.43994140625,2767.1298828125,4024010000,2886.8510131835938,2876.4891943359376,21.932130395485927,True,0.0,0.0
2018-10-15,2763.830078125,2775.989990234375,2749.030029296875,2750.7900390625,3327160000,2879.9505126953127,2874.6979931640626,20.963586706798907,True,0.0,0.0
2018-10-16,2767.050048828125,2813.4599609375,2766.909912109375,2809.919921875,3460260000,2875.231005859375,2873.8883935546874,35.58974501729945,True,0.0,0.0
2018-10-17,2811.669921875,2816.93994140625,2781.81005859375,2809.2099609375,3347090000,2870.2940063476562,2872.90359375,33.925428248282884,False,1.0,1.0
2018-10-18,2802.0,2806.0400390625,2755.179931640625,2768.780029296875,3639300000,2862.1955078125,2871.1251953125,30.183412201312933,False,0.0,-1.0
2018-10-19,2775.659912109375,2797.77001953125,2760.27001953125,2767.780029296875,3593940000,2854.1010131835938,2869.4091943359376,28.022386374368168,False,0.0,0.0
2018-10-22,2773.93994140625,2778.93994140625,2749.219970703125,2755.8798828125,3331270000,2845.9265014648436,2867.86119140625,27.20342377977687,False,0.0,0.0
2018-10-23,2721.030029296875,2753.590087890625,2691.429931640625,2740.68994140625,4373710000,2837.182995605469,2866.2363916015624,25.719866447286122,False,0.0,0.0
2018-10-24,2737.8701171875,2742.590087890625,2651.889892578125,2656.10009765625,4738670000,2824.689501953125,2862.5591943359377,22.182646840617622,False,0.0,0.0
2018-10-25,2674.8798828125,2722.699951171875,2667.840087890625,2705.570068359375,4663930000,2814.2680053710938,2860.303193359375,31.041425595926867,False,0.0,0.0
2018-10-26,2667.860107421875,2692.3798828125,2628.159912109375,2658.68994140625,4804330000,2801.5035034179687,2856.663193359375,28.313383847741875,False,0.0,0.0
2018-10-29,2682.64990234375,2706.85009765625,2603.5400390625,2641.25,4701260000,2787.3364990234377,2852.485595703125,27.605291237114585,False,0.0,0.0
2018-10-30,2640.679931640625,2685.429931640625,2635.340087890625,2682.6298828125,5125600000,2775.296496582031,2848.9971923828125,39.27743824834993,False,0.0,0.0
2018-10-31,2705.60009765625,2736.68994140625,2705.60009765625,2711.739990234375,5133380000,2764.6079956054687,2845.97279296875,48.16172363001628,False,0.0,0.0
2018-11-01,2717.580078125,2741.669921875,2708.85009765625,2740.3701171875,4730250000,2756.54599609375,2843.5437939453127,46.97424430641822,False,0.0,0.0
2018-11-02,2745.449951171875,2756.550048828125,2700.43994140625,2723.06005859375,4261230000,2748.4204956054687,2840.8653955078125,46.87140540230848,False,0.0,0.0
2018-11-05,2726.3701171875,2744.27001953125,2717.93994140625,2738.31005859375,3650910000,2741.114501953125,2838.1377978515625,41.03285127655776,False,0.0,0.0
2018-11-06,2738.39990234375,2756.820068359375,2737.080078125,2755.449951171875,3543800000,2734.8699951171875,2835.3119970703124,43.534107866564796,False,0.0,0.0
2018-11-07,2774.1298828125,2815.14990234375,2774.1298828125,2813.889892578125,3929080000,2736.2804931640626,2833.63939453125,55.200224253866175,False,0.0,0.0
2018-11-08,2806.3798828125,2814.75,2794.989990234375,2806.830078125,3673550000,2740.2034912109375,2831.4951953125,54.43962653056354,False,0.0,0.0
2018-11-09,2794.10009765625,2794.10009765625,2764.239990234375,2781.010009765625,4029030000,2740.897497558594,2829.0927978515624,52.76940585828093,False,0.0,0.0
2018-11-12,2773.929931640625,2775.989990234375,2722.0,2726.219970703125,3701570000,2739.668994140625,2825.586796875,48.53337899640552,False,0.0,0.0
2018-11-13,2730.050048828125,2754.60009765625,2714.97998046875,2722.179931640625,4112820000,2735.2819946289064,2822.09599609375,58.00463131371383,False,0.0,0.0
2018-11-14,2737.89990234375,2746.800048828125,2685.75,2701.580078125,4449060000,2729.900500488281,2818.355595703125,49.480321009811036,False,0.0,0.0
2018-11-15,2693.52001953125,2735.3798828125,2670.75,2730.199951171875,4204960000,2727.9714965820312,2815.39859375,59.77902256849039,False,0.0,0.0
2018-11-16,2718.5400390625,2746.75,2712.159912109375,2736.27001953125,3996970000,2726.39599609375,2812.6903955078124,63.41106565737316,False,0.0,0.0
2018-11-19,2730.739990234375,2733.159912109375,2681.090087890625,2690.72998046875,3806940000,2723.1385009765627,2808.9623974609376,51.12997313512541,False,0.0,0.0
2018-11-20,2654.60009765625,2669.43994140625,2631.52001953125,2641.889892578125,4370820000,2718.1984985351564,2804.0423974609375,40.764231694451944,False,0.0,0.0
2018-11-21,2657.739990234375,2670.72998046875,2649.820068359375,2649.929931640625,3237400000,2717.889990234375,2799.26259765625,37.35313898666156,False,0.0,0.0
2018-11-23,2633.360107421875,2647.550048828125,2631.090087890625,2632.56005859375,1651680000,2714.2394897460936,2793.8302001953125,37.346891405711325,False,0.0,0.0
2018-11-26,2649.969970703125,2674.35009765625,2649.969970703125,2673.449951171875,3523520000,2714.977490234375,2789.199599609375,41.53835667661041,False,0.0,0.0
2018-11-27,2663.75,2682.530029296875,2655.889892578125,2682.169921875,3494380000,2717.023486328125,2785.0669970703125,40.22514838703795,False,0.0,0.0
2018-11-28,2691.449951171875,2744.0,2684.3798828125,2743.7900390625,3984540000,2720.081494140625,2781.8565966796873,40.728017675373245,False,0.0,0.0
2018-11-29,2736.969970703125,2753.75,2722.93994140625,2737.800048828125,3599200000,2721.3844970703126,2778.4535986328124,40.8436081391877,False,0.0,0.0
2018-11-30,2737.760009765625,2760.8798828125,2732.760009765625,2760.169921875,4668310000,2722.3744873046876,2775.0419970703124,47.210160440041705,False,0.0,0.0
2018-12-03,2790.5,2800.179931640625,2773.3798828125,2790.3701171875,4221580000,2725.739990234375,2772.2560009765625,59.192938385806805,False,0.0,0.0
2018-12-04,2782.429931640625,2785.929931640625,2697.179931640625,2700.06005859375,4515710000,2723.827490234375,2767.8697998046873,47.45853709711714,False,0.0,0.0
2018-12-06,2663.510009765625,2696.14990234375,2621.530029296875,2695.949951171875,5180430000,2720.852490234375,2763.47759765625,49.32764999664714,False,0.0,0.0
2018-12-07,2691.260009765625,2708.5400390625,2623.139892578125,2633.080078125,4242240000,2711.8119995117186,2758.0197998046874,39.278951598254245,False,0.0,0.0
2018-12-10,2630.860107421875,2647.510009765625,2583.22998046875,2637.719970703125,4162880000,2703.356494140625,2752.49419921875,39.08661528021477,False,0.0,0.0
2018-12-11,2664.43994140625,2674.35009765625,2621.300048828125,2636.780029296875,3963440000,2696.1449951171876,2746.9502001953124,43.37077451711552,False,0.0,0.0
2018-12-12,2658.22998046875,2685.43994140625,2650.260009765625,2651.070068359375,4029300000,2692.3875,2741.4797998046874,51.23270210977547,False,0.0,0.0
2018-12-13,2658.699951171875,2670.18994140625,2637.27001953125,2650.5400390625,3978340000,2688.8055053710937,2736.022001953125,50.08361075329976,False,0.0,0.0
2018-12-14,2629.679931640625,2635.070068359375,2593.840087890625,2599.949951171875,4064370000,2683.7239990234375,2729.51080078125,45.90397394656224,False,0.0,0.0
2018-12-17,2590.75,2601.1298828125,2530.5400390625,2545.93994140625,4661420000,2674.5109985351564,2722.3973974609376,34.49500811941327,False,0.0,0.0
2018-12-18,2559.89990234375,2573.989990234375,2528.7099609375,2546.159912109375,4519190000,2665.0054931640625,2715.6091943359374,33.1123262191111,False,0.0,0.0
2018-12-19,2547.050048828125,2585.2900390625,2488.9599609375,2506.9599609375,5152830000,2655.8169921875,2708.059794921875,18.860274809866027,False,0.0,0.0
2018-12-20,2496.77001953125,2509.6298828125,2441.179931640625,2467.419921875,5619780000,2647.0934936523436,2699.8013916015625,17.331196862313845,False,0.0,0.0
2018-12-21,2465.3798828125,2504.409912109375,2408.550048828125,2416.6201171875,7657890000,2635.4280029296874,2692.4201953125,11.158868887789708,False,0.0,0.0
2018-12-24,2400.56005859375,2410.340087890625,2351.10009765625,2351.10009765625,2613670000,2621.3550048828124,2684.874794921875,4.009864395238353,False,0.0,0.0
2018-12-26,2363.1201171875,2467.760009765625,2346.580078125,2467.699951171875,4249740000,2611.0675048828125,2678.8861962890624,26.941979611485365,False,0.0,0.0
2018-12-27,2442.5,2489.10009765625,2397.93994140625,2488.830078125,4139010000,2601.4005126953125,2673.6469970703124,30.11825979846479,False,0.0,0.0
2018-12-28,2498.77001953125,2520.27001953125,2472.889892578125,2485.739990234375,3728440000,2588.498010253906,2667.1633984375,34.02297389955339,False,0.0,0.0
2018-12-31,2498.93994140625,2509.239990234375,2482.820068359375,2506.85009765625,3461920000,2576.9505126953127,2661.116201171875,36.2983589511315,False,0.0,0.0
2019-01-02,2476.9599609375,2519.489990234375,2467.469970703125,2510.030029296875,3733160000,2564.4435180664063,2655.941201171875,36.79164830646892,False,0.0,0.0
2019-01-03,2491.919921875,2493.139892578125,2443.9599609375,2447.889892578125,3858830000,2547.3195068359373,2649.5433984375,30.74706102264568,False,0.0,0.0
2019-01-04,2474.330078125,2538.070068359375,2474.330078125,2531.93994140625,4234140000,2538.9135009765623,2645.064599609375,40.297452178921894,False,0.0,0.0
2019-01-07,2535.610107421875,2566.159912109375,2524.56005859375,2549.68994140625,4133120000,2531.6005004882813,2641.244599609375,45.654804947990215,False,0.0,0.0
2019-01-08,2568.110107421875,2579.820068359375,2547.56005859375,2574.409912109375,4120060000,2528.6669921875,2639.6107958984376,52.59265715064505,False,0.0,0.0
2019-01-09,2580.0,2595.320068359375,2568.889892578125,2584.9599609375,4088740000,2526.0289916992188,2637.19859375,53.468129001960094,False,0.0,0.0
2019-01-10,2573.510009765625,2597.820068359375,2562.02001953125,2596.639892578125,3721300000,2524.0219848632814,2635.9575927734377,58.43078192829099,False,0.0,0.0
2019-01-11,2588.110107421875,2596.27001953125,2577.39990234375,2596.260009765625,3447460000,2521.2814819335936,2635.05779296875,63.07490365933485,False,0.0,0.0
2019-01-14,2580.31005859375,2589.320068359375,2570.409912109375,2582.610107421875,3689370000,2517.8849853515626,2633.0573974609374,68.2186337880299,False,0.0,0.0
2019-01-15,2585.10009765625,2613.080078125,2585.10009765625,2610.300048828125,3601180000,2518.402490234375,2631.0285986328126,81.02556369708373,False,0.0,0.0
2019-01-16,2614.75,2625.760009765625,2612.679931640625,2616.10009765625,3882180000,2521.910498046875,2628.5431982421874,74.17569174597998,False,0.0,0.0
2019-01-17,2609.280029296875,2645.06005859375,2606.360107421875,2635.9599609375,3802410000,2526.400500488281,2626.8011962890623,74.06836738443155,False,0.0,0.0
2019-01-18,2651.27001953125,2675.469970703125,2647.580078125,2670.7099609375,4009010000,2534.588000488281,2625.4491943359376,77.41840924537192,False,0.0,0.0
2019-01-22,2657.8798828125,2657.8798828125,2617.27001953125,2632.89990234375,3923950000,2542.8619995117188,2622.998193359375,67.80315360297485,False,0.0,0.0
2019-01-23,2643.47998046875,2653.18994140625,2612.860107421875,2638.699951171875,3358770000,2553.9659912109373,2619.49439453125,68.03969999096358,False,0.0,0.0
2019-01-24,2638.840087890625,2647.199951171875,2627.010009765625,2642.330078125,3449230000,2568.527490234375,2616.20439453125,82.61107412257319,False,0.0,0.0
2019-01-25,2657.43994140625,2672.3798828125,2657.330078125,2664.760009765625,3821000000,2578.3804931640625,2613.87939453125,78.08038170626085,False,0.0,0.0
2019-01-28,2644.969970703125,2644.969970703125,2624.06005859375,2643.85009765625,3630820000,2586.131494140625,2612.2319970703124,69.6445561842049,False,0.0,0.0
2019-01-29,2644.889892578125,2650.929931640625,2631.050048828125,2640.0,3518070000,2593.8444946289064,2610.5883984375,64.98929324241237,False,0.0,0.0
2019-01-30,2653.6201171875,2690.43994140625,2648.340087890625,2681.050048828125,3883270000,2602.5544921875,2610.1777978515624,69.27276804907692,False,0.0,0.0
2019-01-31,2685.489990234375,2708.949951171875,2678.64990234375,2704.10009765625,4953800000,2612.2579956054688,2609.65580078125,70.61310544619417,True,0.0,0.0
2019-02-01,2702.320068359375,2716.659912109375,2696.8798828125,2706.530029296875,3782490000,2625.1900024414062,2609.0610009765624,70.9870267457205,True,0.0,0.0
2019-02-04,2706.489990234375,2724.989990234375,2698.75,2724.8701171875,3369450000,2634.8365112304687,2609.7438037109373,76.60058560849323,True,0.0,0.0
2019-02-05,2728.340087890625,2738.97998046875,2724.030029296875,2737.699951171875,3597620000,2644.23701171875,2611.6600048828127,75.22370369797487,True,0.0,0.0
2019-02-06,2735.050048828125,2738.080078125,2724.14990234375,2731.610107421875,3486590000,2652.097021484375,2613.2936083984373,72.84342950064263,True,0.0,0.0
2019-02-07,2717.530029296875,2719.320068359375,2687.260009765625,2706.050048828125,4114040000,2658.1515258789063,2614.763408203125,63.555502252726555,True,0.0,0.0
2019-02-08,2692.360107421875,2708.070068359375,2681.830078125,2707.8798828125,3649510000,2663.713525390625,2615.4520068359375,58.23765444790488,True,0.0,0.0
2019-02-11,2712.39990234375,2718.050048828125,2703.7900390625,2709.800048828125,3395330000,2669.39052734375,2616.004609375,70.2667505691082,True,0.0,0.0
2019-02-12,2722.610107421875,2748.18994140625,2722.610107421875,2744.72998046875,3843020000,2677.4965209960938,2616.023408203125,74.22437748840095,True,0.0,0.0
2019-02-13,2750.300048828125,2761.85009765625,2748.6298828125,2753.030029296875,3684910000,2684.633020019531,2616.3280078125,74.76289871408801,True,0.0,0.0
2019-02-14,2743.5,2757.89990234375,2731.22998046875,2745.72998046875,3845390000,2691.1145141601564,2616.039208984375,69.42751870097766,True,0.0,0.0
2019-02-15,2760.239990234375,2775.659912109375,2760.239990234375,2775.60009765625,3648680000,2698.0965209960937,2615.74380859375,80.30824495150887,True,0.0,0.0
2019-02-19,2769.280029296875,2787.330078125,2767.2900390625,2779.760009765625,3535270000,2703.5490234375,2617.3378076171875,82.10513328136304,True,0.0,0.0
2019-02-20,2779.050048828125,2789.8798828125,2774.06005859375,2784.699951171875,3904830000,2711.139025878906,2619.1128076171876,78.54585895098086,True,0.0,0.0
2019-02-21,2780.239990234375,2781.580078125,2764.550048828125,2774.8798828125,3598260000,2717.9480224609374,2621.9488037109377,71.02538589401803,True,0.0,0.0
2019-02-22,2780.669921875,2794.199951171875,2779.110107421875,2792.669921875,3429350000,2725.4650146484373,2625.047802734375,73.44836798683596,True,0.0,0.0
2019-02-25,2804.35009765625,2813.489990234375,2794.989990234375,2796.110107421875,3860260000,2732.03251953125,2628.234404296875,71.10438969917101,True,0.0,0.0
2019-02-26,2792.360107421875,2803.1201171875,2789.469970703125,2793.89990234375,3676200000,2739.535009765625,2631.0910009765626,67.7667579979161,True,0.0,0.0
2019-02-27,2787.5,2795.760009765625,2775.1298828125,2792.3798828125,3771790000,2747.15400390625,2633.9277978515624,69.78304167653515,True,0.0,0.0
2019-02-28,2788.110107421875,2793.72998046875,2782.510009765625,2784.489990234375,4445780000,2752.3260009765627,2637.6185986328123,78.8551003179279,True,0.0,0.0
2019-03-01,2798.219970703125,2808.02001953125,2787.3798828125,2803.68994140625,3994950000,2757.3054931640627,2642.7735986328125,81.25113477458997,True,0.0,0.0
2019-03-04,2814.3701171875,2816.8798828125,2767.659912109375,2792.81005859375,3949730000,2761.619494628906,2647.7066015625,75.58085820002799,True,0.0,0.0
2019-03-05,2794.409912109375,2796.43994140625,2782.969970703125,2789.64990234375,3631380000,2764.8584838867187,2653.360400390625,67.21327425680329,True,0.0,0.0
2019-03-06,2790.27001953125,2790.27001953125,2768.68994140625,2771.449951171875,3800180000,2766.5459838867187,2659.4410009765625,56.56071847206425,True,0.0,0.0
2019-03-07,2766.530029296875,2767.25,2739.090087890625,2748.929931640625,3932150000,2767.411975097656,2666.087197265625,51.02825968597559,True,0.0,0.0
2019-03-08,2730.7900390625,2744.1298828125,2722.27001953125,2743.070068359375,3424300000,2769.262976074219,2673.9265966796875,37.63963539415168,True,0.0,0.0
2019-03-11,2747.610107421875,2784.0,2747.610107421875,2783.300048828125,3764850000,2773.033984375,2680.2385986328127,51.0557186458843,True,0.0,0.0
2019-03-12,2787.340087890625,2798.320068359375,2786.72998046875,2791.52001953125,3432340000,2777.119982910156,2686.2923974609375,51.99486982465711,True,0.0,0.0
2019-03-13,2799.780029296875,2821.239990234375,2799.780029296875,2810.919921875,3782250000,2780.429479980469,2692.79599609375,59.982283171717995,True,0.0,0.0
2019-03-14,2810.3798828125,2815.0,2803.4599609375,2808.47998046875,3505670000,2783.2019775390627,2698.82859375,54.78599808435915,True,0.0,0.0
2019-03-15,2810.7900390625,2830.72998046875,2810.7900390625,2822.47998046875,5969780000,2787.0394775390623,2705.0775927734376,57.502962673783564,True,0.0,0.0
2019-03-18,2822.610107421875,2835.409912109375,2821.989990234375,2832.93994140625,3620770000,2789.9064697265626,2712.77859375,60.60988879747339,True,0.0,0.0
2019-03-19,2840.760009765625,2852.419921875,2823.27001953125,2832.570068359375,3650740000,2792.54697265625,2718.7911962890626,60.991174691434686,True,0.0,0.0
2019-03-20,2831.340087890625,2843.5400390625,2812.429931640625,2824.22998046875,3779160000,2794.523474121094,2724.2819970703126,60.84136014695363,True,0.0,0.0
2019-03-21,2819.719970703125,2860.31005859375,2817.3798828125,2854.8798828125,3612620000,2798.523474121094,2729.891396484375,63.14385942036981,True,0.0,0.0
2019-03-22,2844.52001953125,2846.159912109375,2800.469970703125,2800.7099609375,4253730000,2798.9254760742188,2734.206396484375,51.65950716360594,True,0.0,0.0
2019-03-25,2796.010009765625,2809.7900390625,2785.02001953125,2798.360107421875,3406110000,2799.037976074219,2738.24080078125,51.8359751710822,True,0.0,0.0
2019-03-26,2812.659912109375,2829.8701171875,2803.989990234375,2818.4599609375,3288570000,2800.265979003906,2742.6847998046874,59.830241445959786,True,0.0,0.0
2019-03-27,2819.719970703125,2825.56005859375,2787.719970703125,2805.3701171875,3422400000,2800.915490722656,2747.14,62.286755991134875,True,0.0,0.0
2019-03-28,2809.39990234375,2819.7099609375,2798.77001953125,2815.43994140625,3185460000,2802.46298828125,2751.2427978515625,65.47099244370355,True,0.0,0.0
2019-03-29,2828.27001953125,2836.030029296875,2819.22998046875,2834.39990234375,3752520000,2803.998486328125,2755.6087939453123,62.016771406623356,True,0.0,0.0
2019-04-01,2848.6298828125,2869.39990234375,2848.6298828125,2867.18994140625,3560090000,2807.71748046875,2760.2333935546876,65.95140016839488,True,0.0,0.0
2019-04-02,2868.239990234375,2872.89990234375,2858.75,2867.239990234375,3267210000,2811.5969848632812,2764.163994140625,62.92698726505123,True,0.0,0.0
2019-04-03,2876.090087890625,2885.25,2865.169921875,2873.39990234375,3570000000,2816.694482421875,2768.973994140625,64.65070203392594,True,0.0,0.0
2019-04-04,2873.989990234375,2881.280029296875,2867.139892578125,2879.389892578125,3038740000,2823.21748046875,2773.78779296875,63.3247856114746,True,0.0,0.0
2019-04-05,2884.159912109375,2893.239990234375,2882.989990234375,2892.739990234375,3155970000,2830.7009765625,2778.7959912109377,63.81451380938147,True,0.0,0.0
2019-04-08,2888.4599609375,2895.949951171875,2880.780029296875,2895.77001953125,3056460000,2836.3244750976564,2783.41619140625,64.42266870656351,True,0.0,0.0
2019-04-09,2886.580078125,2886.8798828125,2873.330078125,2878.199951171875,3032480000,2840.6584716796874,2788.1031884765625,61.81844815806047,True,0.0,0.0
2019-04-10,2881.3701171875,2889.7099609375,2879.1298828125,2888.2099609375,3092230000,2844.5229736328124,2793.0673876953124,58.0240179805712,True,0.0,0.0
2019-04-11,2891.919921875,2893.419921875,2881.989990234375,2888.320068359375,2970650000,2848.5149780273437,2797.2127880859375,78.51341322522872,True,0.0,0.0
2019-04-12,2900.860107421875,2910.5400390625,2898.3701171875,2907.409912109375,3726050000,2852.761474609375,2801.278984375,82.00388631107111,True,0.0,0.0
2019-04-15,2908.320068359375,2909.60009765625,2896.47998046875,2905.580078125,3114530000,2856.3934814453123,2805.2599853515626,78.63916532905297,True,0.0,0.0
2019-04-16,2912.260009765625,2916.06005859375,2900.7099609375,2907.06005859375,3403120000,2860.1179809570312,2808.9037841796876,86.19123253963014,True,0.0,0.0
2019-04-17,2916.0400390625,2918.0,2895.449951171875,2900.449951171875,3648100000,2863.9289794921874,2812.1587841796877,81.01875194868825,True,0.0,0.0
2019-04-18,2904.81005859375,2908.39990234375,2891.89990234375,2905.030029296875,3507100000,2866.436486816406,2815.6271826171874,78.79333167454591,True,0.0,0.0
2019-04-22,2898.780029296875,2909.510009765625,2896.35009765625,2907.969970703125,3010130000,2871.7994873046873,2819.6655810546877,71.97198698268127,True,0.0,0.0
2019-04-23,2909.989990234375,2936.31005859375,2908.530029296875,2933.679931640625,3674480000,2878.565478515625,2824.18158203125,78.04320585640916,True,0.0,0.0
2019-04-24,2934.0,2936.830078125,2926.050048828125,2927.25,3468480000,2884.00498046875,2828.5305810546874,72.6775484353859,True,0.0,0.0
2019-04-25,2928.989990234375,2933.10009765625,2912.840087890625,2926.169921875,3440010000,2890.044970703125,2832.1593798828126,70.54999174186574,True,0.0,0.0
2019-04-26,2925.81005859375,2939.8798828125,2917.56005859375,2939.8798828125,3264390000,2896.2669677734375,2835.896376953125,70.64280994951687,True,0.0,0.0
2019-04-29,2940.580078125,2949.52001953125,2939.35009765625,2943.030029296875,3150390000,2901.6984741210936,2839.8423779296877,70.67366123206592,True,0.0,0.0
2019-04-30,2937.139892578125,2948.219970703125,2924.110107421875,2945.830078125,3939760000,2905.630480957031,2843.2469775390623,83.97473477647637,True,0.0,0.0
2019-05-01,2952.330078125,2954.1298828125,2923.360107421875,2923.72998046875,3669330000,2908.45498046875,2846.126376953125,65.91111908240667,True,0.0,0.0
2019-05-02,2922.159912109375,2931.679931640625,2900.5,2917.52001953125,3802290000,2910.660986328125,2848.7827783203124,62.402292914901246,True,0.0,0.0
2019-05-03,2929.2099609375,2947.85009765625,2929.2099609375,2945.639892578125,3357180000,2913.973486328125,2852.197978515625,65.0808601454635,True,0.0,0.0
2019-05-06,2908.889892578125,2937.320068359375,2898.2099609375,2932.469970703125,3203260000,2915.9599853515624,2854.9939794921875,59.73635870208993,True,0.0,0.0
2019-05-07,2913.030029296875,2913.030029296875,2862.60009765625,2884.050048828125,3793060000,2915.373986816406,2856.7527783203127,43.78208773649759,True,0.0,0.0
2019-05-08,2879.610107421875,2897.9599609375,2873.280029296875,2879.419921875,3543110000,2915.4349853515623,2858.4631787109374,44.255661380177735,True,0.0,0.0
2019-05-09,2859.840087890625,2875.969970703125,2836.39990234375,2870.719970703125,3659050000,2914.5604858398438,2860.02998046875,40.83451597082364,True,0.0,0.0
2019-05-10,2863.10009765625,2891.31005859375,2825.389892578125,2881.39990234375,3566780000,2914.2144775390625,2861.9681787109375,43.184013046892915,True,0.0,0.0
2019-05-13,2840.18994140625,2840.18994140625,2801.429931640625,2811.8701171875,3900270000,2909.4374877929686,2862.1317822265623,24.48792590176072,True,0.0,0.0
2019-05-14,2820.1201171875,2852.5400390625,2820.1201171875,2834.409912109375,3354860000,2905.8789794921877,2862.963779296875,31.784603328342058,True,0.0,0.0
2019-05-15,2820.3798828125,2858.679931640625,2815.080078125,2850.9599609375,3140900000,2903.073974609375,2864.18998046875,36.08818014646113,True,1.0,1.0
2019-05-16,2855.800048828125,2892.14990234375,2855.800048828125,2876.320068359375,3338470000,2901.86748046875,2866.2873828125,38.72891929826385,True,1.0,0.0
2019-05-17,2858.60009765625,2885.47998046875,2854.22998046875,2859.530029296875,3316040000,2899.59248046875,2868.499384765625,35.87616536832577,True,1.0,0.0
2019-05-20,2841.93994140625,2853.860107421875,2831.2900390625,2840.22998046875,3293750000,2896.2054809570313,2870.4425830078126,33.0823085828718,True,1.0,0.0
2019-05-21,2854.02001953125,2868.8798828125,2854.02001953125,2864.360107421875,3223050000,2892.7394897460936,2872.0637841796874,40.55010006411875,True,1.0,0.0
2019-05-22,2856.06005859375,2865.469970703125,2851.110107421875,2856.27001953125,3194000000,2889.1904907226562,2873.3587841796875,40.30884379809267,True,1.0,0.0
2019-05-23,2836.699951171875,2836.699951171875,2805.489990234375,2822.239990234375,3899320000,2883.993994140625,2873.585185546875,30.83375803134271,True,1.0,0.0
2019-05-24,2832.409912109375,2841.360107421875,2820.18994140625,2826.06005859375,2889230000,2878.3030029296874,2873.936787109375,32.97823066234368,True,1.0,0.0
2019-05-28,2830.030029296875,2840.510009765625,2801.580078125,2802.389892578125,4146980000,2871.27099609375,2873.5349853515627,35.81403870687549,False,1.0,0.0
2019-05-29,2790.25,2792.030029296875,2766.06005859375,2783.02001953125,3701110000,2863.1304931640625,2872.5365869140624,34.06929473906749,False,0.0,-1.0
2019-05-30,2786.93994140625,2799.0,2776.739990234375,2788.860107421875,3276030000,2856.386999511719,2871.6623876953126,36.34304138575986,False,0.0,0.0
2019-05-31,2766.14990234375,2768.97998046875,2750.52001953125,2752.06005859375,3982670000,2848.1140014648436,2870.2189892578126,30.15166047236542,False,0.0,0.0
2019-06-03,2751.530029296875,2763.070068359375,2728.81005859375,2744.449951171875,3952360000,2838.0545043945312,2868.010390625,37.22622132464705,False,0.0,0.0
2019-06-04,2762.639892578125,2804.489990234375,2762.639892578125,2803.27001953125,3814130000,2831.5945068359374,2868.061591796875,44.81314571860556,False,0.0,0.0
2019-06-05,2818.090087890625,2827.280029296875,2800.919921875,2826.14990234375,3570760000,2828.699499511719,2868.6173876953126,45.95282396683946,False,0.0,0.0
2019-06-06,2828.510009765625,2852.10009765625,2822.449951171875,2843.489990234375,3445140000,2826.9030029296873,2869.11798828125,44.50065351565247,False,0.0,0.0
2019-06-07,2852.8701171875,2884.969970703125,2852.8701171875,2873.340087890625,3244380000,2827.0340087890627,2870.4773876953127,52.216341512343746,False,0.0,0.0
2019-06-10,2885.830078125,2904.77001953125,2885.510009765625,2886.72998046875,3209890000,2827.3005126953126,2871.9031884765627,57.60697305863708,False,0.0,0.0
2019-06-11,2903.27001953125,2910.610107421875,2878.530029296875,2885.719970703125,3551000000,2830.9930053710937,2872.92958984375,53.78023235315467,False,0.0,0.0
2019-06-12,2882.72998046875,2888.570068359375,2874.679931640625,2879.840087890625,3039870000,2833.264514160156,2873.1825927734376,54.204281492591136,False,0.0,0.0
2019-06-13,2886.239990234375,2895.239990234375,2881.989990234375,2891.639892578125,3100640000,2835.2985107421873,2873.6705908203126,63.44542028349365,False,0.0,0.0
2019-06-14,2886.820068359375,2894.449951171875,2879.6201171875,2886.97998046875,2992810000,2835.831506347656,2873.9421923828127,61.764239969223105,False,0.0,0.0
2019-06-17,2889.75,2897.27001953125,2887.300048828125,2889.669921875,2828400000,2837.3385009765625,2874.14779296875,68.34078766592688,False,0.0,0.0
2019-06-18,2906.7099609375,2930.7900390625,2905.43994140625,2917.75,3441540000,2841.214501953125,2874.6479931640624,77.3119873935689,False,0.0,0.0
2019-06-19,2920.550048828125,2931.739990234375,2911.429931640625,2926.4599609375,3300220000,2844.3194946289063,2875.2617919921877,77.57293551186703,False,0.0,0.0
2019-06-20,2949.60009765625,2958.06005859375,2931.5,2954.179931640625,3943060000,2849.214990234375,2876.7813916015625,92.03130251482219,False,0.0,0.0
2019-06-21,2952.7099609375,2964.14990234375,2946.8701171875,2950.4599609375,5003540000,2855.6259887695314,2878.0263916015624,93.54478809627756,False,0.0,0.0
2019-06-24,2951.419921875,2954.919921875,2944.050048828125,2945.35009765625,3136960000,2861.5904907226563,2879.1669921875,88.85380085724586,False,0.0,0.0
2019-06-25,2945.780029296875,2946.52001953125,2916.010009765625,2917.3798828125,3579430000,2867.339990234375,2879.3663916015626,74.272370609021,False,0.0,0.0
2019-06-26,2926.070068359375,2932.590087890625,2912.989990234375,2913.780029296875,3511350000,2873.8779907226562,2879.530390625,70.17631888770534,False,0.0,0.0
2019-06-27,2919.659912109375,2929.300048828125,2918.570068359375,2924.919921875,3162500000,2880.6809814453127,2879.887587890625,66.58736925741509,True,0.0,0.0
2019-06-28,2932.93994140625,2943.97998046875,2929.050048828125,2941.760009765625,5422650000,2890.165979003906,2880.7137890625,67.31272322285803,True,0.0,0.0
2019-07-01,2971.409912109375,2977.929931640625,2952.219970703125,2964.330078125,3524860000,2901.1599853515627,2881.8997900390623,71.77691959122666,True,0.0,0.0
2019-07-02,2964.659912109375,2973.2099609375,2955.919921875,2973.010009765625,3224490000,2909.6469848632814,2883.2005908203123,75.41604839934253,True,0.0,0.0
2019-07-03,2978.080078125,2995.840087890625,2977.9599609375,2995.820068359375,1963570000,2918.1304931640625,2884.4433935546876,76.80913034081713,True,0.0,0.0
2019-07-05,2984.25,2994.030029296875,2967.969970703125,2990.409912109375,2434680000,2925.4764892578123,2885.706591796875,76.51369027130207,True,0.0,0.0
2019-07-08,2979.77001953125,2980.760009765625,2970.090087890625,2975.949951171875,2922360000,2930.606982421875,2886.7021923828124,70.85871791390983,True,0.0,0.0
2019-07-09,2965.52001953125,2981.89990234375,2963.43994140625,2979.6298828125,3033330000,2935.2519775390624,2887.4971923828125,66.9608346984443,True,0.0,0.0
2019-07-10,2989.300048828125,3002.97998046875,2984.6201171875,2993.070068359375,3157800000,2940.619482421875,2888.4979931640623,67.7959004235768,True,0.0,0.0
2019-07-11,2999.6201171875,3002.330078125,2988.800048828125,2999.909912109375,3155710000,2946.6229736328123,2889.57958984375,63.75172162656635,True,0.0,0.0
2019-07-12,3003.360107421875,3013.919921875,3001.8701171875,3013.77001953125,2984140000,2952.7294799804686,2891.380390625,67.94399481853812,True,0.0,0.0
2019-07-15,3017.800048828125,3017.800048828125,3008.77001953125,3014.300048828125,2876100000,2959.0954833984374,2893.3159912109377,70.06338295323926,True,0.0,0.0
2019-07-16,3012.1298828125,3015.02001953125,3001.14990234375,3004.0400390625,3297030000,2964.8139892578124,2894.483994140625,78.11448558158396,True,0.0,0.0
2019-07-17,3005.10009765625,3005.260009765625,2984.25,2984.419921875,3185650000,2968.1474853515624,2895.5229931640624,70.75929659417847,True,0.0,0.0
2019-07-18,2978.8701171875,2998.280029296875,2973.090087890625,2995.110107421875,3369820000,2971.5799926757813,2897.7441943359377,70.68180412141233,True,0.0,0.0
2019-07-19,3004.260009765625,3006.02001953125,2975.860107421875,2976.610107421875,3285890000,2972.7015014648437,2899.687998046875,60.1692379589999,True,0.0,0.0
2019-07-22,2981.929931640625,2990.7099609375,2976.64990234375,2985.030029296875,3016200000,2974.4300048828127,2901.97419921875,56.58393552966099,True,0.0,0.0
2019-07-23,2994.739990234375,3005.89990234375,2988.56005859375,3005.469970703125,3333810000,2977.435998535156,2904.4556005859376,59.60578676476963,True,0.0,0.0
2019-07-24,2998.77001953125,3019.590087890625,2996.820068359375,3019.56005859375,3433220000,2982.5450073242187,2908.6093994140624,57.40761337406394,True,0.0,0.0
2019-07-25,3016.260009765625,3016.31005859375,2997.239990234375,3003.669921875,3657050000,2987.039501953125,2911.994599609375,53.88354443413212,True,0.0,0.0
2019-07-26,3013.25,3027.97998046875,3012.590087890625,3025.860107421875,3260170000,2992.0865112304687,2915.4926025390623,63.98429954004055,True,0.0,0.0
2019-07-29,3024.469970703125,3025.610107421875,3014.300048828125,3020.969970703125,3224490000,2996.047009277344,2918.3856005859375,61.50503267467601,True,0.0,0.0
2019-07-30,3007.659912109375,3017.18994140625,3000.93994140625,3013.179931640625,3632770000,2998.489501953125,2921.4585986328125,55.778339609511356,True,0.0,0.0
2019-07-31,3016.219970703125,3017.39990234375,2958.080078125,2980.3798828125,4626330000,2998.8579956054687,2924.2615966796875,45.116783321796014,True,0.0,0.0
2019-08-01,2980.320068359375,3013.590087890625,2945.22998046875,2953.56005859375,4793810000,2996.7449951171875,2926.045595703125,35.86160401025495,True,0.0,0.0
2019-08-02,2943.89990234375,2945.5,2914.110107421875,2932.050048828125,3882810000,2993.827001953125,2927.5611962890625,32.41849998643144,True,0.0,0.0
2019-08-05,2898.070068359375,2898.070068359375,2822.1201171875,2844.739990234375,4542850000,2987.26650390625,2928.0111962890624,24.38582235150487,True,0.0,0.0
2019-08-06,2861.179931640625,2884.39990234375,2847.419921875,2881.77001953125,4156640000,2982.3735107421876,2929.1253955078123,34.369809502708534,True,0.0,0.0
2019-08-07,2858.64990234375,2892.169921875,2825.7099609375,2883.97998046875,4512720000,2976.9190063476562,2930.757197265625,32.629967388425754,True,1.0,1.0
2019-08-08,2896.2099609375,2938.719970703125,2894.469970703125,2938.090087890625,4118530000,2973.828015136719,2933.8585986328126,44.58228317526594,True,1.0,0.0
2019-08-09,2930.510009765625,2935.75,2900.14990234375,2918.64990234375,3356850000,2969.0720092773436,2936.45439453125,40.94456090147735,True,1.0,0.0
2019-08-12,2907.070068359375,2907.580078125,2873.139892578125,2882.699951171875,3328570000,2962.4920043945312,2939.0671923828127,33.93191964713657,True,1.0,0.0
2019-08-13,2880.719970703125,2943.31005859375,2877.050048828125,2926.320068359375,3857190000,2958.606005859375,2942.7045947265624,38.67239150694082,True,1.0,0.0
2019-08-14,2894.14990234375,2894.14990234375,2839.639892578125,2840.60009765625,4325150000,2951.4150146484376,2943.4511962890624,33.06262983219189,True,1.0,0.0
2019-08-15,2846.199951171875,2856.669921875,2825.510009765625,2847.60009765625,4041720000,2944.039514160156,2943.8802001953127,30.8816128557566,True,1.0,0.0
2019-08-16,2864.739990234375,2893.6298828125,2864.739990234375,2888.679931640625,3524080000,2939.6430053710938,2944.7839990234374,36.833933491755715,False,1.0,0.0
2019-08-19,2913.47998046875,2931.0,2913.47998046875,2923.64990234375,3221050000,2936.5739990234374,2945.7901953125,41.546913747009725,False,0.0,-1.0
2019-08-20,2919.010009765625,2923.6298828125,2899.60009765625,2900.510009765625,3067710000,2931.3260009765627,2946.0657958984375,42.31887379076622,False,0.0,0.0
2019-08-21,2922.0400390625,2928.72998046875,2917.909912109375,2924.429931640625,3016540000,2926.5694946289063,2946.8399951171873,47.18282756591787,False,0.0,0.0
2019-08-22,2930.93994140625,2939.080078125,2904.510009765625,2922.949951171875,2893660000,2922.53349609375,2947.7021923828124,49.08446033905965,False,0.0,0.0
2019-08-23,2911.070068359375,2927.010009765625,2834.969970703125,2847.110107421875,3942520000,2913.59599609375,2946.8115966796877,50.24408542889441,False,0.0,0.0
2019-08-26,2866.699951171875,2879.27001953125,2856.0,2878.3798828125,2859790000,2906.4664916992188,2946.6395947265623,49.646676376323505,False,0.0,0.0
2019-08-27,2893.139892578125,2898.7900390625,2860.590087890625,2869.159912109375,3537490000,2899.265490722656,2946.22939453125,48.47768069187623,False,0.0,0.0
2019-08-28,2861.280029296875,2890.030029296875,2853.050048828125,2887.93994140625,3102480000,2894.6434936523438,2945.633193359375,44.44540589652553,False,0.0,0.0
2019-08-29,2910.3701171875,2930.5,2905.669921875,2924.580078125,3177150000,2893.1944946289063,2945.595595703125,50.632714875598204,False,0.0,0.0
2019-08-30,2937.090087890625,2940.429931640625,2913.320068359375,2926.4599609375,3009910000,2892.914990234375,2945.0411962890626,55.034986839554925,False,0.0,0.0
2019-09-03,2909.010009765625,2914.389892578125,2891.85009765625,2906.27001953125,3427830000,2895.991491699219,2944.1573974609373,47.56158754383204,False,0.0,0.0
2019-09-04,2924.669921875,2938.840087890625,2921.860107421875,2937.780029296875,3167900000,2898.7919921875,2944.00599609375,63.61371628540414,False,0.0,0.0
2019-09-05,2960.60009765625,2985.860107421875,2960.60009765625,2976.0,3902600000,2903.3929931640623,2945.1783984375,66.54044676812063,False,0.0,0.0
2019-09-06,2980.330078125,2985.030029296875,2972.510009765625,2978.7099609375,3209340000,2905.4239868164063,2946.4769970703123,62.8699163441303,False,0.0,0.0
2019-09-09,2988.429931640625,2989.429931640625,2969.389892578125,2978.429931640625,4031120000,2908.41298828125,2947.547197265625,58.69305304265961,False,0.0,0.0
2019-09-10,2971.010009765625,2979.389892578125,2957.010009765625,2979.389892578125,4393040000,2913.2474853515623,2948.299794921875,63.46535346698719,False,0.0,0.0
2019-09-11,2981.409912109375,3000.929931640625,2975.31005859375,3000.929931640625,3934370000,2916.977978515625,2949.0317919921877,63.16606833124924,False,0.0,0.0
2019-09-12,3009.080078125,3020.739990234375,3000.919921875,3009.570068359375,3796990000,2925.426477050781,2949.7629931640627,64.5492152848857,False,0.0,0.0
2019-09-13,3012.2099609375,3017.330078125,3002.89990234375,3007.389892578125,3557010000,2933.415966796875,2949.9943896484374,85.77354057276375,False,0.0,0.0
2019-09-16,2996.409912109375,3002.18994140625,2990.669921875,2997.9599609375,4285860000,2938.8799682617187,2950.145390625,79.57265163682031,False,0.0,0.0
2019-09-17,2995.669921875,3006.2099609375,2993.72998046875,3005.699951171875,3673250000,2942.982470703125,2950.740390625,84.01592082406808,False,0.0,0.0
2019-09-18,3001.5,3007.830078125,2978.570068359375,3006.72998046875,3458800000,2948.2934692382814,2951.282392578125,82.46513043060516,False,0.0,0.0
2019-09-19,3010.360107421875,3021.989990234375,3003.159912109375,3006.7900390625,3265660000,2952.411474609375,2951.5567919921873,78.0829046656392,True,0.0,0.0
2019-09-20,3008.419921875,3016.3701171875,2984.679931640625,2992.070068359375,6103440000,2955.86748046875,2951.3999951171877,70.60486869848572,True,0.0,0.0
2019-09-23,2983.5,2999.14990234375,2982.22998046875,2991.780029296875,3187250000,2963.1009765625,2950.9601953125,80.69048307527842,True,0.0,0.0
2019-09-24,3002.429931640625,3007.97998046875,2957.72998046875,2966.60009765625,3872800000,2967.5119873046874,2950.0061962890627,60.83622337232208,True,0.0,0.0
2019-09-25,2968.35009765625,2989.820068359375,2952.860107421875,2984.8701171875,3331200000,2973.297497558594,2949.6227978515626,53.923779407825954,True,0.0,0.0
2019-09-26,2985.72998046875,2987.280029296875,2963.7099609375,2977.6201171875,3084910000,2977.7815063476564,2949.4868017578124,49.53651405408998,True,0.0,0.0
2019-09-27,2985.469970703125,2987.31005859375,2945.530029296875,2961.7900390625,3246480000,2979.6420043945313,2948.820400390625,43.75005731200287,True,0.0,0.0
2019-09-30,2967.070068359375,2983.85009765625,2967.070068359375,2976.739990234375,3249130000,2982.156005859375,2948.822998046875,49.09934878286788,True,0.0,0.0
2019-10-01,2983.68994140625,2992.530029296875,2938.699951171875,2940.25,3560750000,2983.8550048828124,2947.9273974609373,31.278594875858502,True,0.0,0.0
2019-10-02,2924.780029296875,2924.780029296875,2874.929931640625,2887.610107421875,3914180000,2981.3465087890627,2945.5702001953123,20.406695560068343,True,0.0,0.0
2019-10-03,2885.3798828125,2911.1298828125,2855.93994140625,2910.6298828125,3515130000,2978.0780029296875,2943.3915966796876,28.677797372659867,True,0.0,0.0
2019-10-04,2918.56005859375,2953.739990234375,2918.56005859375,2952.010009765625,3005600000,2976.7430053710937,2942.3583984375,41.12420761538092,True,0.0,0.0
2019-10-07,2944.22998046875,2959.75,2935.679931640625,2938.7900390625,2959050000,2974.7610107421874,2940.6169970703127,37.34348085102452,True,1.0,1.0
2019-10-08,2920.39990234375,2925.469970703125,2892.659912109375,2893.06005859375,3370700000,2970.4445190429688,2938.058798828125,31.608581545379707,True,1.0,0.0
2019-10-09,2911.10009765625,2929.320068359375,2907.409912109375,2919.39990234375,2735350000,2966.368017578125,2936.1831982421877,36.96873807727816,True,1.0,0.0
2019-10-10,2918.550048828125,2948.4599609375,2917.1201171875,2938.1298828125,3234400000,2962.796008300781,2935.3381982421874,42.051713382638304,True,1.0,0.0
2019-10-11,2963.070068359375,2993.280029296875,2963.070068359375,2970.27001953125,3581320000,2960.9400146484377,2935.6723974609376,47.10240207431242,True,1.0,0.0
2019-10-14,2965.81005859375,2972.840087890625,2962.93994140625,2966.14990234375,2559270000,2959.34951171875,2936.35439453125,49.935706565321986,True,1.0,0.0
2019-10-15,2973.610107421875,3003.280029296875,2973.610107421875,2995.679931640625,3345090000,2958.8485107421875,2939.373193359375,51.49567178386821,True,1.0,0.0
2019-10-16,2989.679931640625,2997.5400390625,2985.199951171875,2989.68994140625,3230320000,2957.9965087890623,2941.531591796875,51.6758530450641,True,1.0,0.0
2019-10-17,3000.77001953125,3008.2900390625,2991.7900390625,2997.949951171875,3103470000,2957.5545043945312,2943.8109912109376,55.12848657516639,True,1.0,0.0
2019-10-18,2996.840087890625,3000.0,2976.31005859375,2986.199951171875,3268970000,2957.2609985351564,2944.7731884765626,51.3539768089365,True,1.0,0.0
2019-10-21,2996.47998046875,3007.330078125,2995.35009765625,3006.719970703125,3271960000,2958.0079956054688,2946.53458984375,59.96940276810477,True,1.0,0.0
2019-10-22,3010.72998046875,3014.570068359375,2995.0400390625,2995.989990234375,3527540000,2959.477490234375,2948.800390625,68.59258514683955,True,1.0,0.0
2019-10-23,2994.010009765625,3004.780029296875,2991.2099609375,3004.52001953125,3413600000,2960.4599853515624,2950.3643896484373,66.94950064787963,True,1.0,0.0
2019-10-24,3014.780029296875,3016.070068359375,3000.419921875,3010.2900390625,3696510000,2962.0934814453126,2953.7581884765623,62.07325227010421,True,1.0,0.0
2019-10-25,3003.320068359375,3027.389892578125,3001.93994140625,3022.550048828125,3379060000,2965.131481933594,2957.2571875,67.4209564741403,True,1.0,0.0
2019-10-28,3032.1201171875,3044.080078125,3032.1201171875,3039.419921875,3524970000,2968.265478515625,2960.2719873046876,84.593891522826,True,1.0,0.0
2019-10-29,3035.389892578125,3047.8701171875,3034.81005859375,3036.889892578125,3594430000,2973.0974731445312,2962.536787109375,81.29224142751804,True,0.0,-1.0
2019-10-30,3039.739990234375,3050.10009765625,3025.9599609375,3046.77001953125,3779660000,2981.05546875,2965.4619873046877,80.36670151523009,True,0.0,0.0
2019-10-31,3046.89990234375,3046.89990234375,3023.18994140625,3037.56005859375,4149310000,2987.4019775390625,2967.72458984375,71.5742080116223,True,0.0,0.0
2019-11-01,3050.719970703125,3066.949951171875,3050.719970703125,3066.909912109375,3956290000,2993.14697265625,2970.6037890625,77.80661435657373,True,0.0,0.0
2019-11-04,3078.9599609375,3085.199951171875,3074.8701171875,3078.27001953125,4178040000,3000.1209716796875,2975.2269873046876,75.33282710962739,True,0.0,0.0
2019-11-05,3080.800048828125,3083.949951171875,3072.14990234375,3074.6201171875,4490590000,3009.198974609375,2979.1517919921876,76.43001714014807,True,0.0,0.0
2019-11-06,3075.10009765625,3078.340087890625,3065.889892578125,3076.780029296875,4465510000,3017.067980957031,2983.3041943359376,75.49982783620115,True,0.0,0.0
2019-11-07,3087.02001953125,3097.77001953125,3080.22998046875,3085.179931640625,4151990000,3024.4204833984377,2987.248994140625,82.72720521282022,True,0.0,0.0
2019-11-08,3081.25,3093.090087890625,3073.580078125,3093.080078125,3508160000,3030.560986328125,2990.618994140625,81.15447283360196,True,0.0,0.0
2019-11-11,3080.330078125,3088.330078125,3075.820068359375,3087.010009765625,3041120000,3036.6039916992186,2993.8299951171875,83.97792270760347,True,0.0,0.0
2019-11-12,3089.280029296875,3102.610107421875,3084.72998046875,3091.840087890625,3495560000,3041.411999511719,2997.541396484375,83.52275602994023,True,0.0,0.0
2019-11-13,3084.179931640625,3098.06005859375,3078.800048828125,3094.0400390625,3513720000,3046.629504394531,3000.6665966796877,83.05836095906253,True,0.0,0.0
2019-11-14,3090.75,3098.199951171875,3083.260009765625,3096.6298828125,3282090000,3051.5635009765624,3003.0791943359377,81.6581147713733,True,0.0,0.0
2019-11-15,3107.919921875,3120.4599609375,3104.60009765625,3120.4599609375,3359800000,3058.276501464844,3005.9141943359373,82.68798991609879,True,0.0,0.0
2019-11-18,3117.909912109375,3124.169921875,3112.06005859375,3122.030029296875,3440140000,3064.0420043945314,3008.7861962890624,84.60981167428862,True,0.0,0.0
2019-11-19,3127.449951171875,3127.639892578125,3113.469970703125,3120.179931640625,3613670000,3070.251501464844,3011.6019970703123,81.92568966505775,True,0.0,0.0
2019-11-20,3114.659912109375,3118.969970703125,3091.409912109375,3108.4599609375,4041010000,3075.4484985351564,3013.75259765625,80.17531244934517,True,0.0,0.0
2019-11-21,3108.489990234375,3110.110107421875,3094.550048828125,3103.5400390625,3744010000,3080.1109985351563,3015.6319970703125,69.68302403622883,True,0.0,0.0
2019-11-22,3111.409912109375,3112.8701171875,3099.260009765625,3110.2900390625,3235270000,3084.497998046875,3017.69,68.10269151138716,True,0.0,0.0
2019-11-25,3117.43994140625,3133.830078125,3117.43994140625,3133.639892578125,3514310000,3089.2089965820314,3020.4035986328126,77.28862308975687,True,0.0,0.0
2019-11-26,3134.85009765625,3142.68994140625,3131.0,3140.52001953125,4600450000,3094.3905029296875,3023.1,78.23849440268239,True,0.0,0.0
2019-11-27,3145.489990234375,3154.260009765625,3143.409912109375,3153.6298828125,3035470000,3099.73349609375,3026.037998046875,79.11027956649853,True,0.0,0.0
2019-11-29,3147.179931640625,3150.300048828125,3139.340087890625,3140.97998046875,1743420000,3104.9044921875,3028.721796875,69.57977893186327,True,0.0,0.0
2019-12-02,3143.85009765625,3144.31005859375,3110.780029296875,3113.8701171875,3285750000,3107.2525024414062,3031.1577978515625,59.36808690720894,True,0.0,0.0
2019-12-03,3087.409912109375,3094.969970703125,3070.330078125,3093.199951171875,3671580000,3107.9989990234376,3033.1861962890625,50.42709352504746,True,0.0,0.0
2019-12-04,3103.5,3119.3798828125,3102.530029296875,3112.760009765625,3702980000,3109.9059936523436,3036.10939453125,55.30131127547571,True,0.0,0.0
2019-12-05,3119.2099609375,3119.449951171875,3103.760009765625,3117.429931640625,3360480000,3111.9384887695314,3038.7605908203127,55.821781609902295,True,0.0,0.0
2019-12-06,3134.6201171875,3150.60009765625,3134.6201171875,3145.909912109375,3483310000,3114.974987792969,3042.12638671875,56.94254450519809,True,0.0,0.0
2019-12-09,3141.860107421875,3148.8701171875,3135.4599609375,3135.9599609375,3400470000,3117.1189819335937,3045.60978515625,53.63383812329714,True,0.0,0.0
2019-12-10,3135.360107421875,3142.1201171875,3126.090087890625,3132.52001953125,3346310000,3119.394482421875,3048.7253857421874,53.19262093682217,True,0.0,0.0
2019-12-11,3135.75,3143.97998046875,3133.2099609375,3141.6298828125,3257650000,3121.8839721679688,3052.7529833984377,58.69919323857088,True,0.0,0.0
2019-12-12,3141.22998046875,3176.280029296875,3138.469970703125,3168.570068359375,4003200000,3125.6104736328125,3058.3721826171877,65.28897537008018,True,0.0,0.0
2019-12-13,3166.64990234375,3182.679931640625,3156.510009765625,3168.800048828125,3757650000,3129.2189819335936,3063.5355859375,64.19114886622161,True,0.0,0.0
2019-12-16,3183.6298828125,3197.7099609375,3183.6298828125,3191.449951171875,4070200000,3132.7684814453123,3068.324384765625,64.0691508956391,True,0.0,0.0
2019-12-17,3195.39990234375,3198.219970703125,3191.030029296875,3192.52001953125,3842940000,3136.2929809570314,3073.398984375,63.02346513004388,True,0.0,0.0
2019-12-18,3195.2099609375,3198.47998046875,3191.139892578125,3191.139892578125,4029950000,3139.8409790039063,3079.3605810546874,59.98084915919494,True,0.0,0.0
2019-12-19,3192.320068359375,3205.47998046875,3192.320068359375,3205.3701171875,3784360000,3144.686486816406,3085.0799853515623,66.99035755882869,True,0.0,0.0
2019-12-20,3223.330078125,3225.64990234375,3216.030029296875,3221.219970703125,6457480000,3150.5704833984373,3090.741787109375,80.11550194443798,True,0.0,0.0
2019-12-23,3226.050048828125,3227.780029296875,3222.300048828125,3224.010009765625,3064530000,3156.256481933594,3095.8165869140626,90.78889271217459,True,0.0,0.0
2019-12-24,3225.449951171875,3226.429931640625,3220.510009765625,3223.3798828125,1296530000,3160.7434814453127,3100.9611865234374,89.11036034091948,True,0.0,0.0
2019-12-26,3227.199951171875,3240.080078125,3227.199951171875,3239.909912109375,2164540000,3165.7129760742187,3105.8457861328125,89.95294949636529,True,0.0,0.0
2019-12-27,3247.22998046875,3247.929931640625,3234.3701171875,3240.02001953125,2429150000,3170.0324829101564,3110.8523876953127,87.67104545641114,True,0.0,0.0
2019-12-30,3240.090087890625,3240.919921875,3216.570068359375,3221.2900390625,3021720000,3174.047985839844,3115.319189453125,81.91330835141235,True,0.0,0.0
2019-12-31,3215.179931640625,3231.719970703125,3212.030029296875,3230.780029296875,2894760000,3179.8934814453123,3120.210791015625,85.15803395314626,True,0.0,0.0
2020-01-02,3244.669921875,3258.139892578125,3235.530029296875,3257.85009765625,3459930000,3188.1259887695314,3125.2333935546876,86.84835480584944,True,0.0,0.0
2020-01-03,3226.360107421875,3246.14990234375,3222.340087890625,3234.85009765625,3484700000,3194.2304931640624,3130.010595703125,71.55300943310846,True,0.0,0.0
2020-01-06,3217.550048828125,3246.840087890625,3214.639892578125,3246.280029296875,3702460000,3200.672998046875,3134.8457958984377,73.48441121362544,True,0.0,0.0
2020-01-07,3241.860107421875,3244.909912109375,3232.429931640625,3237.179931640625,3435910000,3205.2364990234373,3139.38359375,65.10130962401118,True,0.0,0.0
2020-01-08,3238.590087890625,3267.070068359375,3236.669921875,3253.050048828125,3726840000,3211.0910034179688,3143.99359375,68.20882521860344,True,0.0,0.0
2020-01-09,3266.030029296875,3275.580078125,3263.669921875,3274.699951171875,3641230000,3218.2,3148.6991943359376,72.40450679737741,True,0.0,0.0
2020-01-10,3281.81005859375,3282.989990234375,3260.860107421875,3265.35009765625,3214580000,3224.3860107421874,3153.2683984375,66.51430292242624,True,0.0,0.0
2020-01-13,3271.1298828125,3288.1298828125,3268.429931640625,3288.1298828125,3459390000,3230.3640014648436,3158.095595703125,67.74516037548933,True,0.0,0.0
2020-01-14,3285.35009765625,3294.25,3277.18994140625,3283.14990234375,3687620000,3236.081494140625,3163.007392578125,65.50437858187968,True,0.0,0.0
2020-01-15,3282.27001953125,3298.659912109375,3280.68994140625,3289.2900390625,3721490000,3240.973498535156,3167.4549951171875,66.79410966982599,True,0.0,0.0
2020-01-16,3302.969970703125,3317.110107421875,3302.820068359375,3316.81005859375,3540580000,3247.1880004882814,3172.2257958984374,68.55519673693672,True,0.0,0.0
2020-01-17,3323.659912109375,3329.8798828125,3318.860107421875,3329.6201171875,3726220000,3254.11201171875,3177.3257958984377,70.37107345535928,True,0.0,0.0
2020-01-21,3321.030029296875,3329.7900390625,3316.610107421875,3320.7900390625,4104840000,3259.8830078125,3182.20599609375,73.6882179665722,True,0.0,0.0
2020-01-22,3330.02001953125,3337.77001953125,3320.0400390625,3321.75,3623780000,3264.9095092773437,3186.9373974609375,72.57431513032184,True,0.0,0.0
2020-01-23,3315.77001953125,3326.8798828125,3301.8701171875,3325.5400390625,3766710000,3269.9860107421873,3191.5865966796873,68.99162680081321,True,0.0,0.0
2020-01-24,3333.10009765625,3333.179931640625,3281.530029296875,3295.469970703125,3708780000,3273.5905151367188,3195.7557958984376,66.35898733309878,True,0.0,0.0
2020-01-27,3247.159912109375,3258.85009765625,3234.5,3243.6298828125,3831050000,3273.776513671875,3198.791591796875,49.41287954592412,True,0.0,0.0
2020-01-28,3255.35009765625,3285.780029296875,3253.219970703125,3276.239990234375,3531570000,3275.587512207031,3202.4355908203124,57.83708426567809,True,0.0,0.0
2020-01-29,3289.4599609375,3293.469970703125,3271.889892578125,3273.39990234375,3600250000,3278.193005371094,3205.9709912109374,54.30830317371218,True,0.0,0.0
2020-01-30,3256.449951171875,3285.909912109375,3242.800048828125,3283.659912109375,3790350000,3280.8369995117187,3209.234990234375,51.99304876724231,True,0.0,0.0
2020-01-31,3282.330078125,3282.330078125,3214.679931640625,3225.52001953125,4529700000,3279.220495605469,3211.3047900390625,42.72032155810035,True,0.0,0.0
2020-02-03,3235.659912109375,3268.43994140625,3235.659912109375,3248.919921875,3760460000,3279.9239868164063,3213.87958984375,42.849866973440996,True,0.0,0.0
2020-02-04,3280.610107421875,3306.919921875,3280.610107421875,3297.590087890625,3996900000,3282.4894897460936,3217.6621923828125,52.27132213397602,True,0.0,0.0
2020-02-05,3324.909912109375,3337.580078125,3313.75,3334.68994140625,4121480000,3287.364990234375,3222.2851904296876,56.507261084088604,True,0.0,0.0
2020-02-06,3344.919921875,3347.9599609375,3334.389892578125,3345.780029296875,3887250000,3292.0014892578124,3226.994990234375,54.35756081474611,True,0.0,0.0
2020-02-07,3335.5400390625,3341.419921875,3322.1201171875,3327.7099609375,3733920000,3294.651989746094,3230.8763916015623,49.71715670183892,True,0.0,0.0
2020-02-10,3318.280029296875,3352.260009765625,3317.77001953125,3352.090087890625,3462730000,3298.9889892578126,3235.10779296875,54.4306675946975,True,0.0,0.0
2020-02-11,3365.8701171875,3375.6298828125,3352.719970703125,3357.75,3762940000,3302.4699951171874,3239.1901953125,55.029051009452665,True,0.0,0.0
2020-02-12,3370.5,3381.469970703125,3369.719970703125,3379.449951171875,3930910000,3307.2849975585937,3243.9595947265625,57.17210785233997,True,0.0,0.0
2020-02-13,3365.89990234375,3385.090087890625,3360.52001953125,3373.93994140625,3500890000,3311.5174926757813,3249.1609912109375,61.16945822325919,True,0.0,0.0
2020-02-14,3378.080078125,3380.68994140625,3366.14990234375,3380.159912109375,3419700000,3314.6849853515623,3254.9001904296874,72.33436346542933,True,0.0,0.0
2020-02-18,3369.0400390625,3375.010009765625,3355.610107421875,3370.2900390625,3750400000,3316.7184814453126,3260.050791015625,66.62190768200526,True,0.0,0.0
2020-02-19,3380.389892578125,3393.52001953125,3378.830078125,3386.14990234375,3614200000,3319.986474609375,3265.4251904296875,69.05013331925342,True,0.0,0.0
2020-02-20,3380.449951171875,3389.14990234375,3341.02001953125,3373.22998046875,4019180000,3322.5604736328123,3269.971591796875,64.99885938367471,True,0.0,0.0
2020-02-21,3360.5,3360.760009765625,3328.449951171875,3337.75,3908780000,3323.1709716796877,3274.007392578125,70.33669908547807,True,0.0,0.0
2020-02-24,3257.610107421875,3259.81005859375,3214.64990234375,3225.889892578125,4851160000,3319.6919677734377,3275.8747900390626,46.83991930539931,True,0.0,0.0
2020-02-25,3238.93994140625,3246.989990234375,3118.77001953125,3128.2099609375,5596760000,3313.9209716796877,3275.6063916015623,29.51375580602202,True,0.0,0.0
2020-02-26,3139.89990234375,3182.510009765625,3108.989990234375,3116.389892578125,5484650000,3305.928466796875,3274.5627880859374,21.877238968157656,True,0.0,0.0
2020-02-27,3062.5400390625,3097.070068359375,2977.389892578125,2978.760009765625,7064710000,3291.1964721679688,3270.7619873046874,14.343425143474107,True,0.0,0.0
2020-02-28,2916.89990234375,2959.719970703125,2855.840087890625,2954.219970703125,8569570000,3274.724475097656,3266.0173876953127,14.16534749527652,True,0.0,0.0
2020-03-02,2974.280029296875,3090.9599609375,2945.18994140625,3090.22998046875,6381330000,3267.9599731445314,3263.9715869140623,29.30808636371178,True,0.0,0.0
2020-03-03,3096.4599609375,3136.719970703125,2976.6298828125,3003.3701171875,6376510000,3255.682482910156,3260.21619140625,25.18207290575978,False,0.0,0.0
2020-03-04,3045.75,3130.969970703125,3034.3798828125,3130.1201171875,5073020000,3247.308984375,3258.71119140625,34.778575374039065,False,0.0,0.0
2020-03-05,3075.699951171875,3083.0400390625,2999.830078125,3023.93994140625,5579290000,3231.771484375,3254.7655908203124,30.971635844680975,False,0.0,0.0
2020-03-06,2954.199951171875,2985.929931640625,2901.5400390625,2972.3701171875,6555240000,3213.1009887695313,3249.73279296875,28.871641872604997,False,0.0,0.0
2020-03-09,2863.889892578125,2863.889892578125,2734.429931640625,2746.56005859375,8441290000,3184.043493652344,3240.196396484375,23.592465308815832,False,0.0,0.0
2020-03-10,2813.47998046875,2882.590087890625,2734.0,2882.22998046875,7642040000,3160.55048828125,3233.0427978515627,30.630083292135836,False,0.0,0.0
2020-03-11,2825.60009765625,2825.60009765625,2707.219970703125,2741.3798828125,7431200000,3129.731982421875,3223.0699951171873,27.887390900472255,False,0.0,0.0
2020-03-12,2630.860107421875,2660.949951171875,2478.860107421875,2480.639892578125,8850810000,3084.7914794921876,3208.2569921875,24.08930867537137,False,0.0,0.0
2020-03-13,2569.989990234375,2711.330078125,2492.3701171875,2711.02001953125,8299070000,3051.6454833984376,3197.8617919921876,35.476085171606684,False,0.0,0.0
2020-03-16,2508.590087890625,2562.97998046875,2380.93994140625,2386.1298828125,7805450000,3001.943981933594,3180.4273876953125,31.445216641361753,False,0.0,0.0
2020-03-17,2425.659912109375,2553.929931640625,2367.0400390625,2529.18994140625,8370250000,2959.8889770507812,3166.3141845703126,36.222045199706564,False,0.0,0.0
2020-03-18,2436.5,2453.570068359375,2280.52001953125,2398.10009765625,8799300000,2910.4864868164063,3149.3505859375,36.333556014146,False,0.0,0.0
2020-03-19,2393.47998046875,2466.969970703125,2319.780029296875,2409.389892578125,7956100000,2862.294482421875,3132.79478515625,37.09636683022503,False,0.0,0.0
2020-03-20,2431.93994140625,2453.010009765625,2295.56005859375,2304.919921875,9053950000,2810.652978515625,3113.8321826171873,31.118812897081753,False,0.0,0.0
2020-03-23,2290.7099609375,2300.72998046875,2191.860107421875,2237.39990234375,7411380000,2761.228479003906,3093.086181640625,31.41092653918193,False,0.0,0.0
2020-03-24,2344.43994140625,2449.7099609375,2344.43994140625,2447.330078125,7563150000,2727.1844848632813,3076.72578125,34.072640443064884,False,0.0,0.0
2020-03-25,2457.77001953125,2571.419921875,2407.530029296875,2475.56005859375,8300010000,2695.1429931640623,3060.474384765625,36.7252509607238,False,0.0,0.0
2020-03-26,2501.2900390625,2637.010009765625,2500.719970703125,2630.070068359375,7766990000,2677.70849609375,3047.4127880859373,42.107228709612805,False,0.0,0.0
2020-03-27,2555.8701171875,2615.909912109375,2520.02001953125,2541.469970703125,6201670000,2657.07099609375,3032.45638671875,44.95157945648269,False,0.0,0.0
2020-03-30,2558.97998046875,2631.800048828125,2545.280029296875,2626.64990234375,5751120000,2633.8919921875,3018.65318359375,43.548369602194576,False,0.0,0.0
2020-03-31,2614.68994140625,2641.389892578125,2571.14990234375,2584.590087890625,6576210000,2612.952990722656,3003.7525830078125,45.834379261142324,False,0.0,0.0
2020-04-01,2498.080078125,2522.75,2447.489990234375,2470.5,5964000000,2579.9719848632812,2986.7467822265626,49.70783460229334,False,0.0,0.0
2020-04-02,2458.5400390625,2533.219970703125,2455.7900390625,2526.89990234375,6464190000,2555.119982910156,2970.8497802734373,44.10370270294782,False,0.0,0.0
2020-04-03,2514.919921875,2538.179931640625,2459.9599609375,2488.64990234375,6096970000,2530.933972167969,2954.1119775390625,54.021403201784764,False,0.0,0.0
2020-04-06,2578.280029296875,2676.85009765625,2574.570068359375,2663.679931640625,6403840000,2526.7899658203123,2941.4761767578125,55.146367635350806,False,0.0,0.0
2020-04-07,2738.64990234375,2756.889892578125,2657.669921875,2659.409912109375,7050410000,2515.648962402344,2929.79177734375,61.074046736496825,False,0.0,0.0
2020-04-08,2685.0,2760.75,2663.300048828125,2749.97998046875,5875710000,2516.078967285156,2919.2665771484376,63.52503192067966,False,0.0,0.0
2020-04-09,2776.989990234375,2818.570068359375,2762.360107421875,2789.820068359375,7899550000,2531.537976074219,2909.59498046875,70.29753764416441,False,0.0,0.0
2020-04-13,2782.4599609375,2782.4599609375,2721.169921875,2761.6298828125,5319530000,2534.068469238281,2899.1543798828125,72.69098399322328,False,0.0,0.0
2020-04-14,2805.10009765625,2851.85009765625,2805.10009765625,2846.06005859375,5615730000,2557.064978027344,2891.5651806640626,69.36239640654728,False,0.0,0.0
2020-04-15,2795.639892578125,2801.8798828125,2761.5400390625,2783.360107421875,5208000000,2569.773486328125,2882.253984375,64.46265197124697,False,0.0,0.0
2020-04-16,2799.340087890625,2806.510009765625,2764.320068359375,2799.550048828125,5228810000,2589.845983886719,2872.29318359375,59.15316087907474,False,0.0,0.0
2020-04-17,2842.429931640625,2879.219970703125,2830.8798828125,2874.56005859375,5804810000,2613.1044921875,2863.0905859375,68.25730988517597,False,0.0,0.0
2020-04-20,2845.6201171875,2868.97998046875,2820.429931640625,2823.159912109375,5228630000,2639.016491699219,2852.63818359375,61.18529170375851,False,0.0,0.0
2020-04-21,2784.81005859375,2785.5400390625,2727.10009765625,2736.56005859375,5121010000,2663.974499511719,2840.815185546875,58.23265626888811,False,0.0,0.0
2020-04-22,2787.889892578125,2815.10009765625,2775.949951171875,2799.31005859375,5084920000,2681.5734985351564,2829.7595849609374,68.86178301595598,False,0.0,0.0
2020-04-23,2810.419921875,2844.89990234375,2794.260009765625,2797.800048828125,5773530000,2697.685498046875,2818.5605859375,66.58422434117134,False,0.0,0.0
2020-04-24,2812.639892578125,2842.7099609375,2791.760009765625,2836.739990234375,5382810000,2708.018994140625,2807.70638671875,71.29172584034085,False,0.0,0.0
2020-04-27,2854.64990234375,2887.719970703125,2852.889892578125,2878.47998046875,5203930000,2724.869494628906,2797.7971875,65.69853606348353,False,0.0,0.0
2020-04-28,2909.9599609375,2921.14990234375,2860.7099609375,2863.389892578125,5691160000,2736.706494140625,2787.461787109375,64.67565389498475,False,0.0,0.0
2020-04-29,2918.4599609375,2954.860107421875,2912.159912109375,2939.510009765625,6645640000,2754.452490234375,2778.8461865234376,63.9255771836616,False,0.0,0.0
2020-04-30,2930.909912109375,2930.909912109375,2892.469970703125,2912.429931640625,6544980000,2776.5489868164063,2769.371787109375,59.18081419879156,True,0.0,0.0
2020-05-01,2869.090087890625,2869.090087890625,2821.610107421875,2830.7099609375,4759810000,2791.7394897460936,2758.52138671875,54.788712562162274,True,0.0,0.0
2020-05-04,2815.010009765625,2844.239990234375,2797.85009765625,2842.739990234375,4735930000,2809.443994140625,2748.6211865234377,49.744169360297356,True,0.0,0.0
2020-05-05,2868.8798828125,2898.22998046875,2863.550048828125,2868.43994140625,5140290000,2819.681994628906,2741.4721875,56.9523285882835,True,0.0,0.0
2020-05-06,2883.139892578125,2891.110107421875,2847.64990234375,2848.419921875,4892570000,2829.1324951171873,2735.87638671875,53.96857747718134,True,0.0,0.0
2020-05-07,2878.260009765625,2901.919921875,2876.47998046875,2881.18994140625,5178790000,2835.6929931640625,2731.1723876953124,50.5780494471109,True,0.0,0.0
2020-05-08,2908.830078125,2932.159912109375,2902.8798828125,2929.800048828125,4876030000,2842.6919921875,2730.1931884765627,59.34324874460216,True,0.0,0.0
2020-05-11,2915.4599609375,2944.25,2903.43994140625,2930.18994140625,4819730000,2851.1199951171875,2729.712587890625,69.98367256436487,True,0.0,0.0
2020-05-12,2939.5,2945.820068359375,2869.590087890625,2870.1201171875,5119630000,2852.322998046875,2725.310390625,57.34864285815633,True,0.0,0.0
2020-05-13,2865.860107421875,2874.139892578125,2793.14990234375,2820.0,6151650000,2854.154992675781,2721.64298828125,52.09275500007135,True,0.0,0.0
2020-05-14,2794.5400390625,2852.800048828125,2766.639892578125,2852.5,5651130000,2856.802490234375,2716.0905859375,51.503931941098,True,0.0,0.0
2020-05-15,2829.949951171875,2865.010009765625,2816.780029296875,2863.699951171875,5507700000,2856.259484863281,2712.8857861328124,48.5022876733815,True,0.0,0.0
2020-05-18,2913.860107421875,2968.090087890625,2913.860107421875,2953.909912109375,6373670000,2862.796984863281,2712.51658203125,57.96074271923874,True,0.0,0.0
2020-05-19,2948.590087890625,2964.2099609375,2922.35009765625,2922.93994140625,4984330000,2872.1159790039064,2716.0441796875,48.41704352774623,True,0.0,0.0
2020-05-20,2953.6298828125,2980.2900390625,2953.6298828125,2971.610107421875,5005380000,2880.7309814453124,2717.8317822265626,55.42957336986468,True,0.0,0.0
2020-05-21,2969.949951171875,2978.5,2938.570068359375,2948.510009765625,4976620000,2888.2664794921875,2721.974384765625,62.11037326360566,True,0.0,0.0
2020-05-22,2948.050048828125,2956.760009765625,2933.590087890625,2955.449951171875,3970860000,2894.2019775390627,2731.4705859375,61.7096387021238,True,0.0,0.0
2020-05-26,3004.080078125,3021.719970703125,2988.169921875,2991.77001953125,5848500000,2899.8664794921874,2737.0855859375,62.536343882365436,True,0.0,0.0
2020-05-27,3015.64990234375,3036.25,2969.75,3036.1298828125,6398000000,2908.5034790039062,2750.0855859375,68.18084652571463,True,0.0,0.0
2020-05-28,3046.610107421875,3068.669921875,3023.39990234375,3029.72998046875,5447020000,2913.0144775390627,2760.09638671875,65.16148292570121,True,0.0,0.0
2020-05-29,3025.169921875,3049.169921875,2998.610107421875,3044.31005859375,7297550000,2919.6084838867187,2773.0205859375,62.5606093796781,True,0.0,0.0
2020-06-01,3038.780029296875,3062.179931640625,3031.5400390625,3055.72998046875,4684170000,2930.859484863281,2785.9473876953125,63.445152275477476,True,0.0,0.0
2020-06-02,3064.780029296875,3081.070068359375,3051.639892578125,3080.820068359375,5197150000,2942.7634887695312,2801.465390625,74.39333718112292,True,0.0,0.0
2020-06-03,3098.89990234375,3130.93994140625,3098.89990234375,3122.8701171875,6005560000,2955.484997558594,2819.174794921875,85.73182266986035,True,0.0,0.0
2020-06-04,3111.56005859375,3128.909912109375,3090.409912109375,3112.35009765625,6451290000,2968.681506347656,2832.4751953125,82.33333090304612,True,0.0,0.0
2020-06-05,3163.840087890625,3211.719970703125,3163.840087890625,3193.929931640625,8639300000,2984.318505859375,2846.8425927734374,84.96643524981232,True,0.0,0.0
2020-06-08,3199.919921875,3233.1298828125,3196.0,3232.389892578125,8498300000,2999.447998046875,2858.8889892578127,83.11611168014939,True,0.0,0.0
2020-06-09,3213.320068359375,3222.7099609375,3193.110107421875,3207.179931640625,6410930000,3013.297497558594,2872.2031884765624,84.27055988687228,True,0.0,0.0
2020-06-10,3213.419921875,3223.27001953125,3181.489990234375,3190.139892578125,6598870000,3029.298486328125,2883.47298828125,78.52349249930214,True,0.0,0.0
2020-06-11,3123.530029296875,3123.530029296875,2999.489990234375,3002.10009765625,7037320000,3038.4034912109373,2891.8231884765623,54.88952160406514,True,0.0,0.0
2020-06-12,3071.0400390625,3088.419921875,2984.469970703125,3041.31005859375,5845330000,3047.843994140625,2903.2393896484373,57.39816772374912,True,0.0,0.0
2020-06-15,2993.760009765625,3079.760009765625,2965.659912109375,3066.590087890625,5757480000,3057.9885009765626,2914.033193359375,56.57193220978683,True,0.0,0.0
2020-06-16,3131.0,3153.449951171875,3076.06005859375,3124.739990234375,5845810000,3066.5300048828126,2926.7549951171877,57.599109580924335,True,0.0,0.0
2020-06-17,3136.1298828125,3141.159912109375,3108.030029296875,3113.489990234375,4560450000,3076.057507324219,2935.7511962890626,57.12390804645435,True,0.0,0.0
2020-06-18,3101.639892578125,3120.0,3093.510009765625,3115.340087890625,4448690000,3083.244006347656,2944.8697998046873,56.17491710929519,True,0.0,0.0
2020-06-19,3140.2900390625,3155.530029296875,3083.110107421875,3097.739990234375,8346650000,3090.7055053710938,2951.825,53.61326800292468,True,0.0,0.0
2020-06-22,3094.419921875,3120.919921875,3079.389892578125,3117.860107421875,4686690000,3098.8260131835937,2958.38580078125,53.21327363529696,True,0.0,0.0
2020-06-23,3138.699951171875,3154.89990234375,3127.1201171875,3131.2900390625,4711850000,3105.8020141601564,2965.77900390625,50.76860607022289,True,0.0,0.0
2020-06-24,3114.39990234375,3115.010009765625,3032.1298828125,3050.330078125,5597680000,3106.5120239257812,2969.864404296875,44.9836576010717,True,0.0,0.0
2020-06-25,3046.60009765625,3086.25,3024.010009765625,3083.760009765625,4847690000,3109.213525390625,2975.87240234375,40.336476729474626,True,0.0,0.0
2020-06-26,3073.199951171875,3073.72998046875,3004.6298828125,3009.050048828125,8107850000,3107.4505249023437,2980.06240234375,31.58112399439139,True,0.0,0.0
2020-06-29,3018.590087890625,3053.889892578125,2999.739990234375,3053.239990234375,4473970000,3107.326025390625,2983.6360009765626,37.689921064057756,True,0.0,0.0
2020-06-30,3050.199951171875,3111.510009765625,3047.830078125,3100.2900390625,4705850000,3108.299523925781,2989.178603515625,43.14405631924172,True,0.0,0.0
2020-07-01,3105.919921875,3128.43994140625,3101.169921875,3115.860107421875,4449230000,3107.9490234375,2996.7646044921876,61.78127571048808,True,0.0,0.0
2020-07-02,3143.639892578125,3165.81005859375,3124.52001953125,3130.010009765625,4197720000,3108.8320190429686,3003.378603515625,59.68890123915744,True,0.0,0.0
2020-07-06,3155.2900390625,3182.590087890625,3155.2900390625,3179.719970703125,4759160000,3108.1215209960938,3011.017001953125,61.731329317740844,True,0.0,0.0
2020-07-07,3166.43994140625,3184.14990234375,3142.929931640625,3145.320068359375,4571330000,3103.768029785156,3017.188603515625,52.2446753667276,True,0.0,0.0
2020-07-08,3153.070068359375,3171.800048828125,3136.530029296875,3169.93994140625,4937310000,3101.9060302734374,3023.017802734375,55.982532027978976,True,0.0,0.0
2020-07-09,3176.169921875,3179.780029296875,3115.699951171875,3152.050048828125,4843650000,3100.0015380859377,3028.791005859375,53.762580386857834,True,0.0,0.0
2020-07-10,3152.469970703125,3186.820068359375,3136.219970703125,3185.0400390625,4524190000,3109.14853515625,3033.7016064453123,58.67415232096845,True,0.0,0.0
2020-07-13,3205.080078125,3235.320068359375,3149.429931640625,3155.219970703125,4902440000,3114.844030761719,3038.5574072265626,53.641884166826124,True,0.0,0.0
2020-07-14,3141.110107421875,3200.949951171875,3127.659912109375,3197.52001953125,4507140000,3121.39052734375,3045.8936083984377,56.1121500380773,True,0.0,0.0
2020-07-15,3225.97998046875,3238.280029296875,3200.760009765625,3226.56005859375,4686830000,3126.4815307617187,3053.570009765625,67.98743686786882,True,0.0,0.0
2020-07-16,3208.360107421875,3220.389892578125,3198.590087890625,3215.570068359375,3972860000,3131.5855346679687,3060.5126123046875,64.09945304273705,True,0.0,0.0
2020-07-17,3224.2099609375,3233.52001953125,3205.64990234375,3224.72998046875,4012850000,3137.055029296875,3068.0388134765626,76.83389638168786,True,0.0,0.0
2020-07-20,3224.2900390625,3258.610107421875,3215.159912109375,3251.840087890625,3979340000,3144.7600341796874,3075.45181640625,75.80563909297398,True,0.0,0.0
2020-07-21,3268.52001953125,3277.2900390625,3247.77001953125,3257.300048828125,4556610000,3151.73203125,3082.00181640625,72.87377106204568,True,0.0,0.0
2020-07-22,3254.860107421875,3279.320068359375,3253.10009765625,3276.02001953125,4267160000,3158.9685302734374,3088.91841796875,73.12046544380058,True,0.0,0.0
2020-07-23,3271.639892578125,3279.989990234375,3222.659912109375,3235.659912109375,4296760000,3168.2350219726563,3096.2292138671874,64.17853721316396,True,0.0,0.0
2020-07-24,3218.580078125,3227.260009765625,3200.050048828125,3215.6298828125,3689410000,3174.828515625,3104.1418115234374,55.23636200521618,True,0.0,0.0
2020-07-27,3219.840087890625,3241.429931640625,3214.25,3239.409912109375,3970310000,3186.3465087890627,3111.880009765625,64.15864180023482,True,0.0,0.0
2020-07-28,3234.27001953125,3243.719970703125,3216.169921875,3218.43994140625,4053180000,3194.6065063476562,3118.9748095703126,57.37934129156303,True,0.0,0.0
2020-07-29,3227.219970703125,3264.739990234375,3227.219970703125,3258.43994140625,4478200000,3202.5140014648437,3125.06541015625,65.16691250328034,True,0.0,0.0
2020-07-30,3231.760009765625,3250.919921875,3204.1298828125,3246.219970703125,4264920000,3209.0319946289064,3131.5310107421874,59.270804584774,True,0.0,0.0
2020-07-31,3270.449951171875,3272.169921875,3220.260009765625,3271.1201171875,5007530000,3216.0875,3137.5212109375,67.82858194409496,True,0.0,0.0
2020-08-03,3288.260009765625,3302.72998046875,3284.530029296875,3294.610107421875,4438940000,3221.8320068359376,3144.443212890625,65.85246655755034,True,0.0,0.0
2020-08-04,3289.919921875,3306.840087890625,3286.3701171875,3306.510009765625,4414380000,3229.89150390625,3151.4644140625,63.82786102339895,True,0.0,0.0
2020-08-05,3317.3701171875,3330.77001953125,3317.3701171875,3327.77001953125,4535060000,3237.7830078125,3158.1844140625,68.73996374101986,True,0.0,0.0
2020-08-06,3323.169921875,3351.030029296875,3318.139892578125,3349.159912109375,4278930000,3247.6385009765627,3164.4450146484373,69.96692713862943,True,0.0,0.0
2020-08-07,3340.050048828125,3352.5400390625,3328.719970703125,3351.280029296875,4110030000,3255.9505004882812,3170.876015625,67.34820438294457,True,0.0,0.0
2020-08-10,3356.0400390625,3363.2900390625,3335.43994140625,3360.469970703125,4327920000,3266.213000488281,3177.1992138671876,67.76769436726786,True,0.0,0.0
2020-08-11,3370.340087890625,3381.010009765625,3326.43994140625,3333.68994140625,4880540000,3273.0214965820314,3182.7584130859377,59.6635100793156,True,0.0,0.0
2020-08-12,3355.4599609375,3387.889892578125,3355.4599609375,3380.35009765625,3772250000,3280.7109985351562,3188.749013671875,73.7438211682429,True,0.0,0.0
2020-08-13,3372.949951171875,3387.239990234375,3363.35009765625,3373.429931640625,3438730000,3288.6039916992186,3193.7602099609376,77.05944756525298,True,0.0,0.0
2020-08-14,3368.659912109375,3378.510009765625,3361.639892578125,3372.85009765625,3200060000,3296.0099975585936,3198.9702099609376,74.8602955557476,True,0.0,0.0
2020-08-17,3380.860107421875,3387.590087890625,3379.219970703125,3381.989990234375,3460330000,3302.5174926757813,3202.7314111328124,81.87488164106624,True,0.0,0.0
2020-08-18,3387.0400390625,3395.06005859375,3370.14990234375,3389.780029296875,3669550000,3309.141491699219,3205.8792138671874,79.2725408832546,True,0.0,0.0
2020-08-19,3392.510009765625,3399.5400390625,3369.659912109375,3374.85009765625,3679480000,3314.0829956054686,3209.2326171875,78.32638169800548,True,0.0,0.0
2020-08-20,3360.47998046875,3390.800048828125,3354.68994140625,3385.510009765625,3431040000,3321.5755004882812,3213.14001953125,76.87608484413235,True,0.0,0.0
2020-08-21,3386.010009765625,3399.9599609375,3379.31005859375,3397.159912109375,3505010000,3330.652001953125,3221.0412158203126,75.51374439363826,True,0.0,0.0
2020-08-24,3418.090087890625,3432.090087890625,3413.1298828125,3431.280029296875,3743410000,3340.2455078125,3228.840615234375,77.95153283905026,True,0.0,0.0
2020-08-25,3435.949951171875,3444.2099609375,3425.840087890625,3443.6201171875,3627650000,3351.5045166015625,3236.3812158203127,77.03366945821227,True,0.0,0.0
2020-08-26,3449.969970703125,3481.070068359375,3444.14990234375,3478.72998046875,3780530000,3362.5190185546876,3243.461015625,78.41573619661465,True,0.0,0.0
2020-08-27,3485.139892578125,3501.3798828125,3468.35009765625,3484.550048828125,3955890000,3374.4355224609376,3250.882216796875,78.76042410869525,True,0.0,0.0
2020-08-28,3494.68994140625,3509.22998046875,3484.320068359375,3508.010009765625,3868510000,3386.2800170898436,3258.735615234375,79.99269444102548,True,0.0,0.0
2020-08-31,3509.72998046875,3514.77001953125,3493.25,3500.31005859375,4348280000,3396.5650146484377,3266.7870166015623,86.71989669643818,True,0.0,0.0
2020-09-01,3507.43994140625,3528.030029296875,3494.60009765625,3526.64990234375,4101490000,3407.5720092773436,3274.9628125,85.41346558432656,True,0.0,0.0
2020-09-02,3543.760009765625,3588.110107421875,3535.22998046875,3580.840087890625,4295640000,3420.2255126953123,3283.9538134765626,90.85618157789948,True,0.0,0.0
2020-09-03,3564.739990234375,3564.85009765625,3427.409912109375,3455.06005859375,4911830000,3425.5205200195314,3292.0484130859377,60.844789005646355,True,0.0,0.0
2020-09-04,3453.60009765625,3479.14990234375,3349.6298828125,3426.9599609375,4438720000,3429.3045166015627,3298.912412109375,55.649635896199584,True,0.0,0.0
2020-09-08,3371.8798828125,3379.969970703125,3329.27001953125,3331.840087890625,4694330000,3427.8730224609376,3305.368212890625,44.03074647738534,True,0.0,0.0
2020-09-09,3369.820068359375,3424.77001953125,3366.840087890625,3398.9599609375,3932520000,3431.1365234375,3312.2826123046875,52.24273723224505,True,0.0,0.0
2020-09-10,3412.56005859375,3425.550048828125,3329.25,3339.18994140625,4208630000,3429.078515625,3317.0606103515624,46.051951997569496,True,0.0,0.0
2020-09-11,3352.699951171875,3368.949951171875,3310.469970703125,3340.969970703125,3710090000,3427.455517578125,3321.5628076171874,45.12874370123537,True,0.0,0.0
2020-09-14,3363.56005859375,3402.929931640625,3363.56005859375,3383.5400390625,3839580000,3427.9900146484374,3326.633408203125,45.921053125621874,True,0.0,0.0
2020-09-15,3407.72998046875,3419.47998046875,3389.25,3401.199951171875,4057190000,3428.9505126953127,3331.0630078125,46.40823493272818,True,0.0,0.0
2020-09-16,3411.22998046875,3428.919921875,3384.449951171875,3385.489990234375,4718900000,3428.7360107421873,3335.86640625,41.83709107013316,True,0.0,0.0
2020-09-17,3346.860107421875,3375.169921875,3328.820068359375,3357.010009765625,4379840000,3427.8440063476564,3339.6078076171875,39.26032493435774,True,0.0,0.0
2020-09-18,3357.3798828125,3362.27001953125,3292.39990234375,3319.469970703125,7076400000,3424.5420043945314,3342.9562060546873,34.49148805081866,True,0.0,0.0
2020-09-21,3285.570068359375,3285.570068359375,3229.10009765625,3281.06005859375,4836070000,3418.73701171875,3344.8766064453125,32.83273091801365,True,0.0,0.0
2020-09-22,3295.75,3320.31005859375,3270.949951171875,3315.570068359375,3974510000,3412.951513671875,3348.0836083984377,33.68124461362898,True,0.0,0.0
2020-09-23,3320.110107421875,3323.35009765625,3232.570068359375,3236.919921875,4378650000,3402.61650390625,3348.8716064453124,24.380200310268137,True,0.0,0.0
2020-09-24,3226.139892578125,3278.699951171875,3209.449951171875,3246.590087890625,4601920000,3391.0095092773436,3349.27220703125,31.221969618001722,True,0.0,0.0
2020-09-25,3236.659912109375,3306.8798828125,3228.43994140625,3298.4599609375,3803330000,3381.7050048828123,3350.9300048828127,38.90059510503963,True,1.0,1.0
2020-09-28,3333.89990234375,3360.739990234375,3332.909912109375,3351.60009765625,3950910000,3373.8845092773436,3353.4674072265625,51.84026273031989,True,1.0,0.0
2020-09-29,3350.919921875,3357.919921875,3327.5400390625,3335.469970703125,3661590000,3365.6425048828123,3355.1400048828127,43.466634375218256,True,1.0,0.0
2020-09-30,3341.2099609375,3393.56005859375,3340.469970703125,3363.0,4738640000,3357.460009765625,3357.25400390625,52.62427400987647,True,1.0,0.0
2020-10-01,3385.8701171875,3397.179931640625,3361.389892578125,3380.800048828125,4076340000,3347.4580078125,3359.3496044921876,54.24021582621623,False,1.0,0.0
2020-10-02,3338.93994140625,3369.10009765625,3323.68994140625,3348.419921875,3975180000,3342.1260009765624,3361.6048046875,46.17827964667976,False,0.0,-1.0
2020-10-05,3367.27001953125,3409.570068359375,3367.27001953125,3408.60009765625,3692720000,3341.2080078125,3365.464208984375,50.7370653075219,False,0.0,0.0
2020-10-06,3408.739990234375,3431.56005859375,3354.5400390625,3360.969970703125,4453390000,3342.664501953125,3367.89541015625,47.70377788142336,False,0.0,0.0
2020-10-07,3384.56005859375,3426.260009765625,3384.56005859375,3419.43994140625,3814750000,3343.6885009765624,3371.91541015625,55.53544300125683,False,0.0,0.0
2020-10-08,3434.280029296875,3447.280029296875,3428.14990234375,3446.830078125,3867640000,3349.0705078125,3375.683212890625,61.499555816163,False,0.0,0.0
2020-10-09,3459.669921875,3482.340087890625,3458.070068359375,3477.139892578125,3944090000,3355.87900390625,3380.301611328125,67.96718786842396,False,0.0,0.0
2020-10-12,3500.02001953125,3549.85009765625,3499.610107421875,3534.219970703125,3435760000,3363.4130004882813,3385.5636083984373,69.23952748773993,False,0.0,0.0
2020-10-13,3534.010009765625,3534.010009765625,3500.860107421875,3511.929931640625,3611100000,3368.949499511719,3389.9100048828127,76.86322242959272,False,0.0,0.0
2020-10-14,3515.469970703125,3527.93994140625,3480.550048828125,3488.669921875,3858510000,3374.10849609375,3393.553203125,73.03500880691098,False,0.0,0.0
2020-10-15,3453.719970703125,3489.080078125,3440.889892578125,3483.340087890625,3724550000,3380.425,3396.6646044921877,69.30174918270708,False,0.0,0.0
2020-10-16,3493.5,3515.760009765625,3480.449951171875,3483.81005859375,4688030000,3388.6420043945313,3399.357607421875,65.50848205131729,False,0.0,0.0
2020-10-19,3493.659912109375,3502.419921875,3419.929931640625,3426.919921875,4091080000,3395.9349975585938,3400.8704052734374,59.79099522969352,False,0.0,0.0
2020-10-20,3439.3798828125,3476.929931640625,3435.64990234375,3443.1201171875,3917850000,3402.3125,3402.523408203125,58.79125706950239,False,0.0,0.0
2020-10-21,3439.909912109375,3464.860107421875,3433.06005859375,3435.56005859375,4103960000,3412.2445068359375,3404.560810546875,56.14672311971609,True,0.0,0.0
2020-10-22,3438.5,3460.530029296875,3415.340087890625,3453.489990234375,4172060000,3422.589501953125,3406.0236083984373,62.189372340805186,True,0.0,0.0
2020-10-23,3464.89990234375,3466.4599609375,3440.449951171875,3465.389892578125,3651600000,3430.935998535156,3407.8628076171876,57.41942521630462,True,0.0,0.0
2020-10-26,3441.419921875,3441.419921875,3364.860107421875,3400.969970703125,4002210000,3433.4044921875,3408.425205078125,55.00625782227785,True,0.0,0.0
2020-10-27,3403.14990234375,3409.510009765625,3388.7099609375,3390.679931640625,3962400000,3436.164990234375,3408.59900390625,45.906864942283114,True,0.0,0.0
2020-10-28,3342.47998046875,3342.47998046875,3268.889892578125,3271.030029296875,5139970000,3431.5664916992187,3406.22400390625,30.183944877629685,True,0.0,0.0
2020-10-29,3277.169921875,3341.050048828125,3259.820068359375,3310.110107421875,4911860000,3428.0319946289064,3404.9292041015624,31.53755398510168,True,0.0,0.0
2020-10-30,3293.590087890625,3304.929931640625,3233.93994140625,3269.9599609375,4843930000,3424.108996582031,3402.618203125,19.654596824973183,True,0.0,0.0
2020-11-02,3296.199951171875,3330.139892578125,3279.739990234375,3310.239990234375,4314690000,3419.1909912109377,3400.8798046875,27.758554961102064,True,0.0,0.0
2020-11-03,3336.25,3389.489990234375,3336.25,3369.159912109375,4241380000,3419.60048828125,3399.63740234375,37.7819133190331,True,0.0,0.0
2020-11-04,3406.4599609375,3486.25,3405.169921875,3443.43994140625,4790400000,3420.80048828125,3399.633798828125,46.42484788797589,True,1.0,1.0
2020-11-05,3485.739990234375,3529.050048828125,3485.739990234375,3510.449951171875,4858150000,3423.981481933594,3400.2681982421873,52.13269178824633,True,1.0,0.0
2020-11-06,3508.340087890625,3521.580078125,3484.340087890625,3509.43994140625,4842460000,3425.596484375,3400.76599609375,57.25539794119643,True,1.0,0.0
2020-11-09,3583.0400390625,3645.989990234375,3547.47998046875,3550.5,8570510000,3426.4104858398437,3401.6157958984377,59.04571517888728,True,1.0,0.0
2020-11-10,3543.260009765625,3557.219970703125,3511.909912109375,3545.530029296875,6037470000,3428.0904907226563,3402.5201953125,59.304507977794955,True,1.0,0.0
2020-11-11,3563.219970703125,3581.159912109375,3557.0,3572.659912109375,4635560000,3432.289990234375,3403.4403955078124,59.92834635227039,True,1.0,0.0
2020-11-12,3562.669921875,3569.02001953125,3518.580078125,3537.010009765625,4909660000,3434.973486328125,3402.5637939453127,55.73971216524085,True,1.0,0.0
2020-11-13,3552.570068359375,3593.659912109375,3552.570068359375,3585.14990234375,4719580000,3440.040478515625,3405.1655908203124,65.15585152910366,True,1.0,0.0
2020-11-16,3600.159912109375,3628.510009765625,3600.159912109375,3626.909912109375,5295510000,3450.0399780273438,3409.16458984375,68.48175047522416,True,1.0,0.0
2020-11-17,3610.31005859375,3623.110107421875,3588.679931640625,3609.530029296875,4812180000,3458.3604736328125,3414.718388671875,81.52826933064824,True,1.0,0.0
2020-11-18,3612.090087890625,3619.090087890625,3567.330078125,3567.7900390625,5284810000,3464.97197265625,3418.094990234375,73.88226232503918,True,0.0,-1.0
2020-11-19,3559.409912109375,3585.219970703125,3543.840087890625,3581.8701171875,4363370000,3471.390979003906,3422.94859375,80.37634229640035,True,0.0,0.0
2020-11-20,3579.31005859375,3581.22998046875,3556.85009765625,3557.5400390625,4236370000,3475.998486328125,3427.2799951171874,74.85628890922877,True,0.0,0.0
2020-11-23,3566.820068359375,3589.81005859375,3552.77001953125,3577.590087890625,5057550000,3484.8294921875,3431.16099609375,72.72511903849266,True,0.0,0.0
2020-11-24,3594.52001953125,3642.31005859375,3594.52001953125,3635.409912109375,6280290000,3497.0659912109377,3435.8451953125,71.70969257792677,True,0.0,0.0
2020-11-25,3635.5,3635.5,3617.760009765625,3629.64990234375,4910440000,3514.9969848632813,3440.7283935546875,65.6479815496996,True,0.0,0.0
2020-11-27,3638.550048828125,3644.31005859375,3629.330078125,3638.35009765625,2778390000,3531.408984375,3446.3551953125,66.58777241763227,True,0.0,0.0
2020-11-30,3634.179931640625,3634.179931640625,3594.389892578125,3621.6298828125,6308410000,3548.99248046875,3452.3983935546876,59.76441899716198,True,0.0,0.0
2020-12-01,3645.8701171875,3678.449951171875,3645.8701171875,3662.449951171875,5418480000,3566.602978515625,3460.02619140625,64.61206496746257,True,0.0,0.0
2020-12-02,3653.780029296875,3670.9599609375,3644.840087890625,3669.010009765625,5041250000,3581.5954833984374,3467.094990234375,62.69400453143636,True,0.0,0.0
2020-12-03,3668.280029296875,3682.72998046875,3657.169921875,3666.719970703125,5065340000,3592.759484863281,3475.6909912109377,68.7360702819516,True,0.0,0.0
2020-12-04,3670.93994140625,3699.199951171875,3670.93994140625,3699.1201171875,5099620000,3602.1929931640625,3484.741591796875,67.24675290129322,True,0.0,0.0
2020-12-07,3694.72998046875,3697.409912109375,3678.8798828125,3691.9599609375,4804500000,3611.318994140625,3492.611591796875,60.99521227822432,True,0.0,0.0
2020-12-08,3683.050048828125,3708.449951171875,3678.830078125,3702.25,4584390000,3618.906494140625,3499.62458984375,66.0570217681196,True,0.0,0.0
2020-12-09,3705.97998046875,3712.389892578125,3660.5400390625,3672.820068359375,5232800000,3625.27099609375,3506.371591796875,68.99889505104758,True,0.0,0.0
2020-12-10,3659.1298828125,3678.489990234375,3645.179931640625,3668.10009765625,4658480000,3630.043005371094,3512.47359375,66.1448657939004,True,0.0,0.0
2020-12-11,3656.080078125,3665.909912109375,3633.39990234375,3663.4599609375,4375470000,3636.3655029296874,3518.1267919921875,71.4100020726616,True,0.0,0.0
2020-12-14,3675.27001953125,3697.610107421875,3645.840087890625,3647.489990234375,4623850000,3639.4825073242187,3524.108193359375,64.36609739502528,True,0.0,0.0
2020-12-15,3666.409912109375,3695.2900390625,3659.6201171875,3694.6201171875,4387080000,3642.868017578125,3529.82859375,62.72839204234732,True,0.0,0.0
2020-12-16,3696.25,3711.27001953125,3688.570068359375,3701.169921875,4067040000,3647.4500122070312,3536.6325927734374,65.3225975178047,True,0.0,0.0
2020-12-17,3713.64990234375,3725.1201171875,3710.8701171875,3722.47998046875,4192810000,3655.1845092773438,3542.6933935546876,67.10021457395854,True,0.0,0.0
2020-12-18,3722.389892578125,3726.699951171875,3685.840087890625,3709.409912109375,7097100000,3661.5614990234376,3547.944990234375,68.11088152951713,True,0.0,0.0
2020-12-21,3684.280029296875,3702.89990234375,3636.47998046875,3694.919921875,4748580000,3668.4304931640627,3552.3005908203127,57.51583163705287,True,0.0,0.0
2020-12-22,3698.080078125,3698.260009765625,3676.159912109375,3687.260009765625,4053310000,3673.9139892578123,3555.3613916015624,54.202931796816316,True,0.0,0.0
2020-12-23,3693.419921875,3711.239990234375,3689.280029296875,3690.010009765625,3779160000,3676.643994140625,3558.9229931640625,55.35230169844519,True,0.0,0.0
2020-12-24,3694.030029296875,3703.820068359375,3689.320068359375,3703.06005859375,1883780000,3680.314501953125,3563.2107958984375,50.993829365323734,True,0.0,0.0
2020-12-28,3723.030029296875,3740.510009765625,3723.030029296875,3735.360107421875,3535460000,3685.165002441406,3568.2511962890626,59.71528599831891,True,0.0,0.0
2020-12-29,3750.010009765625,3756.1201171875,3723.31005859375,3727.0400390625,3393290000,3690.435510253906,3573.1157958984377,55.59872256052508,True,0.0,0.0
2020-12-30,3736.18994140625,3744.6298828125,3730.2099609375,3732.0400390625,3154850000,3693.9150146484376,3579.2181982421876,65.03348625160986,True,0.0,0.0
2020-12-31,3733.27001953125,3760.199951171875,3726.8798828125,3756.070068359375,3179040000,3698.268017578125,3585.477197265625,70.33797185280011,True,0.0,0.0
2021-01-04,3764.610107421875,3769.989990234375,3662.7099609375,3700.64990234375,5015000000,3699.9645141601563,3590.778994140625,56.96309691197417,True,0.0,0.0
2021-01-05,3698.02001953125,3737.830078125,3695.070068359375,3726.860107421875,4591020000,3701.351513671875,3596.246396484375,64.31172531348446,True,0.0,0.0
2021-01-06,3712.199951171875,3783.0400390625,3705.340087890625,3748.139892578125,6064110000,3704.160510253906,3601.901396484375,60.64264554097052,True,0.0,0.0
2021-01-07,3764.7099609375,3811.550048828125,3764.7099609375,3803.7900390625,5099160000,3709.237512207031,3609.9577978515626,67.07259218822855,True,0.0,0.0
2021-01-08,3815.050048828125,3826.68994140625,3783.60009765625,3824.679931640625,4773040000,3716.8305053710938,3618.6377978515625,67.02649409050568,True,0.0,0.0
2021-01-11,3803.139892578125,3817.860107421875,3789.02001953125,3799.610107421875,4465430000,3723.406005859375,3629.2093994140623,64.4495965407949,True,0.0,0.0
2021-01-12,3801.6201171875,3810.780029296875,3776.510009765625,3801.18994140625,4994950000,3730.2925048828124,3639.03099609375,67.75843611594335,True,0.0,0.0
2021-01-13,3802.22998046875,3820.9599609375,3791.5,3809.840087890625,4602510000,3738.410009765625,3649.8285986328124,70.41638880304484,True,0.0,0.0
2021-01-14,3814.97998046875,3823.60009765625,3792.860107421875,3795.5400390625,5198480000,3743.456005859375,3659.534599609375,66.92541245441211,True,0.0,0.0
2021-01-15,3788.72998046875,3788.72998046875,3749.6201171875,3768.25,5369820000,3746.810009765625,3667.5164013671874,59.998756792704924,True,0.0,0.0
2021-01-19,3781.8798828125,3804.530029296875,3780.3701171875,3798.909912109375,5014440000,3750.6315063476563,3674.62580078125,59.796483051293976,True,0.0,0.0
2021-01-20,3816.219970703125,3859.75,3816.219970703125,3851.85009765625,4566190000,3757.753515625,3681.4538037109373,66.9132972761235,True,0.0,0.0
2021-01-21,3857.4599609375,3861.449951171875,3845.050048828125,3853.070068359375,4501760000,3765.661022949219,3688.32640625,66.57082173712195,True,0.0,0.0
2021-01-22,3844.239990234375,3852.31005859375,3830.409912109375,3841.469970703125,5110890000,3773.3715209960938,3694.1458056640627,62.10452444657299,True,0.0,0.0
2021-01-25,3851.679931640625,3859.22998046875,3797.159912109375,3855.360107421875,7000840000,3781.639025878906,3700.3424072265625,74.85462414074689,True,0.0,0.0
2021-01-26,3862.9599609375,3870.89990234375,3847.780029296875,3849.6201171875,6137500000,3788.9670288085936,3705.881611328125,71.11019494472075,True,0.0,0.0
2021-01-27,3836.830078125,3836.830078125,3732.47998046875,3750.77001953125,9976520000,3789.7375244140626,3710.1568115234377,50.3570337268117,True,0.0,0.0
2021-01-28,3755.75,3830.5,3755.75,3787.3798828125,6992770000,3792.7545166015625,3714.2014111328126,47.650926964014616,True,0.0,0.0
2021-01-29,3778.050048828125,3778.050048828125,3694.1201171875,3714.239990234375,6643370000,3791.8645141601564,3715.9480126953126,36.247954044122125,True,0.0,0.0
2021-02-01,3731.169921875,3784.320068359375,3725.6201171875,3773.860107421875,5436230000,3792.754016113281,3719.2346142578126,47.047630031138276,True,0.0,0.0
2021-02-02,3791.840087890625,3843.090087890625,3791.840087890625,3826.31005859375,5514090000,3799.0370239257813,3724.4050146484374,52.57927694413389,True,0.0,0.0
2021-02-03,3840.27001953125,3847.510009765625,3816.679931640625,3830.169921875,4864870000,3804.2025146484375,3729.3710107421875,52.10815967237967,True,0.0,0.0
2021-02-04,3836.659912109375,3872.419921875,3836.659912109375,3871.739990234375,4879240000,3810.38251953125,3735.655009765625,57.47879273501713,True,0.0,0.0
2021-02-05,3878.300048828125,3894.56005859375,3874.929931640625,3886.830078125,4879470000,3814.534521484375,3741.8398095703124,61.923821719097994,True,0.0,0.0
2021-02-08,3892.590087890625,3915.77001953125,3892.590087890625,3915.590087890625,4648360000,3819.080029296875,3747.4434130859377,61.777778653999135,True,0.0,0.0
2021-02-09,3910.489990234375,3918.35009765625,3902.639892578125,3911.22998046875,4568320000,3824.661022949219,3753.0750146484374,56.64560939489489,True,0.0,0.0
2021-02-10,3920.780029296875,3931.5,3884.93994140625,3909.8798828125,4837070000,3830.0955200195312,3758.5056103515626,56.356124106305344,True,0.0,0.0
2021-02-11,3916.39990234375,3925.989990234375,3890.389892578125,3916.3798828125,4590960000,3835.422509765625,3764.4006103515626,58.47799453241179,True,0.0,0.0
2021-02-12,3911.64990234375,3937.22998046875,3905.780029296875,3934.830078125,4135060000,3842.38701171875,3769.848212890625,58.90219668962303,True,0.0,0.0
2021-02-16,3939.610107421875,3950.429931640625,3923.85009765625,3932.590087890625,5058990000,3850.6040161132814,3775.119814453125,59.36772119972546,True,0.0,0.0
2021-02-17,3918.5,3933.610107421875,3900.429931640625,3931.330078125,4730650000,3857.2250244140623,3780.4120166015623,76.14839914975823,True,0.0,0.0
2021-02-18,3915.860107421875,3921.97998046875,3885.030029296875,3913.969970703125,4793650000,3860.331018066406,3784.709013671875,69.41503243745596,True,0.0,0.0
2021-02-19,3921.159912109375,3930.409912109375,3903.070068359375,3906.7099609375,4845320000,3863.0130126953127,3789.004013671875,86.99487092853556,True,0.0,0.0
2021-02-22,3885.550048828125,3902.919921875,3874.7099609375,3876.5,5917100000,3864.764514160156,3792.489013671875,72.2433443982261,True,0.0,0.0
2021-02-23,3857.070068359375,3895.97998046875,3805.590087890625,3881.3701171875,6296610000,3866.0650146484377,3796.6600146484375,65.03218048801297,True,0.0,0.0
2021-02-24,3873.7099609375,3928.64990234375,3859.60009765625,3925.429931640625,6012790000,3869.855505371094,3801.806611328125,71.326176236851,True,0.0,0.0
2021-02-25,3915.800048828125,3925.02001953125,3814.0400390625,3829.340087890625,6547470000,3873.7840087890627,3805.1242138671873,42.370285629935786,True,0.0,0.0
2021-02-26,3839.659912109375,3861.080078125,3789.5400390625,3811.14990234375,6526070000,3874.972509765625,3808.397412109375,36.53188091211959,True,0.0,0.0
2021-03-01,3842.510009765625,3914.5,3842.510009765625,3901.820068359375,5114820000,3884.351513671875,3812.5414111328123,47.9919509996454,True,0.0,0.0
2021-03-02,3903.639892578125,3906.409912109375,3868.570068359375,3870.2900390625,5536010000,3889.1730102539063,3815.9238134765624,44.468181404327815,True,0.0,0.0
2021-03-03,3863.989990234375,3874.469970703125,3818.860107421875,3819.719970703125,6173660000,3888.843505859375,3817.86861328125,39.247745431612934,True,0.0,0.0
2021-03-04,3818.530029296875,3843.669921875,3723.340087890625,3768.469970703125,7195400000,3885.758508300781,3819.049814453125,34.06179248832072,True,0.0,0.0
2021-03-05,3793.580078125,3851.68994140625,3730.18994140625,3841.93994140625,6851070000,3884.268505859375,3821.99021484375,41.051568523783274,True,0.0,0.0
2021-03-08,3844.389892578125,3881.06005859375,3819.25,3821.35009765625,5871710000,3880.9945068359375,3824.6720166015625,39.64978563078884,True,0.0,0.0
2021-03-09,3851.929931640625,3903.760009765625,3851.929931640625,3875.43994140625,5513560000,3878.9869995117188,3828.380615234375,45.26523267838677,True,0.0,0.0
2021-03-10,3891.989990234375,3917.35009765625,3885.72998046875,3898.81005859375,5847380000,3878.366003417969,3832.295615234375,48.72866451525459,True,0.0,0.0
2021-03-11,3915.5400390625,3960.27001953125,3915.5400390625,3939.340087890625,5312880000,3879.839013671875,3836.37521484375,52.591790771841815,True,0.0,0.0
2021-03-12,3924.52001953125,3944.989990234375,3915.2099609375,3943.340087890625,4476280000,3881.1870239257814,3840.7012158203124,55.53972323338196,True,0.0,0.0
2021-03-15,3942.9599609375,3970.080078125,3923.5400390625,3968.93994140625,4900100000,3882.8925170898438,3845.4392138671874,57.01670302635738,True,0.0,0.0
2021-03-16,3973.590087890625,3981.0400390625,3953.43994140625,3962.7099609375,4613080000,3884.3985107421877,3849.57201171875,53.17991347746536,True,0.0,0.0
2021-03-17,3949.570068359375,3983.8701171875,3935.739990234375,3974.1201171875,4561660000,3886.5380126953123,3855.041416015625,64.43469180607991,True,0.0,0.0
2021-03-18,3953.5,3969.6201171875,3910.860107421875,3915.4599609375,5118590000,3886.612512207031,3858.8134130859376,59.623227968701435,True,0.0,0.0
2021-03-19,3913.139892578125,3930.1201171875,3886.75,3913.10009765625,7757420000,3886.932019042969,3862.1126171875,51.243225265863416,True,0.0,0.0
2021-03-22,3916.47998046875,3955.31005859375,3914.159912109375,3940.590087890625,4316260000,3890.1365234375,3864.8486181640624,57.81772037251519,True,0.0,0.0
2021-03-23,3937.60009765625,3949.1298828125,3901.570068359375,3910.52001953125,4669010000,3891.5940185546874,3866.565419921875,60.57980001991267,True,0.0,0.0
2021-03-24,3919.929931640625,3942.080078125,3889.070068359375,3889.139892578125,4783020000,3889.7795166015626,3868.356015625,65.11207537570445,True,0.0,0.0
2021-03-25,3879.340087890625,3919.5400390625,3853.5,3909.52001953125,4948340000,3893.7885131835938,3870.5226171875,59.76138889829265,True,0.0,0.0
2021-03-26,3917.1201171875,3978.18994140625,3917.1201171875,3974.5400390625,5483160000,3901.9580200195314,3873.8166162109374,69.61005289219418,True,0.0,0.0
2021-03-29,3969.31005859375,3981.830078125,3943.25,3971.090087890625,4628180000,3905.421520996094,3877.3276171875,64.06824868916871,True,0.0,0.0
2021-03-30,3963.340087890625,3968.010009765625,3944.35009765625,3958.550048828125,4121510000,3909.834521484375,3881.1336181640627,59.07570561622222,True,0.0,0.0
2021-03-31,3967.25,3994.409912109375,3966.97998046875,3972.889892578125,4578050000,3917.493017578125,3884.6132177734376,55.53754748944634,True,0.0,0.0
2021-04-01,3992.780029296875,4020.6298828125,3992.780029296875,4019.8701171875,4162130000,3930.063024902344,3887.9736181640624,61.06211741688776,True,0.0,0.0
2021-04-05,4034.43994140625,4083.419921875,4034.43994140625,4077.909912109375,4005030000,3941.8615234375,3892.4704150390626,64.40067031333987,True,0.0,0.0
2021-04-06,4075.570068359375,4086.22998046875,4068.139892578125,4073.93994140625,4081270000,3954.491015625,3897.119814453125,64.78766814717105,True,0.0,0.0
2021-04-07,4074.2900390625,4083.1298828125,4068.31005859375,4079.949951171875,4120810000,3964.716516113281,3901.611611328125,64.27470136931808,True,0.0,0.0
2021-04-08,4089.949951171875,4098.18994140625,4082.5400390625,4097.169921875,3907100000,3974.6345092773436,3906.562607421875,77.59452709757024,True,0.0,0.0
2021-04-09,4096.10986328125,4129.47998046875,4095.510009765625,4128.7998046875,3640390000,3984.1074951171877,3914.123203125,80.08196129650841,True,0.0,0.0
2021-04-12,4124.7099609375,4131.759765625,4114.81982421875,4127.990234375,3588900000,3993.3400024414063,3920.93541015625,78.23655565896492,True,0.0,0.0
2021-04-13,4130.10009765625,4148.0,4124.43017578125,4141.58984375,3734720000,4001.9724975585937,3929.4824072265624,86.63481844812317,True,0.0,0.0
2021-04-14,4141.580078125,4151.68994140625,4120.8701171875,4124.66015625,3985350000,4010.0700073242188,3936.498408203125,87.87489507452948,True,0.0,0.0
2021-04-15,4139.759765625,4173.490234375,4139.759765625,4170.419921875,4033420000,4019.8849975585936,3943.38060546875,88.78994800642914,True,0.0,0.0
2021-04-16,4174.14013671875,4191.31005859375,4170.75,4185.47021484375,4163820000,4033.3855102539064,3950.486611328125,86.83358316237523,True,0.0,0.0
2021-04-19,4179.7998046875,4180.81005859375,4150.47021484375,4163.259765625,3810290000,4045.8934936523438,3956.3170068359377,81.49402430290203,True,0.0,0.0
2021-04-20,4159.18017578125,4159.18017578125,4118.3798828125,4134.93994140625,4342650000,4055.610986328125,3961.2792041015623,77.48628715820614,True,0.0,0.0
2021-04-21,4128.419921875,4175.02001953125,4126.35009765625,4173.419921875,3887250000,4068.7559814453125,3966.43580078125,79.06156216188293,True,0.0,0.0
2021-04-22,4170.4599609375,4179.56982421875,4123.68994140625,4134.97998046875,4245140000,4081.047985839844,3970.91080078125,67.10558012909817,True,0.0,0.0
2021-04-23,4138.77978515625,4194.169921875,4138.77978515625,4180.169921875,3569880000,4094.5804809570313,3976.3166015625,65.7994497349388,True,0.0,0.0
2021-04-26,4185.02978515625,4194.18994140625,4182.35986328125,4187.6201171875,3748320000,4105.234484863281,3981.74140625,67.37702250637781,True,0.0,0.0
2021-04-27,4188.25,4193.35009765625,4176.22021484375,4186.72021484375,3710700000,4116.0159912109375,3986.779208984375,66.57979917611101,True,0.0,0.0
2021-04-28,4185.14013671875,4201.52978515625,4181.77978515625,4183.18017578125,3787360000,4127.247497558594,3991.7910107421876,63.94870584732435,True,0.0,0.0
2021-04-29,4206.14013671875,4218.77978515625,4176.81005859375,4211.47021484375,4298680000,4139.176513671875,3997.3938134765626,63.553893274968495,True,0.0,0.0
2021-04-30,4198.10009765625,4198.10009765625,4174.85009765625,4181.169921875,4300880000,4147.24150390625,4002.7378125,57.95008277686451,True,0.0,0.0
2021-05-03,4191.97998046875,4209.39013671875,4188.02978515625,4192.66015625,4070220000,4152.979016113281,4008.45681640625,57.68319880585436,True,0.0,0.0
2021-05-04,4179.0400390625,4179.0400390625,4128.58984375,4164.66015625,4452460000,4157.515026855469,4014.22001953125,55.823757404105635,True,0.0,0.0
2021-05-05,4177.06005859375,4187.72021484375,4160.93994140625,4167.58984375,4230920000,4161.897021484375,4019.9444140625,49.52924741313494,True,0.0,0.0
2021-05-06,4169.14013671875,4202.7001953125,4147.330078125,4201.6201171875,4511000000,4167.11953125,4025.4682177734376,52.52681132072588,True,0.0,0.0
2021-05-07,4210.33984375,4238.0400390625,4201.64013671875,4232.60009765625,4016080000,4172.309545898437,4033.53341796875,60.55921634760522,True,0.0,0.0
2021-05-10,4228.2900390625,4236.39013671875,4188.1298828125,4188.43017578125,4560700000,4175.33154296875,4041.0790234375,57.77044184865414,True,0.0,0.0
2021-05-11,4150.33984375,4162.0400390625,4111.52978515625,4152.10009765625,4870710000,4175.8570556640625,4046.0846240234373,46.88343595065803,True,0.0,0.0
2021-05-12,4130.5498046875,4134.72998046875,4056.8798828125,4063.0400390625,4733070000,4172.776049804687,4049.9396240234373,40.83942554363573,True,0.0,0.0
2021-05-13,4074.989990234375,4131.580078125,4074.989990234375,4112.5,4779540000,4169.880053710937,4055.795224609375,41.47585107403735,True,0.0,0.0
2021-05-14,4129.580078125,4183.1298828125,4129.580078125,4173.85009765625,4008880000,4169.299047851562,4063.9028271484376,48.47281655711409,True,0.0,0.0
2021-05-17,4169.919921875,4171.919921875,4142.68994140625,4163.2900390625,4125050000,4169.300561523438,4070.3298291015626,47.45595571979196,True,0.0,0.0
2021-05-18,4165.93994140625,4169.14990234375,4125.990234375,4127.830078125,4398150000,4168.945068359375,4076.4594287109376,44.37968103746615,True,0.0,0.0
2021-05-19,4098.4501953125,4116.93017578125,4061.409912109375,4115.68017578125,4247450000,4166.058081054687,4081.2642333984377,39.943736018585156,True,0.0,0.0
2021-05-20,4121.97021484375,4172.7998046875,4121.97021484375,4159.1201171875,3978880000,4167.265087890625,4086.4704345703126,47.74730822338753,True,0.0,0.0
2021-05-21,4168.60986328125,4188.72021484375,4151.72021484375,4155.85986328125,3995250000,4166.049584960938,4090.800830078125,46.176038122414276,True,0.0,0.0
2021-05-24,4170.16015625,4209.52001953125,4170.16015625,4197.0498046875,3684800000,4166.521069335938,4095.8750244140624,53.27585014864638,True,0.0,0.0
2021-05-25,4205.93994140625,4213.419921875,4182.52001953125,4188.1298828125,4182250000,4166.591552734375,4100.258823242188,52.05252464532397,True,0.0,0.0
2021-05-26,4191.58984375,4202.60986328125,4184.10986328125,4195.990234375,4420890000,4167.2320556640625,4104.924428710938,49.40636899650103,True,0.0,0.0
2021-05-27,4201.93994140625,4213.3798828125,4197.77978515625,4200.8798828125,6406310000,4166.7025390625,4109.459624023438,46.46058826926618,True,0.0,0.0
2021-05-28,4210.77001953125,4218.35986328125,4203.56982421875,4204.10986328125,4649250000,4167.849536132812,4115.232622070313,51.92549384551917,True,0.0,0.0
2021-06-01,4216.52001953125,4234.1201171875,4197.58984375,4202.0400390625,5074670000,4168.318530273437,4121.011420898438,56.696159088855694,True,0.0,0.0
2021-06-02,4206.81982421875,4217.3701171875,4198.27001953125,4208.1201171875,5833670000,4170.491528320313,4126.362021484375,75.02071558013729,True,0.0,0.0
2021-06-03,4191.43017578125,4204.39013671875,4167.93017578125,4192.85009765625,5587970000,4171.754541015625,4132.008623046875,65.70994873361528,True,0.0,0.0
2021-06-04,4206.0498046875,4233.4501953125,4206.0498046875,4229.89013671875,4139790000,4173.168041992188,4138.823627929687,62.107868373745646,True,0.0,0.0
2021-06-07,4229.33984375,4232.33984375,4215.66015625,4226.52001953125,4476920000,4172.864038085938,4145.163627929687,64.09935913488654,True,0.0,0.0
2021-06-08,4233.81005859375,4236.740234375,4208.41015625,4227.259765625,4659620000,4174.805517578125,4150.218022460937,76.23339413989632,True,0.0,0.0
2021-06-09,4232.990234375,4237.08984375,4218.740234375,4219.5498046875,4713260000,4178.178002929688,4155.187216796875,78.06228118082544,True,0.0,0.0
2021-06-10,4228.56005859375,4249.740234375,4220.33984375,4239.18017578125,4408210000,4186.985009765625,4160.799819335937,74.82324585706456,True,0.0,0.0
2021-06-11,4242.89990234375,4248.3798828125,4232.25,4247.43994140625,3815010000,4193.732006835938,4166.2908203125,77.54126284875184,True,0.0,0.0
2021-06-14,4248.31005859375,4255.58984375,4234.06982421875,4255.14990234375,4151200000,4197.7969970703125,4170.996416015625,71.87836709777775,True,0.0,0.0
2021-06-15,4255.27978515625,4257.16015625,4238.35009765625,4246.58984375,4048940000,4201.961987304688,4174.370014648437,72.0737031519639,True,0.0,0.0
2021-06-16,4248.8701171875,4251.89013671875,4202.4501953125,4223.7001953125,4538350000,4206.7554931640625,4177.365219726563,59.39644210135905,True,0.0,0.0
2021-06-17,4220.3701171875,4232.2900390625,4196.0498046875,4221.85986328125,5312680000,4212.064477539063,4180.20341796875,57.26454108632508,True,0.0,0.0
2021-06-18,4204.77978515625,4204.77978515625,4164.39990234375,4166.4501953125,6817010000,4212.430981445313,4181.5890234375,40.42126703014195,True,0.0,0.0
2021-06-21,4173.39990234375,4226.240234375,4173.39990234375,4224.7900390625,4128950000,4215.877490234375,4183.508828125,54.49872160297855,True,0.0,0.0
2021-06-22,4224.60986328125,4255.83984375,4217.27001953125,4246.43994140625,3828390000,4218.346997070313,4185.877822265625,57.138049526761655,True,0.0,0.0
2021-06-23,4249.27001953125,4256.60009765625,4241.43017578125,4241.83984375,3730350000,4221.032495117188,4187.882822265625,59.50336351116088,True,0.0,0.0
2021-06-24,4256.97021484375,4271.27978515625,4256.97021484375,4266.490234375,3816660000,4224.5574951171875,4190.719423828125,57.45845248827356,True,0.0,0.0
2021-06-25,4274.4501953125,4286.1201171875,4271.16015625,4280.7001953125,7341450000,4228.548510742187,4192.925029296875,60.573816888604284,True,0.0,0.0
2021-06-28,4284.89990234375,4292.14013671875,4274.669921875,4290.60986328125,4147890000,4232.873510742187,4195.027822265625,61.93619969198329,True,0.0,0.0
2021-06-29,4293.2099609375,4300.52001953125,4287.0400390625,4291.7998046875,3707150000,4237.361499023437,4197.598623046875,63.95598011031382,True,0.0,0.0
2021-06-30,4290.64990234375,4302.43017578125,4287.9599609375,4297.5,4266040000,4241.830493164062,4200.84982421875,61.905920114833684,True,0.0,0.0
2021-07-01,4300.72998046875,4320.66015625,4300.72998046875,4319.93994140625,3788230000,4248.184985351562,4203.780224609375,63.990758259899444,True,0.0,0.0
2021-07-02,4326.60009765625,4355.43017578125,4326.60009765625,4352.33984375,3225840000,4254.307470703125,4208.127421875,67.1235940750274,True,0.0,0.0
2021-07-06,4356.4599609375,4356.4599609375,4314.3701171875,4343.5400390625,4309570000,4260.158471679688,4211.39482421875,67.0669357666944,True,0.0,0.0
2021-07-07,4351.009765625,4361.8798828125,4329.7900390625,4358.1298828125,4037380000,4266.701977539063,4214.80501953125,74.3770962680673,True,0.0,0.0
2021-07-08,4321.06982421875,4330.8798828125,4289.3701171875,4320.81982421875,4347500000,4271.765478515625,4217.48701171875,65.89977656997252,True,0.0,0.0
2021-07-09,4329.3798828125,4371.60009765625,4329.3798828125,4369.5498046875,3531120000,4278.283959960938,4221.214404296875,83.34755057275164,True,0.0,0.0
2021-07-12,4372.41015625,4386.68017578125,4364.02978515625,4384.6298828125,3384460000,4285.14345703125,4224.67759765625,80.59021418158711,True,0.0,0.0
2021-07-13,4381.06982421875,4392.3701171875,4366.919921875,4369.2099609375,3695430000,4290.846459960938,4228.4383984375,74.0697413943301,True,0.0,0.0
2021-07-14,4380.10986328125,4393.68017578125,4362.35986328125,4374.2998046875,4006370000,4297.231958007813,4232.07119140625,75.91973308058031,True,0.0,0.0
2021-07-15,4369.02001953125,4369.02001953125,4340.7001953125,4360.02978515625,3905230000,4304.0484375,4235.978583984375,69.0788674322023,True,0.0,0.0
2021-07-16,4367.43017578125,4375.08984375,4322.52978515625,4327.16015625,3985700000,4309.313452148437,4239.169990234375,58.80594528560323,True,0.0,0.0
2021-07-19,4296.39990234375,4296.39990234375,4233.1298828125,4258.490234375,5157660000,4313.915454101562,4240.307392578125,45.02112470311126,True,0.0,0.0
2021-07-20,4265.10986328125,4336.83984375,4262.0498046875,4323.06005859375,4438270000,4318.828955078125,4242.116591796875,54.049896065677885,True,0.0,0.0
2021-07-21,4331.1298828125,4359.7001953125,4331.1298828125,4358.68994140625,3810280000,4324.441455078125,4245.521787109375,57.35688312420233,True,0.0,0.0
2021-07-22,4361.27001953125,4369.8701171875,4350.06005859375,4367.47998046875,3358300000,4330.723461914063,4249.829384765625,55.909724380390024,True,0.0,0.0
2021-07-23,4381.2001953125,4415.18017578125,4381.2001953125,4411.7900390625,4540070000,4337.988452148437,4256.804384765625,57.177740362394715,True,0.0,0.0
2021-07-26,4409.580078125,4422.72998046875,4405.4501953125,4422.2998046875,4275630000,4345.068432617188,4263.000380859375,59.46998607389525,True,0.0,0.0
2021-07-27,4416.3798828125,4416.3798828125,4372.509765625,4401.4599609375,4241950000,4350.6109375,4267.552578125,55.13281461481332,True,0.0,0.0
2021-07-28,4402.9501953125,4415.47021484375,4387.009765625,4400.64013671875,4215290000,4356.052954101562,4272.299580078125,60.35018095341811,True,0.0,0.0
2021-07-29,4403.58984375,4429.97021484375,4403.58984375,4419.14990234375,4044600000,4362.13544921875,4278.1259765625,56.97849041308574,True,0.0,0.0
2021-07-30,4395.1201171875,4412.25,4389.64990234375,4395.259765625,3956740000,4365.901440429688,4283.717568359375,51.459393074821214,True,0.0,0.0
2021-08-02,4406.85986328125,4422.18017578125,4384.81005859375,4387.16015625,3724090000,4367.6424560546875,4288.278369140625,52.51496170296607,True,0.0,0.0
2021-08-03,4392.740234375,4423.7900390625,4373.0,4423.14990234375,3965190000,4371.62294921875,4293.624169921875,56.298880940478426,True,0.0,0.0
2021-08-04,4415.9501953125,4416.169921875,4400.22998046875,4402.66015625,4260760000,4373.849462890625,4297.736376953125,55.41011318809201,True,0.0,0.0
2021-08-05,4408.85986328125,4429.759765625,4408.85986328125,4429.10009765625,3769410000,4379.2634765625,4302.55578125,63.15156875418126,True,0.0,0.0
2021-08-06,4429.06982421875,4440.81982421875,4429.06982421875,4436.52001953125,3451870000,4382.611987304687,4307.366376953125,77.27939977165227,True,0.0,0.0
2021-08-09,4437.77001953125,4439.39013671875,4424.740234375,4432.35009765625,3449280000,4384.997998046875,4311.99578125,70.55033236622718,True,0.0,0.0
2021-08-10,4435.7900390625,4445.2099609375,4430.02978515625,4436.75,3886610000,4388.375,4316.648583984375,66.63129576110907,True,0.0,0.0
2021-08-11,4442.18017578125,4449.43994140625,4436.419921875,4442.41015625,3532560000,4391.780517578125,4321.455986328125,66.18024465902309,True,0.0,0.0
2021-08-12,4446.080078125,4461.77001953125,4435.9599609375,4460.830078125,3375310000,4396.820532226562,4326.510185546875,61.9227043505513,True,0.0,0.0
2021-08-13,4464.83984375,4468.3701171875,4460.81982421875,4468.0,3016470000,4403.862524414062,4332.01318359375,61.29412957224362,True,0.0,0.0
2021-08-16,4461.64990234375,4480.259765625,4437.66015625,4479.7099609375,3370640000,4414.923510742187,4337.009580078125,70.2522431441931,True,0.0,0.0
2021-08-17,4462.1201171875,4462.1201171875,4417.830078125,4448.080078125,3836960000,4421.17451171875,4341.44078125,60.589341884123996,True,0.0,0.0
2021-08-18,4440.93994140625,4454.31982421875,4397.58984375,4400.27001953125,3755590000,4423.253515625,4344.900986328125,46.273199731665756,True,0.0,0.0
2021-08-19,4382.43994140625,4418.60986328125,4367.72998046875,4405.7998046875,4398410000,4425.169506835938,4348.625986328125,52.24314876318184,True,0.0,0.0
2021-08-20,4410.56005859375,4444.35009765625,4406.7998046875,4441.669921875,3652610000,4426.663500976562,4352.67578125,60.374552997241786,True,0.0,0.0
2021-08-23,4450.2900390625,4489.8798828125,4450.2900390625,4479.52978515625,3576530000,4429.525,4357.317578125,60.65463645456928,True,0.0,0.0
2021-08-24,4484.39990234375,4492.81005859375,4482.27978515625,4486.22998046875,3979220000,4433.763500976563,4361.9391796875,66.66134493211868,True,0.0,0.0
2021-08-25,4490.4501953125,4501.7099609375,4485.66015625,4496.18994140625,3444700000,4438.540991210937,4366.931181640625,64.31649668865893,True,0.0,0.0
2021-08-26,4493.75,4495.89990234375,4468.990234375,4470.0,3263980000,4441.08349609375,4371.857177734375,56.61451610724917,True,0.0,0.0
2021-08-27,4474.10009765625,4513.330078125,4474.10009765625,4509.3701171875,3331200000,4446.789013671875,4377.6073828125,63.35855365118725,True,0.0,0.0
2021-08-30,4513.759765625,4537.35986328125,4513.759765625,4528.7900390625,3168660000,4453.8705078125,4384.8541796875,65.17311215503946,True,0.0,0.0
2021-08-31,4529.75,4531.39013671875,4515.7998046875,4522.68017578125,4290710000,4458.847021484375,4390.811982421875,63.21319317964439,True,0.0,0.0
2021-09-01,4528.7998046875,4537.10986328125,4522.02001953125,4524.08984375,4057340000,4464.918505859375,4396.36498046875,61.030886755375136,True,0.0,0.0
2021-09-02,4534.47998046875,4545.85009765625,4524.66015625,4536.9501953125,3735990000,4470.311010742187,4402.2671875,61.789192113488824,True,0.0,0.0
2021-09-03,4532.419921875,4541.4501953125,4521.2998046875,4535.43017578125,3217530000,4475.256518554687,4407.645986328125,59.87107868663575,True,0.0,0.0
2021-09-07,4535.3798828125,4535.3798828125,4513.0,4520.02978515625,3822960000,4479.6405029296875,4412.432578125,63.52385969613924,True,0.0,0.0
2021-09-08,4518.08984375,4521.7900390625,4493.9501953125,4514.06982421875,3750880000,4483.506494140625,4416.90177734375,75.38359327350352,True,0.0,0.0
2021-09-09,4513.02001953125,4529.89990234375,4492.06982421875,4493.27978515625,3735390000,4486.049975585937,4420.931376953125,68.26911507077843,True,0.0,0.0
2021-09-10,4506.919921875,4520.47021484375,4457.66015625,4458.580078125,3623180000,4485.937475585937,4424.152978515625,53.5488260755509,True,0.0,0.0
2021-09-13,4474.81005859375,4492.990234375,4445.7001953125,4468.72998046875,3914220000,4485.973974609375,4427.128779296875,47.43521357372457,True,0.0,0.0
2021-09-14,4479.330078125,4485.68017578125,4435.4599609375,4443.0498046875,3670460000,4484.140966796875,4428.942978515625,40.59337484602932,True,0.0,0.0
2021-09-15,4447.490234375,4486.8701171875,4438.3701171875,4480.7001953125,4032020000,4485.77197265625,4431.686181640625,46.98889641909991,True,0.0,0.0
2021-09-16,4477.08984375,4485.8701171875,4443.7998046875,4473.75,3984560000,4489.445971679687,4433.998583984375,50.787912114969515,True,0.0,0.0
2021-09-17,4469.740234375,4471.52001953125,4427.759765625,4432.990234375,7289530000,4490.805493164063,4436.2419921875,34.04500112196814,True,0.0,0.0
2021-09-20,4402.9501953125,4402.9501953125,4305.91015625,4357.72998046875,4898070000,4486.60849609375,4436.005595703125,21.026479933705062,True,0.0,0.0
2021-09-21,4374.4501953125,4394.8701171875,4347.9599609375,4354.18994140625,3920920000,4480.34150390625,4435.396796875,21.21113017012955,True,0.0,0.0
2021-09-22,4367.43017578125,4416.75,4367.43017578125,4395.64013671875,3939170000,4475.81201171875,4435.925400390625,30.694205729835573,True,0.0,0.0
2021-09-23,4406.75,4465.39990234375,4406.75,4448.97998046875,3916350000,4473.451513671875,4437.41900390625,38.212514050402184,True,1.0,1.0
2021-09-24,4438.0400390625,4463.1201171875,4430.27001953125,4455.47998046875,3384290000,4472.725512695312,4439.3280078125,39.4282371657464,True,1.0,0.0
2021-09-27,4442.1201171875,4457.2998046875,4436.18994140625,4443.10986328125,4058650000,4469.4125,4441.647001953125,39.7467606345173,True,1.0,0.0
2021-09-28,4419.5400390625,4419.5400390625,4346.330078125,4352.6298828125,4416550000,4460.6044921875,4443.529794921875,32.43769540732367,True,1.0,0.0
2021-09-29,4362.41015625,4385.56982421875,4355.080078125,4359.4599609375,3712660000,4452.4434814453125,4444.25779296875,34.98635387027467,True,1.0,0.0
2021-09-30,4370.669921875,4382.5498046875,4306.240234375,4307.5400390625,4448140000,4441.615991210938,4443.234794921875,33.68478237937509,False,1.0,0.0
2021-10-01,4317.16015625,4375.18994140625,4288.52001953125,4357.0400390625,4010370000,4432.6204833984375,4443.02599609375,38.880619579240665,False,0.0,-1.0
2021-10-04,4348.83984375,4355.509765625,4278.93994140625,4300.4599609375,4307870000,4420.87197265625,4440.79939453125,36.6271252880427,False,0.0,0.0
2021-10-05,4309.8701171875,4369.22998046875,4309.8701171875,4345.72021484375,3902890000,4412.156494140625,4439.267802734375,37.518973991297024,False,0.0,0.0
2021-10-06,4319.56982421875,4365.56982421875,4290.490234375,4363.5498046875,4009630000,4404.6304931640625,4438.509599609375,40.011224039981656,False,0.0,0.0
2021-10-07,4383.72998046875,4429.97021484375,4383.72998046875,4399.759765625,3843740000,4399.9544921875,4438.4919921875,46.962870403427345,False,0.0,0.0
2021-10-08,4406.509765625,4412.02001953125,4386.22021484375,4391.33984375,3280160000,4396.59248046875,4437.935791015625,53.499350795263084,False,0.0,0.0
2021-10-11,4385.43994140625,4415.8798828125,4360.58984375,4361.18994140625,3281970000,4391.215478515625,4437.25439453125,50.690553444674805,False,0.0,0.0
2021-10-12,4368.31005859375,4374.89013671875,4342.08984375,4350.64990234375,3558450000,4386.595483398438,4436.524189453125,45.27343685877969,False,0.0,0.0
2021-10-13,4358.009765625,4372.8701171875,4329.919921875,4363.7998046875,3620070000,4380.750463867187,4435.3371875,40.22579687246119,False,0.0,0.0
2021-10-14,4386.75,4439.72998046875,4386.75,4438.259765625,3598280000,4378.9759521484375,4436.0491796875,48.29062687516298,False,0.0,0.0
2021-10-15,4447.68994140625,4475.81982421875,4447.68994140625,4471.3701171875,3819380000,4380.894946289062,4436.894580078125,52.69432700248498,False,0.0,0.0
2021-10-18,4463.72021484375,4488.75,4447.47021484375,4486.4599609375,3662010000,4387.3314453125,4437.89337890625,64.90147381515223,False,0.0,0.0
2021-10-19,4497.33984375,4520.39990234375,4496.41015625,4519.6298828125,3459130000,4395.603442382812,4439.638974609375,66.84617265031358,False,0.0,0.0
2021-10-20,4524.419921875,4540.8701171875,4524.39990234375,4536.18994140625,3670760000,4402.630932617188,4441.6277734375,75.98118468986807,False,0.0,0.0
2021-10-21,4532.240234375,4551.43994140625,4526.89013671875,4549.77978515625,3822330000,4407.670922851563,4443.775166015625,73.84686764849808,False,0.0,0.0
2021-10-22,4546.1201171875,4559.669921875,4524.0,4544.89990234375,3758220000,4412.141918945313,4445.4565625,84.68025853648399,False,0.0,0.0
2021-10-25,4553.68994140625,4572.6201171875,4537.35986328125,4566.47998046875,3899400000,4418.3104248046875,4447.426162109375,83.57672690112854,False,0.0,0.0
2021-10-26,4578.68994140625,4598.52978515625,4569.169921875,4574.7900390625,3879740000,4429.418432617187,4449.327763671875,83.08696436929647,False,0.0,0.0
2021-10-27,4580.22021484375,4584.56982421875,4551.66015625,4551.68017578125,4226050000,4439.029443359375,4451.399765625,74.81389558373861,False,0.0,0.0
2021-10-28,4562.83984375,4597.5498046875,4562.83984375,4596.419921875,4132950000,4453.4734375,4455.322763671875,79.94399101118469,False,0.0,0.0
2021-10-29,4572.8701171875,4608.080078125,4567.58984375,4605.3798828125,4510200000,4465.8904296875,4459.314365234375,88.00627432860276,True,0.0,0.0
2021-11-01,4610.6201171875,4620.33984375,4595.06005859375,4613.669921875,3971540000,4481.550927734375,4462.754365234375,91.22577149320921,True,0.0,0.0
2021-11-02,4613.33984375,4635.14990234375,4613.33984375,4630.64990234375,3975250000,4495.797412109375,4465.776767578125,91.32986969772595,True,0.0,0.0
2021-11-03,4630.64990234375,4663.4599609375,4621.18994140625,4660.56982421875,4319660000,4510.648413085937,4469.263564453125,89.94222168415105,True,0.0,0.0
2021-11-04,4662.93017578125,4683.0,4662.58984375,4680.06005859375,4462300000,4524.663427734375,4472.940966796875,89.42463974260345,True,0.0,0.0
2021-11-05,4699.259765625,4718.5,4681.31982421875,4697.52978515625,4467180000,4539.972924804688,4477.4915625,89.51888494963586,True,0.0,0.0
2021-11-08,4701.47998046875,4714.919921875,4694.39013671875,4701.7001953125,4269710000,4556.9984375,4481.3381640625,88.2420629874099,True,0.0,0.0
2021-11-09,4707.25,4708.52978515625,4670.8701171875,4685.25,4117080000,4573.728442382812,4484.46736328125,81.32304263689178,True,0.0,0.0
2021-11-10,4670.259765625,4684.85009765625,4630.85986328125,4646.7099609375,4503720000,4587.873950195312,4486.947958984375,68.43549115061506,True,0.0,0.0
2021-11-11,4659.39013671875,4664.5498046875,4648.31005859375,4649.27001953125,3926870000,4598.424462890625,4489.4515625,70.02724642460949,True,0.0,0.0
2021-11-12,4655.240234375,4688.47021484375,4650.77001953125,4682.85009765625,3728600000,4608.998461914062,4492.369560546875,71.34680701653816,True,0.0,0.0
2021-11-15,4689.2998046875,4697.419921875,4672.85986328125,4682.7998046875,3488410000,4618.815454101563,4495.316953125,70.43236013508022,True,0.0,0.0
2021-11-16,4679.419921875,4714.9501953125,4679.419921875,4700.89990234375,3972640000,4627.878955078125,4498.93435546875,78.77348186981214,True,0.0,0.0
2021-11-17,4701.5,4701.5,4684.41015625,4688.669921875,3969070000,4635.502954101563,4502.426357421875,70.33810725389047,True,0.0,0.0
2021-11-18,4700.72021484375,4708.7998046875,4672.77978515625,4704.5400390625,4226410000,4643.240966796875,4506.6515625,71.2151602523923,True,0.0,0.0
2021-11-19,4708.43994140625,4717.75,4694.22021484375,4697.9599609375,4253180000,4650.893969726562,4511.43916015625,68.16664491768361,True,0.0,0.0
2021-11-22,4712.0,4743.830078125,4682.169921875,4682.93994140625,4441100000,4656.716967773437,4515.723359375,61.3658555223475,True,0.0,0.0
2021-11-23,4678.47998046875,4699.39013671875,4652.66015625,4690.7001953125,4277590000,4662.512475585938,4520.6763671875,57.247352139077,True,0.0,0.0
2021-11-24,4675.77978515625,4702.8701171875,4659.89013671875,4701.4599609375,3418430000,4670.00146484375,4525.0915625,55.37304979146285,True,0.0,0.0
2021-11-26,4664.6298828125,4664.6298828125,4585.43017578125,4594.6201171875,3517700000,4669.911474609375,4527.50896484375,32.1653965078672,True,0.0,0.0
2021-11-29,4628.75,4672.9501953125,4625.259765625,4655.27001953125,4336410000,4672.405981445312,4531.954560546875,43.2708080635094,True,0.0,0.0
2021-11-30,4640.25,4646.02001953125,4560.0,4567.0,6625990000,4670.072485351562,4536.1399609375,35.81489829293322,True,0.0,0.0
2021-12-01,4602.81982421875,4652.93994140625,4510.27001953125,4513.0400390625,5366730000,4664.1919921875,4539.316962890625,34.53719351835953,True,0.0,0.0
2021-12-02,4504.72998046875,4595.4599609375,4504.72998046875,4577.10009765625,5077180000,4660.018505859375,4542.946162109375,42.69136437359073,True,0.0,0.0
2021-12-03,4589.490234375,4608.02978515625,4495.1201171875,4538.43017578125,5240070000,4652.93701171875,4544.735166015625,35.52385315353412,True,0.0,0.0
2021-12-06,4548.3701171875,4612.60009765625,4540.509765625,4591.669921875,4770800000,4647.644018554687,4547.45896484375,41.745627660289635,True,0.0,0.0
2021-12-07,4631.97021484375,4694.0400390625,4631.97021484375,4686.75,4492400000,4646.896508789063,4552.331767578125,48.875188154367706,True,0.0,0.0
2021-12-08,4690.85986328125,4705.06005859375,4674.52001953125,4701.2099609375,4234600000,4647.694506835937,4559.303369140625,50.99331805826085,True,0.0,0.0
2021-12-09,4691.0,4695.259765625,4665.97998046875,4667.4501953125,3903840000,4648.731518554688,4565.463173828125,47.14302048479888,True,0.0,0.0
2021-12-10,4687.64013671875,4713.56982421875,4670.240234375,4712.02001953125,3870110000,4651.8690185546875,4573.5527734375,51.0231463090339,True,0.0,0.0
2021-12-13,4710.2998046875,4710.2998046875,4667.60009765625,4668.97021484375,4397230000,4651.175024414062,4579.791376953125,49.023272137344115,True,0.0,0.0
2021-12-14,4642.990234375,4660.47021484375,4606.52001953125,4634.08984375,4485430000,4648.739526367188,4586.463974609375,46.186566113598474,True,0.0,0.0
2021-12-15,4636.4599609375,4712.60009765625,4611.22021484375,4709.85009765625,4910130000,4649.187036132813,4593.746572265625,50.51967431363855,True,0.0,0.0
2021-12-16,4719.1298828125,4731.990234375,4651.89013671875,4668.669921875,4829500000,4648.187036132813,4599.848974609375,54.99263880914631,True,0.0,0.0
2021-12-17,4652.5,4666.7001953125,4600.22021484375,4620.64013671875,7987090000,4643.992041015625,4604.26658203125,47.624737931450234,True,0.0,0.0
2021-12-20,4587.89990234375,4587.89990234375,4531.10009765625,4568.02001953125,4635700000,4637.495043945312,4607.800185546875,50.0735605340868,True,0.0,0.0
2021-12-21,4594.9599609375,4651.14013671875,4583.16015625,4649.22998046875,4072430000,4635.809545898437,4613.560986328125,59.45015575374037,True,0.0,0.0
2021-12-22,4650.35986328125,4697.669921875,4645.52978515625,4696.56005859375,3319610000,4636.1025390625,4620.479189453125,58.486302814360954,True,0.0,0.0
2021-12-23,4703.9599609375,4740.740234375,4703.9599609375,4725.7900390625,2913040000,4637.31904296875,4627.718994140625,63.49077546301993,True,0.0,0.0
2021-12-27,4733.990234375,4791.490234375,4733.990234375,4791.18994140625,2770290000,4647.147534179688,4634.77759765625,64.11911253010466,True,0.0,0.0
2021-12-28,4795.490234375,4807.02001953125,4780.0400390625,4786.35009765625,2707920000,4653.7015380859375,4641.077197265625,58.08022829563398,True,0.0,0.0
2021-12-29,4788.64013671875,4804.06005859375,4778.080078125,4793.06005859375,2963310000,4665.004541015625,4647.20919921875,57.546389419994846,True,0.0,0.0
2021-12-30,4794.22998046875,4808.93017578125,4775.330078125,4778.72998046875,3124950000,4678.289038085937,4652.391201171875,59.44425428014709,True,0.0,0.0
2021-12-31,4775.2099609375,4786.830078125,4765.75,4766.18017578125,2677820000,4687.7430419921875,4656.991005859375,54.86072523492921,True,0.0,0.0
2022-01-03,4778.14013671875,4796.64013671875,4758.169921875,4796.56005859375,3831020000,4700.6495361328125,4661.926611328125,61.71731086226967,True,0.0,0.0
2022-01-04,4804.509765625,4818.6201171875,4774.27001953125,4793.5400390625,4683170000,4710.7430419921875,4666.8994140625,65.55339003071109,True,0.0,0.0
2022-01-05,4787.990234375,4797.7001953125,4699.43994140625,4700.580078125,4887960000,4711.434545898437,4669.581416015625,49.125122464421956,True,0.0,0.0
2022-01-06,4693.39013671875,4725.009765625,4671.259765625,4696.0498046875,4295280000,4711.176538085938,4672.006611328125,52.77607802366454,True,0.0,0.0
2022-01-07,4697.66015625,4707.9501953125,4662.740234375,4677.02978515625,4181510000,4711.655517578125,4674.513603515625,56.07477028798428,True,0.0,0.0
2022-01-10,4655.33984375,4673.02001953125,4582.240234375,4670.2900390625,4511810000,4709.569018554687,4675.991005859375,62.22595803052856,True,0.0,0.0
2022-01-11,4669.14013671875,4714.1298828125,4638.27001953125,4713.06982421875,4101590000,4711.773999023438,4678.1448046875,58.403974957255066,True,0.0,0.0
2022-01-12,4728.58984375,4748.830078125,4706.7099609375,4726.35009765625,4048220000,4716.38701171875,4680.398408203125,54.30778833444423,True,0.0,0.0
2022-01-13,4733.56005859375,4744.1298828125,4650.2900390625,4659.02978515625,4251730000,4713.84599609375,4680.966005859375,41.30408512424553,True,0.0,0.0
2022-01-14,4637.990234375,4665.1298828125,4614.75,4662.85009765625,4338490000,4713.555004882813,4681.011611328125,30.08878384315865,True,0.0,0.0
2022-01-18,4632.240234375,4632.240234375,4568.7001953125,4577.10986328125,4748700000,4711.378491210938,4678.952607421875,24.051305900105845,True,0.0,0.0
2022-01-19,4588.02978515625,4611.5498046875,4530.2001953125,4532.759765625,4465740000,4709.615478515625,4675.65720703125,20.475497922576523,True,0.0,0.0
2022-01-20,4547.35009765625,4602.10986328125,4477.9501953125,4482.72998046875,4640870000,4701.290478515625,4671.277802734375,18.94152558524624,True,0.0,0.0
2022-01-21,4471.3798828125,4494.52001953125,4395.33984375,4397.93994140625,5589100000,4686.35947265625,4665.5316015625,16.448015859598414,True,0.0,0.0
2022-01-24,4356.31982421875,4417.35009765625,4222.6201171875,4410.1298828125,6928110000,4670.57646484375,4660.8,13.583542930345686,True,0.0,0.0
2022-01-25,4366.64013671875,4411.009765625,4287.10986328125,4356.4501953125,5145050000,4648.8394775390625,4654.943603515625,12.399610201955724,False,0.0,0.0
2022-01-26,4408.43017578125,4453.22998046875,4304.7998046875,4349.93017578125,5570640000,4627.018481445312,4648.285205078125,14.565823013408263,False,0.0,0.0
2022-01-27,4380.580078125,4428.740234375,4309.5,4326.509765625,5214200000,4603.690966796875,4641.159404296875,14.03017819086746,False,0.0,0.0
2022-01-28,4336.18994140625,4432.72021484375,4292.4599609375,4431.85009765625,5031090000,4586.34697265625,4635.778408203125,29.56839262956929,False,0.0,0.0
2022-01-31,4431.7900390625,4516.89013671875,4414.02001953125,4515.5498046875,5098610000,4573.815454101563,4632.316005859375,38.570962827895805,False,0.0,0.0
2022-02-01,4519.56982421875,4550.490234375,4483.52978515625,4546.5400390625,4816830000,4561.314453125,4629.156005859375,37.48218966710735,False,0.0,0.0
2022-02-02,4566.39013671875,4595.31005859375,4544.31982421875,4589.3798828125,4481580000,4551.1064453125,4626.984404296875,40.142211639088586,False,0.0,0.0
2022-02-03,4535.41015625,4542.8798828125,4470.39013671875,4477.43994140625,4401970000,4539.949438476562,4622.874404296875,37.719638882835035,False,0.0,0.0
2022-02-04,4482.7900390625,4539.66015625,4451.5,4500.52978515625,4706290000,4530.1734375,4619.07099609375,39.30160769386234,False,0.0,0.0
2022-02-07,4505.75,4521.85986328125,4471.47021484375,4483.8701171875,4228480000,4520.515454101563,4614.71919921875,43.23898491478051,False,0.0,0.0
2022-02-08,4480.02001953125,4531.31982421875,4465.39990234375,4521.5400390625,4459620000,4513.077954101563,4613.25759765625,49.17847458984509,False,0.0,0.0
2022-02-09,4547.0,4590.02978515625,4547.0,4587.18017578125,4524350000,4506.783471679688,4611.89580078125,57.47707390458774,False,0.0,0.0
2022-02-10,4553.240234375,4588.919921875,4484.31005859375,4504.080078125,5314860000,4495.669970703125,4610.63740234375,57.61647646644546,False,0.0,0.0
2022-02-11,4506.27001953125,4526.330078125,4401.41015625,4418.64013671875,5251500000,4483.65048828125,4608.749404296875,50.552592514620926,False,0.0,0.0
2022-02-14,4412.60986328125,4426.22021484375,4364.83984375,4401.669921875,4600390000,4470.591479492187,4605.24080078125,53.083217919352265,False,0.0,0.0
2022-02-15,4429.27978515625,4472.77001953125,4429.27978515625,4471.06982421875,4430830000,4465.289477539062,4603.89359375,57.607361135471336,False,0.0,0.0
2022-02-16,4455.75,4489.5498046875,4429.68017578125,4475.009765625,4283640000,4462.4019775390625,4601.560390625,59.55943276072123,False,0.0,0.0
2022-02-17,4456.06005859375,4456.06005859375,4373.81005859375,4380.259765625,4539420000,4457.278466796875,4595.4305859375,46.633053606903104,False,0.0,0.0
2022-02-18,4384.56982421875,4394.60009765625,4327.22021484375,4348.8701171875,4708060000,4454.824975585938,4588.3837890625,38.32479878952215,False,0.0,0.0
2022-02-22,4332.740234375,4362.1201171875,4267.10986328125,4304.759765625,5121900000,4449.556469726563,4581.12998046875,33.3699854645305,False,0.0,0.0
2022-02-23,4324.93017578125,4341.509765625,4221.509765625,4225.5,4797430000,4443.008959960937,4571.399580078125,26.165886296182578,False,0.0,0.0
2022-02-24,4155.77001953125,4294.72998046875,4114.64990234375,4288.7001953125,6752130000,4439.9474609375,4563.7941796875,36.79439113765859,False,0.0,0.0
2022-02-25,4298.3798828125,4385.33984375,4286.830078125,4384.64990234375,5177060000,4442.854467773437,4558.805380859375,42.64235551769081,False,0.0,0.0
2022-02-28,4354.169921875,4388.83984375,4315.1201171875,4373.93994140625,6071370000,4439.958959960937,4552.087177734375,42.96698744762031,False,0.0,0.0
2022-03-01,4363.14013671875,4378.4501953125,4279.5400390625,4306.259765625,5846230000,4429.494458007813,4544.838974609375,36.736312253539936,False,0.0,0.0
2022-03-02,4322.56005859375,4401.47998046875,4322.56005859375,4386.5400390625,5337870000,4421.494458007813,4540.15697265625,37.85736195321915,False,0.0,0.0
2022-03-03,4401.31005859375,4416.77978515625,4345.56005859375,4363.490234375,5039890000,4410.199975585938,4536.066376953125,40.82467301537124,False,0.0,0.0
2022-03-04,4342.1201171875,4342.1201171875,4284.97998046875,4328.8701171875,5797380000,4402.771484375,4529.6591796875,43.725097357939326,False,0.0,0.0
2022-03-07,4327.009765625,4327.009765625,4199.85009765625,4201.08984375,6940470000,4387.799487304687,4519.749775390625,37.86011416790886,False,0.0,0.0
2022-03-08,4202.66015625,4276.93994140625,4157.8701171875,4170.7001953125,7243120000,4372.1409912109375,4508.647978515625,30.919459727382304,False,0.0,0.0
2022-03-09,4223.10009765625,4299.39990234375,4223.10009765625,4277.8798828125,5662670000,4359.957983398437,4498.38177734375,38.92963613748988,False,0.0,0.0
2022-03-10,4252.5498046875,4268.27978515625,4209.7998046875,4259.52001953125,4980830000,4343.574975585938,4487.84517578125,42.583184412134685,False,0.0,0.0
2022-03-11,4279.5,4291.009765625,4200.490234375,4204.31005859375,4938640000,4328.586474609375,4476.07017578125,41.372430968432305,False,0.0,0.0
2022-03-14,4202.75,4247.56982421875,4161.72021484375,4173.10986328125,5574920000,4316.3099609375,4463.9577734375,42.019956988941786,False,0.0,0.0
2022-03-15,4188.81982421875,4271.0498046875,4187.89990234375,4262.4501953125,5392470000,4309.348974609375,4453.883173828125,52.212718526203254,False,0.0,0.0
2022-03-16,4288.14013671875,4358.89990234375,4251.990234375,4357.85986328125,6309750000,4303.6884765625,4445.109169921875,53.9877124434737,False,0.0,0.0
2022-03-17,4345.10986328125,4412.669921875,4335.64990234375,4411.669921875,4985090000,4300.521484375,4437.471767578125,51.6375372046488,False,0.0,0.0
2022-03-18,4407.33984375,4465.39990234375,4390.56982421875,4463.1201171875,8278430000,4304.664501953125,4432.722568359375,55.1503967396791,False,0.0,0.0
2022-03-21,4462.39990234375,4481.75,4424.2998046875,4461.18017578125,4869820000,4310.280004882812,4428.02517578125,59.68228334129822,False,0.0,0.0
2022-03-22,4469.10009765625,4522.0,4469.10009765625,4511.60986328125,4754840000,4320.622509765625,4424.71677734375,58.11963048410994,False,0.0,0.0
2022-03-23,4493.10009765625,4501.06982421875,4455.81005859375,4456.240234375,4550670000,4332.159521484375,4420.43578125,55.77889355508799,False,0.0,0.0
2022-03-24,4469.97998046875,4520.580078125,4465.169921875,4520.16015625,4131390000,4343.73251953125,4416.577587890625,61.49871089237242,False,0.0,0.0
2022-03-25,4522.91015625,4546.02978515625,4501.06982421875,4543.06005859375,4305020000,4351.65302734375,4412.911787109375,73.52222630480503,False,0.0,0.0
2022-03-28,4541.08984375,4575.64990234375,4517.68994140625,4575.52001953125,4312260000,4361.73203125,4411.241591796875,77.76621974360812,False,0.0,0.0
2022-03-29,4602.85986328125,4637.2998046875,4589.66015625,4631.60009765625,5085910000,4377.999047851563,4410.616591796875,76.09020260074033,False,0.0,0.0
2022-03-30,4624.2001953125,4627.77001953125,4581.31982421875,4602.4501953125,4385570000,4388.7945556640625,4411.1233984375,74.89802502135927,False,0.0,0.0
2022-03-31,4599.02001953125,4603.06982421875,4530.41015625,4530.41015625,4823020000,4397.140551757812,4411.07640625,73.11129152037252,False,0.0,0.0
2022-04-01,4540.31982421875,4548.7001953125,4507.56982421875,4545.85986328125,4562940000,4407.9900390625,4412.33900390625,77.02069791576703,False,0.0,0.0
2022-04-04,4547.97021484375,4583.5,4539.2099609375,4582.64013671875,4547350000,4427.067553710937,4416.0330078125,75.12519512047467,True,0.0,0.0
2022-04-05,4572.4501953125,4593.4501953125,4514.169921875,4525.1201171875,4800620000,4444.788549804687,4418.3328125,63.95465081699413,True,0.0,0.0
2022-04-06,4494.169921875,4503.93994140625,4450.0400390625,4481.14990234375,4986830000,4454.95205078125,4420.826806640625,55.893533287000714,True,0.0,0.0
2022-04-07,4474.64990234375,4521.16015625,4450.2998046875,4500.2099609375,4821490000,4466.986547851562,4423.83240234375,53.32901502176394,True,0.0,0.0
2022-04-08,4494.14990234375,4520.41015625,4474.60009765625,4488.27978515625,4083200000,4481.185034179687,4427.067802734375,52.38948523168965,True,0.0,0.0
2022-04-11,4462.64013671875,4464.35009765625,4408.3798828125,4412.52978515625,4266290000,4493.156030273438,4426.681396484375,41.63711656997974,True,0.0,0.0
2022-04-12,4437.58984375,4471.0,4381.33984375,4397.4501953125,4152090000,4499.906030273438,4424.319404296875,44.67568189054374,True,0.0,0.0
2022-04-13,4394.2998046875,4453.919921875,4392.7001953125,4446.58984375,3828150000,4504.342529296875,4422.320400390625,43.15382448360157,True,0.0,0.0
2022-04-14,4449.1201171875,4460.4599609375,4390.77001953125,4392.58984375,4083090000,4503.388525390625,4418.384599609375,36.76392896504862,True,0.0,0.0
2022-04-18,4385.6298828125,4410.31005859375,4370.2998046875,4391.68994140625,3910490000,4499.8170166015625,4416.669599609375,32.878810479249964,True,0.0,0.0
2022-04-19,4390.6298828125,4471.02978515625,4390.6298828125,4462.2099609375,4108120000,4499.868505859375,4415.903203125,34.63691752558145,True,0.0,0.0
2022-04-20,4472.259765625,4488.2900390625,4448.759765625,4459.4501953125,4290450000,4497.260522460938,4415.4148046875,36.37834257679578,True,0.0,0.0
2022-04-21,4489.169921875,4512.93994140625,4384.47021484375,4393.66015625,4636890000,4494.131518554687,4412.85720703125,36.816720862667275,True,0.0,0.0
2022-04-22,4385.830078125,4385.830078125,4267.6201171875,4271.77978515625,4651940000,4481.7125,4406.54919921875,28.07640271090267,True,0.0,0.0
2022-04-25,4255.33984375,4299.02001953125,4200.81982421875,4296.1201171875,5240040000,4469.365502929688,4402.39,26.61596079340903,True,0.0,0.0
2022-04-26,4278.14013671875,4278.14013671875,4175.0400390625,4175.2001953125,4689970000,4449.34951171875,4397.521201171875,24.119881837157735,True,0.0,0.0
2022-04-27,4186.52001953125,4240.7099609375,4162.89990234375,4183.9599609375,4769680000,4426.967504882812,4393.167001953125,26.81209278439279,True,0.0,0.0
2022-04-28,4222.580078125,4308.4501953125,4188.6298828125,4287.5,4854180000,4411.219995117188,4389.49560546875,35.33660869483262,True,0.0,0.0
2022-04-29,4253.75,4269.68017578125,4124.27978515625,4131.93017578125,5084030000,4391.29599609375,4382.634013671875,29.495372014511062,True,1.0,1.0
2022-05-02,4130.60986328125,4169.81005859375,4062.510009765625,4155.3798828125,5163790000,4371.771997070313,4378.136416015625,34.25578640798757,False,1.0,0.0
2022-05-03,4159.77978515625,4200.10009765625,4147.080078125,4175.47998046875,4582050000,4351.413989257812,4374.66861328125,36.4927301802554,False,0.0,-1.0
2022-05-04,4181.18017578125,4307.66015625,4148.91015625,4300.169921875,5136360000,4340.166479492187,4374.57681640625,41.840353174356984,False,0.0,0.0
2022-05-05,4270.43017578125,4270.43017578125,4106.009765625,4146.8701171875,5077030000,4323.452490234375,4373.00421875,37.671103332301094,False,0.0,0.0
2022-05-06,4128.169921875,4157.68994140625,4067.909912109375,4123.33984375,5116940000,4304.608984375,4369.69701171875,36.83461103027522,False,0.0,0.0
2022-05-09,4081.27001953125,4081.27001953125,3975.47998046875,3991.239990234375,5954520000,4279.756994628906,4361.828813476563,28.21055741913389,False,0.0,0.0
2022-05-10,4035.179931640625,4068.820068359375,3958.169921875,4001.050048828125,5885820000,4259.1830078125,4354.371015625,28.929556797403322,False,0.0,0.0
2022-05-11,3990.080078125,4049.090087890625,3928.820068359375,3935.179931640625,5816140000,4236.069494628906,4346.949418945313,28.9274272729823,False,0.0,0.0
2022-05-12,3903.949951171875,3964.800048828125,3858.8701171875,3930.080078125,6286450000,4210.244006347656,4337.820219726563,32.406194579466415,False,0.0,0.0
2022-05-13,3963.89990234375,4038.8798828125,3963.89990234375,4023.889892578125,5183340000,4191.809008789062,4331.028212890625,36.918914644907694,False,0.0,0.0
2022-05-16,4013.02001953125,4046.4599609375,3983.989990234375,4008.010009765625,4415030000,4172.625012207031,4324.611010742187,41.064213192339466,False,0.0,0.0
2022-05-17,4052.0,4090.719970703125,4033.929931640625,4088.85009765625,4841410000,4153.957019042969,4322.366215820312,45.28032611871912,False,0.0,0.0
2022-05-18,4051.97998046875,4051.97998046875,3911.909912109375,3923.679931640625,5103220000,4127.168505859375,4317.425810546875,32.98665174266695,False,0.0,0.0
2022-05-19,3899.0,3945.9599609375,3876.580078125,3900.7900390625,5113550000,4102.525,4309.884013671875,37.6598838497565,False,0.0,0.0
2022-05-20,3927.760009765625,3943.419921875,3810.320068359375,3901.360107421875,5130730000,4084.004016113281,4302.720815429688,36.09877854856479,False,0.0,0.0
2022-05-23,3919.419921875,3981.8798828125,3909.0400390625,3973.75,4420030000,4067.8855102539064,4298.109614257813,39.557945977915,False,0.0,0.0
2022-05-24,3942.93994140625,3955.679931640625,3875.1298828125,3941.47998046875,4923190000,4056.199499511719,4293.477016601562,29.46893468881028,False,0.0,0.0
2022-05-25,3929.590087890625,3999.330078125,3925.030029296875,3978.72998046875,4802560000,4045.9380004882814,4287.8026123046875,38.901347820789915,False,0.0,0.0
2022-05-26,3984.60009765625,4075.139892578125,3984.60009765625,4057.840087890625,4709970000,4034.4550048828123,4281.802216796875,45.97202108042746,False,0.0,0.0
2022-05-27,4077.429931640625,4158.490234375,4077.429931640625,4158.240234375,4375620000,4035.7705078125,4276.733623046875,60.68650949506804,False,0.0,0.0
2022-05-31,4151.08984375,4168.33984375,4104.8798828125,4132.14990234375,6822640000,4034.6090087890625,4270.11421875,58.21797997327934,False,0.0,0.0
2022-06-01,4149.77978515625,4166.5400390625,4073.85009765625,4101.22998046875,4531800000,4030.8965087890624,4262.91521484375,60.885812612696824,False,0.0,0.0
2022-06-02,4095.409912109375,4177.509765625,4074.3701171875,4176.81982421875,4405790000,4024.72900390625,4256.2194140625,64.80710614978261,False,0.0,0.0
2022-06-03,4137.56982421875,4142.669921875,4098.669921875,4108.5400390625,3711110000,4022.8125,4249.26541015625,55.240520716355284,False,0.0,0.0
2022-06-06,4134.72021484375,4168.77978515625,4109.18017578125,4121.43017578125,4332700000,4022.7170166015626,4241.290810546875,57.04770397304035,False,0.0,0.0
2022-06-07,4096.47021484375,4164.85986328125,4080.18994140625,4160.68017578125,4248210000,4031.1890258789062,4233.643212890625,54.70664871561229,False,0.0,0.0
2022-06-08,4147.1201171875,4160.14013671875,4107.2001953125,4115.77001953125,4159470000,4036.9250244140626,4224.448212890625,64.94142883783255,False,0.0,0.0
2022-06-09,4101.64990234375,4119.10009765625,4017.169921875,4017.820068359375,4134170000,4041.05703125,4212.172612304687,58.15119522975979,False,0.0,0.0
2022-06-10,3974.389892578125,3974.389892578125,3900.159912109375,3900.860107421875,4889640000,4039.5960327148437,4198.140810546875,49.97003333206521,False,0.0,0.0
2022-06-13,3838.14990234375,3838.14990234375,3734.300048828125,3749.6298828125,5636890000,4025.8830322265626,4182.525205078125,37.727523087864896,False,0.0,0.0
2022-06-14,3763.52001953125,3778.179931640625,3705.679931640625,3735.47998046875,5153890000,4012.2565307617188,4166.317607421875,38.49136896318443,False,0.0,0.0
2022-06-15,3764.050048828125,3837.56005859375,3722.300048828125,3789.989990234375,5530480000,3997.313525390625,4150.464604492187,39.65514057535093,False,0.0,0.0
2022-06-16,3728.179931640625,3728.179931640625,3639.77001953125,3666.77001953125,5644930000,3984.4680297851564,4133.297602539063,29.55403729847589,False,0.0,0.0
2022-06-17,3665.89990234375,3707.7099609375,3636.8701171875,3674.840087890625,8520740000,3973.1705322265625,4117.17140625,22.02611056654837,False,0.0,0.0
2022-06-21,3715.31005859375,3779.64990234375,3715.31005859375,3764.7900390625,5292260000,3966.3420288085936,4102.4630078125,30.20434163483833,False,0.0,0.0
2022-06-22,3733.889892578125,3801.7900390625,3717.68994140625,3759.889892578125,5058990000,3955.6490234375,4087.8952099609373,31.07577410944556,False,0.0,0.0
2022-06-23,3774.7099609375,3802.580078125,3743.52001953125,3795.72998046875,5098640000,3948.3615234375,4075.5592138671873,27.897850138366408,False,0.0,0.0
2022-06-24,3821.75,3913.64990234375,3821.75,3911.739990234375,8120260000,3945.0120239257812,4065.845009765625,39.184915798317384,False,0.0,0.0
2022-06-27,3920.760009765625,3927.719970703125,3889.659912109375,3900.110107421875,4325310000,3937.125524902344,4054.9154150390623,37.82055571006128,False,0.0,0.0
2022-06-28,3913.0,3945.860107421875,3820.139892578125,3821.550048828125,4270120000,3920.291015625,4043.494619140625,32.11132142486437,False,0.0,0.0
2022-06-29,3825.090087890625,3836.5,3799.02001953125,3818.830078125,4211240000,3904.6250244140624,4032.037421875,33.60716145678899,False,0.0,0.0
2022-06-30,3785.989990234375,3818.989990234375,3738.669921875,3785.3798828125,4840070000,3888.83251953125,4018.5008203125,36.184019013471556,False,0.0,0.0
2022-07-01,3781.0,3829.820068359375,3752.10009765625,3825.330078125,4046950000,3871.2580322265626,4005.81841796875,45.05816860349027,False,0.0,0.0
2022-07-05,3792.610107421875,3832.18994140625,3742.06005859375,3831.389892578125,5076590000,3857.400524902344,3994.5730126953126,56.60398492293651,False,0.0,0.0
2022-07-06,3831.97998046875,3870.909912109375,3809.3701171875,3845.080078125,4417720000,3843.5830200195314,3986.0390185546876,58.85928614506336,False,0.0,0.0
2022-07-07,3858.85009765625,3910.6298828125,3858.85009765625,3902.6201171875,4057770000,3830.6800170898437,3978.1690185546877,59.05983224896751,False,0.0,0.0
2022-07-08,3888.260009765625,3918.5,3869.340087890625,3899.3798828125,3521620000,3819.8605102539063,3972.6526123046874,73.18628753654,False,0.0,0.0
2022-07-11,3880.93994140625,3880.93994140625,3847.219970703125,3854.429931640625,3423480000,3811.6910034179687,3966.06201171875,66.6752959887707,False,0.0,0.0
2022-07-12,3851.949951171875,3873.409912109375,3802.360107421875,3818.800048828125,3817210000,3807.588000488281,3956.6880126953124,55.577579856017884,False,0.0,0.0
2022-07-13,3779.669921875,3829.43994140625,3759.070068359375,3801.780029296875,4109390000,3810.1955078125,3950.085009765625,54.22032402501763,False,0.0,0.0
2022-07-14,3763.989990234375,3796.409912109375,3721.56005859375,3790.3798828125,4199690000,3812.9405029296877,3942.785009765625,49.433072903192425,False,0.0,0.0
2022-07-15,3818.0,3863.6201171875,3817.179931640625,3863.159912109375,4143800000,3816.5989990234375,3936.5386083984376,44.33297448779071,False,0.0,0.0
2022-07-18,3883.7900390625,3902.43994140625,3818.6298828125,3830.85009765625,4046870000,3824.8030029296874,3927.1522119140627,42.292463056997775,False,0.0,0.0
2022-07-19,3860.72998046875,3939.81005859375,3860.72998046875,3936.68994140625,4041070000,3837.8954956054686,3922.9486083984375,62.0797992698019,False,0.0,0.0
2022-07-20,3935.320068359375,3974.1298828125,3922.030029296875,3959.89990234375,4185300000,3847.650988769531,3919.6798095703125,64.19012770137525,False,0.0,0.0
2022-07-21,3955.469970703125,3999.2900390625,3927.639892578125,3998.949951171875,4132790000,3859.6039916992186,3919.8340087890624,71.24355917640996,False,0.0,0.0
2022-07-22,3998.429931640625,4012.43994140625,3938.860107421875,3961.6298828125,3979240000,3867.8989868164062,3919.04560546875,63.628889092865606,False,0.0,0.0
2022-07-25,3965.719970703125,3975.300048828125,3943.4599609375,3966.840087890625,3568340000,3870.6539916992188,3919.67880859375,63.56698639007299,False,0.0,0.0
2022-07-26,3953.219970703125,3953.219970703125,3910.739990234375,3921.050048828125,3778950000,3871.7009887695312,3919.4982080078125,57.14957275758043,False,0.0,0.0
2022-07-27,3951.429931640625,4039.56005859375,3951.429931640625,4023.610107421875,4112180000,3881.803991699219,3919.4926123046876,60.496948402650716,False,0.0,0.0
2022-07-28,4026.1298828125,4078.949951171875,3992.969970703125,4072.429931640625,4413000000,3894.483984375,3920.7810107421874,63.91323857272576,False,0.0,0.0
2022-07-29,4087.330078125,4140.14990234375,4079.219970703125,4130.2900390625,4616360000,3911.7294921875,3921.6098095703123,71.72811012941222,False,0.0,0.0
2022-08-01,4112.3798828125,4144.9501953125,4096.02001953125,4118.6298828125,4202810000,3926.394482421875,3925.50880859375,74.54280862091775,True,0.0,0.0
2022-08-02,4104.2099609375,4140.47021484375,4079.81005859375,4091.18994140625,4727710000,3939.384484863281,3929.316806640625,73.2925391047303,True,0.0,0.0
2022-08-03,4107.9599609375,4167.66015625,4107.9599609375,4155.169921875,4351760000,3954.8889770507812,3934.3930029296876,77.0683998017397,True,0.0,0.0
2022-08-04,4154.85009765625,4161.2900390625,4135.419921875,4151.93994140625,4283320000,3967.3549682617186,3937.9568017578126,73.89455345999869,True,0.0,0.0
2022-08-05,4115.8701171875,4151.580078125,4107.31005859375,4145.18994140625,4085940000,3979.645471191406,3942.0310009765626,77.15818764295881,True,0.0,0.0
2022-08-08,4155.93017578125,4186.6201171875,4128.97021484375,4140.06005859375,4221090000,3993.9269775390626,3945.2576025390626,71.27256847793333,True,0.0,0.0
2022-08-09,4133.10986328125,4137.2998046875,4112.08984375,4122.47021484375,3913090000,4009.110485839844,3946.550205078125,67.20720860401775,True,0.0,0.0
2022-08-10,4181.02001953125,4211.02978515625,4177.259765625,4210.240234375,4546010000,4029.53349609375,3947.590205078125,70.27309393867415,True,0.0,0.0
2022-08-11,4227.39990234375,4257.91015625,4201.41015625,4207.27001953125,4630200000,4050.3780029296877,3949.092607421875,75.23214814146064,True,0.0,0.0
2022-08-12,4225.02001953125,4280.47021484375,4219.77978515625,4280.14990234375,3788010000,4071.227502441406,3952.671005859375,78.25513167425896,True,0.0,0.0
2022-08-15,4269.3701171875,4301.7900390625,4256.89990234375,4297.14013671875,3696830000,4094.5420043945314,3955.077412109375,85.77516475993053,True,0.0,0.0
2022-08-16,4290.4599609375,4325.27978515625,4277.77001953125,4305.2001953125,4329820000,4112.967517089844,3959.010615234375,82.6572037403966,True,0.0,0.0
2022-08-17,4280.39990234375,4302.18017578125,4253.080078125,4274.0400390625,3885030000,4128.674523925782,3962.0628125,74.38023116779593,True,0.0,0.0
2022-08-18,4273.1298828125,4292.52978515625,4261.97998046875,4283.740234375,3340330000,4142.914038085937,3964.524013671875,71.0027053181422,True,0.0,0.0
2022-08-19,4266.31005859375,4266.31005859375,4218.7001953125,4228.47998046875,3761340000,4156.25654296875,3966.778212890625,63.432041831801094,True,0.0,0.0
2022-08-22,4195.080078125,4195.080078125,4129.85986328125,4137.990234375,3907430000,4164.814050292969,3969.1816162109376,54.95807361042858,True,0.0,0.0
2022-08-23,4133.08984375,4159.77001953125,4124.02978515625,4128.72998046875,3823520000,4175.198046875,3973.739013671875,46.83157228303037,True,0.0,0.0
2022-08-24,4126.5498046875,4156.56005859375,4119.97021484375,4140.77001953125,3583630000,4181.056042480469,3981.56181640625,48.6891325674573,True,0.0,0.0
2022-08-25,4153.259765625,4200.5400390625,4147.58984375,4199.1201171875,3566870000,4187.390551757812,3990.834619140625,55.64535502423256,True,0.0,0.0
2022-08-26,4198.740234375,4203.0400390625,4057.659912109375,4057.659912109375,3832750000,4183.759045410156,3996.188017578125,43.28968490182582,True,0.0,0.0
2022-08-29,4034.580078125,4062.989990234375,4017.419921875,4030.610107421875,3396510000,4179.358056640625,4003.4648193359376,42.63281661487734,True,0.0,0.0
2022-08-30,4041.25,4044.97998046875,3965.2099609375,3986.159912109375,3835860000,4174.106555175781,4009.6912158203127,30.686771229584338,True,0.0,0.0
2022-08-31,4000.669921875,4015.3701171875,3954.530029296875,3955.0,4542490000,4164.098059082031,4013.4954150390627,29.264717804564228,True,0.0,0.0
2022-09-01,3936.72998046875,3970.22998046875,3903.64990234375,3966.85009765625,4152250000,4154.843566894531,4017.634619140625,21.37670944441271,True,0.0,0.0
2022-09-02,3994.659912109375,4018.429931640625,3906.2099609375,3924.260009765625,3665850000,4143.7970703125,4020.2052197265625,17.45571422544269,True,0.0,0.0
2022-09-06,3930.889892578125,3942.550048828125,3886.75,3908.18994140625,4127340000,4132.203564453125,4020.13421875,15.827480845448079,True,0.0,0.0
2022-09-07,3909.429931640625,3987.889892578125,3906.030029296875,3979.8701171875,3890320000,4125.073559570313,4021.7294189453123,26.330491494126434,True,0.0,0.0
2022-09-08,3959.93994140625,4010.5,3944.81005859375,4006.179931640625,3966850000,4114.870544433594,4025.4220166015625,28.24833268473631,True,0.0,0.0
2022-09-09,4022.93994140625,4076.81005859375,4022.93994140625,4067.360107421875,3901940000,4107.875048828125,4030.3926171875,37.4895406055776,True,0.0,0.0
2022-09-12,4083.669921875,4119.27978515625,4083.669921875,4110.41015625,3814200000,4099.3880615234375,4036.89322265625,47.688178292352696,True,1.0,1.0
2022-09-13,4037.1201171875,4037.1201171875,3921.280029296875,3932.68994140625,4224550000,4081.1655517578124,4039.040419921875,37.18627125568095,True,1.0,0.0
2022-09-14,3940.72998046875,3961.93994140625,3912.179931640625,3946.010009765625,4293240000,4063.2060424804686,4041.332822265625,37.291203537460134,True,1.0,0.0
2022-09-15,3932.409912109375,3959.139892578125,3888.280029296875,3901.35009765625,4441830000,4044.5715454101564,4042.45822265625,30.215951737060934,True,1.0,0.0
2022-09-16,3880.949951171875,3880.949951171875,3837.080078125,3873.330078125,7954650000,4024.0510375976564,4041.872421875,35.57919120542961,False,1.0,0.0
2022-09-19,3849.909912109375,3900.449951171875,3838.5,3899.889892578125,3766850000,4007.621533203125,4041.8826220703127,39.76542459448197,False,0.0,-1.0
2022-09-20,3875.22998046875,3876.010009765625,3827.5400390625,3855.929931640625,4058050000,3993.518518066406,4041.9126220703124,39.79597380347711,False,0.0,0.0
2022-09-21,3871.39990234375,3907.070068359375,3789.489990234375,3789.929931640625,4078330000,3976.578515625,4041.3352197265626,37.735712158265216,False,0.0,0.0
2022-09-22,3782.360107421875,3790.89990234375,3749.449951171875,3757.989990234375,4284600000,3957.4395141601562,4040.4594189453123,34.93203934795818,False,0.0,0.0
2022-09-23,3727.139892578125,3727.139892578125,3647.469970703125,3693.22998046875,5144270000,3932.1450073242186,4038.5164208984374,33.84925431366854,False,0.0,0.0
2022-09-26,3682.719970703125,3715.669921875,3644.760009765625,3655.0400390625,4886140000,3912.014013671875,4034.3540234375,32.83380560005246,False,0.0,0.0
2022-09-27,3686.43994140625,3717.530029296875,3623.2900390625,3647.2900390625,4577740000,3892.848010253906,4030.682822265625,25.306635033977102,False,0.0,0.0
2022-09-28,3651.93994140625,3736.739990234375,3640.610107421875,3719.0400390625,4684850000,3879.4920166015627,4026.32982421875,30.028110503452083,False,0.0,0.0
2022-09-29,3687.010009765625,3687.010009765625,3610.39990234375,3640.469970703125,4681810000,3863.765515136719,4019.9412255859374,21.009158796689306,False,0.0,0.0
2022-09-30,3633.47998046875,3671.43994140625,3584.1298828125,3585.6201171875,5645360000,3844.7040161132813,4011.67462890625,14.92278750866511,False,0.0,0.0
2022-10-03,3609.780029296875,3698.35009765625,3604.929931640625,3678.429931640625,4806680000,3832.4125122070313,4006.0106298828123,30.829067906527413,False,0.0,0.0
2022-10-04,3726.4599609375,3791.919921875,3726.4599609375,3790.929931640625,5146580000,3826.54951171875,4002.4924267578126,39.82840452719971,False,0.0,0.0
2022-10-05,3753.25,3806.909912109375,3722.659912109375,3783.280029296875,4293180000,3816.720007324219,3999.7370263671874,41.86070934848312,False,0.0,0.0
2022-10-06,3771.969970703125,3797.929931640625,3739.219970703125,3744.52001953125,4252100000,3803.63701171875,3994.155224609375,41.24990298050521,False,0.0,0.0
2022-10-07,3706.739990234375,3706.739990234375,3620.72998046875,3639.659912109375,4449660000,3782.252001953125,3985.49982421875,34.02221985048459,False,0.0,0.0
2022-10-10,3647.510009765625,3652.169921875,3588.10009765625,3612.389892578125,3834320000,3757.3509887695313,3975.1418212890626,34.73408843130569,False,0.0,0.0
2022-10-11,3595.860107421875,3640.659912109375,3568.449951171875,3588.840087890625,4759030000,3740.15849609375,3964.546025390625,36.68648560228465,False,0.0,0.0
2022-10-12,3590.830078125,3608.340087890625,3573.860107421875,3577.030029296875,4006830000,3721.7094970703124,3954.2628271484373,37.69113144768683,False,0.0,0.0
2022-10-13,3520.3701171875,3685.409912109375,3491.580078125,3669.909912109375,5021680000,3710.137487792969,3944.557626953125,48.472216668559355,False,0.0,0.0
2022-10-14,3690.409912109375,3712.0,3579.679931640625,3583.070068359375,4243030000,3695.6244873046876,3933.1802294921877,45.56752928652301,False,0.0,0.0
2022-10-17,3638.64990234375,3689.72998046875,3638.64990234375,3677.949951171875,4352780000,3684.527490234375,3923.8354296875,51.70526250611383,False,0.0,0.0
2022-10-18,3746.260009765625,3762.7900390625,3686.530029296875,3719.97998046875,4483740000,3677.7299926757814,3915.433828125,50.05406565283503,False,0.0,0.0
2022-10-19,3703.110107421875,3728.580078125,3666.510009765625,3695.159912109375,4223800000,3672.991491699219,3906.8876220703123,53.353115833604264,False,0.0,0.0
2022-10-20,3689.050048828125,3736.0,3656.43994140625,3665.780029296875,4496620000,3668.380993652344,3895.99841796875,55.073159742534074,False,0.0,0.0
2022-10-21,3657.10009765625,3757.889892578125,3647.419921875,3752.75,5078020000,3671.3569946289062,3886.908017578125,54.73859469919968,False,0.0,0.0
2022-10-24,3762.010009765625,3810.739990234375,3741.64990234375,3797.340087890625,4747930000,3678.4719970703127,3877.2518212890627,50.44745565833038,False,0.0,0.0
2022-10-25,3799.43994140625,3862.85009765625,3799.43994140625,3859.110107421875,4843120000,3689.0630004882814,3868.491220703125,54.921412676773144,False,0.0,0.0
2022-10-26,3825.969970703125,3886.14990234375,3824.070068359375,3830.60009765625,4817310000,3694.641003417969,3858.99921875,55.66197351373677,False,0.0,0.0
2022-10-27,3834.68994140625,3859.949951171875,3803.7900390625,3807.300048828125,4687320000,3702.9825073242187,3849.6644189453127,62.35191815635945,False,0.0,0.0
2022-10-28,3808.260009765625,3905.419921875,3808.260009765625,3901.06005859375,4459410000,3718.754504394531,3842.0108154296877,69.37150687427156,False,0.0,0.0
2022-10-31,3881.85009765625,3893.72998046875,3863.179931640625,3871.97998046875,4820620000,3728.4320068359375,3834.8808154296876,68.86040476312058,False,0.0,0.0
2022-11-01,3901.7900390625,3911.7900390625,3843.800048828125,3856.10009765625,4481210000,3731.6905151367187,3829.2430126953127,68.48906042910718,False,0.0,0.0
2022-11-02,3852.89990234375,3894.43994140625,3758.679931640625,3759.68994140625,4899000000,3730.5110107421874,3821.8622119140623,55.920447414067624,False,0.0,0.0
2022-11-03,3733.25,3750.590087890625,3698.14990234375,3719.889892578125,4625290000,3729.279504394531,3813.444609375,59.6192096516505,False,0.0,0.0
2022-11-04,3766.97998046875,3796.340087890625,3708.840087890625,3770.550048828125,5400180000,3735.824011230469,3804.8732080078125,56.94194818933551,False,0.0,0.0
2022-11-07,3780.7099609375,3813.949951171875,3764.699951171875,3806.800048828125,4341620000,3745.5445190429687,3799.8560107421877,56.56553534734389,False,0.0,0.0
2022-11-08,3817.02001953125,3859.39990234375,3786.280029296875,3828.110107421875,4607640000,3757.508020019531,3795.8060107421875,60.10766131936159,False,0.0,0.0
2022-11-09,3810.93994140625,3818.199951171875,3744.219970703125,3748.570068359375,4645010000,3766.0850219726562,3791.0542138671876,55.8481537102047,False,0.0,0.0
2022-11-10,3859.889892578125,3958.330078125,3859.889892578125,3956.3701171875,5781260000,3780.4080322265627,3791.0816162109377,62.28609796611507,False,0.0,0.0
2022-11-11,3963.719970703125,4001.47998046875,3944.820068359375,3992.929931640625,5593310000,3800.901025390625,3791.603212890625,61.91704881025269,True,0.0,0.0
2022-11-14,3977.969970703125,4008.969970703125,3956.39990234375,3957.25,4561930000,3814.8660278320312,3792.2630126953127,56.1758915597383,True,0.0,0.0
2022-11-15,4006.409912109375,4028.840087890625,3953.169921875,3991.72998046875,5015310000,3828.4535278320313,3793.9338134765626,60.0641985549988,True,0.0,0.0
2022-11-16,3976.820068359375,3983.090087890625,3954.340087890625,3958.7900390625,4165320000,3841.6350341796874,3793.5122119140624,59.34950088522244,True,0.0,0.0
2022-11-17,3919.260009765625,3954.330078125,3906.5400390625,3946.56005859375,4051780000,3855.674035644531,3792.319814453125,53.122340361369076,True,0.0,0.0
2022-11-18,3966.389892578125,3979.889892578125,3935.97998046875,3965.340087890625,4037360000,3866.3035400390627,3790.2794140625,56.49850335067953,True,0.0,0.0
2022-11-21,3956.22998046875,3962.0,3933.340087890625,3949.93994140625,3850690000,3873.9335327148438,3787.070009765625,56.536261586505205,True,0.0,0.0
2022-11-22,3965.510009765625,4005.8798828125,3956.8798828125,4003.580078125,3887990000,3881.15703125,3788.4878125,68.0640543809094,True,0.0,0.0
2022-11-23,4000.300048828125,4033.780029296875,3998.659912109375,4027.260009765625,3279720000,3890.990026855469,3790.1128125,73.32271235170762,True,0.0,0.0
2022-11-25,4023.340087890625,4034.02001953125,4020.760009765625,4026.1201171875,1706460000,3901.9310302734375,3792.608212890625,70.9679616220493,True,0.0,0.0
2022-11-28,4005.360107421875,4012.27001953125,3955.77001953125,3963.93994140625,3615430000,3905.0750244140627,3794.42041015625,62.36620703302869,True,0.0,0.0
2022-11-29,3964.18994140625,3976.77001953125,3937.64990234375,3957.6298828125,3546040000,3909.35751953125,3795.5752099609376,60.43907996670596,True,0.0,0.0
2022-11-30,3957.179931640625,4080.110107421875,3938.580078125,4080.110107421875,6579360000,3920.5580200195313,3800.0588134765626,74.99170003216928,True,0.0,0.0
2022-12-01,4087.139892578125,4100.509765625,4050.8701171875,4076.570068359375,4527130000,3936.4020263671873,3805.7916162109377,63.092527559143065,True,0.0,0.0
2022-12-02,4040.169921875,4080.47998046875,4026.6298828125,4071.699951171875,4012620000,3953.992529296875,3812.0658154296875,59.216088865123275,True,0.0,0.0
2022-12-05,4052.02001953125,4052.449951171875,3984.489990234375,3998.840087890625,4280820000,3965.40703125,3818.178017578125,54.47657218598457,True,0.0,0.0
2022-12-06,3996.6298828125,4001.510009765625,3918.389892578125,3941.260009765625,4368380000,3972.130029296875,3823.9024169921877,44.824979284897125,True,0.0,0.0
2022-12-07,3933.280029296875,3957.570068359375,3922.679931640625,3933.919921875,4118050000,3977.420520019531,3829.6350146484374,47.308608078931435,True,0.0,0.0
2022-12-08,3947.7900390625,3974.18994140625,3935.830078125,3963.510009765625,4006900000,3988.167517089844,3834.5244140625,51.7678633723521,True,0.0,0.0
2022-12-09,3954.169921875,3977.02001953125,3933.0400390625,3934.3798828125,3888260000,3987.068005371094,3840.4026123046874,46.839124437494114,True,0.0,0.0
2022-12-12,3939.2900390625,3990.7099609375,3935.300048828125,3990.56005859375,3904130000,3986.94951171875,3848.5014111328123,53.8283232413597,True,0.0,0.0
2022-12-13,4069.3798828125,4100.9599609375,3993.030029296875,4019.64990234375,5079360000,3990.0695068359373,3855.325810546875,51.588019239009185,True,0.0,0.0
2022-12-14,4015.5400390625,4053.760009765625,3965.64990234375,3995.320068359375,4472340000,3990.2490112304686,3859.41361328125,46.847745525796604,True,0.0,0.0
2022-12-15,3958.3701171875,3958.3701171875,3879.449951171875,3895.75,4493900000,3987.0970092773437,3861.6630126953123,39.22651443254376,True,0.0,0.0
2022-12-16,3890.909912109375,3890.909912109375,3827.909912109375,3852.360107421875,7493660000,3982.38701171875,3863.819814453125,40.483766656963674,True,0.0,0.0
2022-12-19,3853.7900390625,3854.860107421875,3800.0400390625,3817.659912109375,3969610000,3975.0030029296877,3867.379814453125,38.613859419790764,True,0.0,0.0
2022-12-20,3810.469970703125,3838.239990234375,3795.6201171875,3821.6201171875,3985370000,3968.58701171875,3871.5644189453124,23.94940139782919,True,0.0,0.0
2022-12-21,3839.489990234375,3889.820068359375,3839.489990234375,3878.43994140625,3775200000,3962.3300048828123,3877.356416015625,31.968840887225966,True,0.0,0.0
2022-12-22,3853.260009765625,3853.260009765625,3764.489990234375,3822.389892578125,3956950000,3952.0864990234377,3882.26361328125,29.244582763215547,True,1.0,1.0
2022-12-23,3815.110107421875,3845.800048828125,3797.010009765625,3844.820068359375,2819280000,3943.0214965820314,3885.76181640625,36.00226851354673,True,1.0,0.0
2022-12-27,3843.340087890625,3846.64990234375,3813.219970703125,3829.25,3030300000,3936.286999511719,3890.6854150390627,38.97866084362095,True,1.0,0.0
2022-12-28,3829.56005859375,3848.320068359375,3780.780029296875,3783.219970703125,3083520000,3927.56650390625,3892.7908154296874,36.22085140180699,True,1.0,0.0
2022-12-29,3805.449951171875,3858.18994140625,3805.449951171875,3849.280029296875,3003680000,3916.025,3895.37681640625,40.208476335571135,True,1.0,0.0
2022-12-30,3829.06005859375,3839.85009765625,3800.340087890625,3839.5,2979870000,3904.171496582031,3898.2636181640623,41.58807298065526,True,1.0,0.0
2023-01-03,3853.2900390625,3878.4599609375,3794.330078125,3824.139892578125,3959140000,3891.793493652344,3901.4308154296873,34.094119656540116,False,1.0,0.0
2023-01-04,3840.360107421875,3873.159912109375,3815.77001953125,3852.969970703125,4414080000,3884.4999877929686,3903.43521484375,34.061377799795395,False,0.0,-1.0
2023-01-05,3839.739990234375,3839.739990234375,3802.419921875,3808.10009765625,3893450000,3877.8419921875,3903.6504150390624,32.7739367999026,False,0.0,0.0
2023-01-06,3823.3701171875,3906.18994140625,3809.56005859375,3895.080078125,3923560000,3875.9,3904.369814453125,49.93689870955101,False,0.0,0.0
2023-01-09,3910.820068359375,3950.570068359375,3890.419921875,3892.090087890625,4311770000,3872.32900390625,3905.5996142578124,54.05051961266505,False,0.0,0.0
2023-01-10,3888.570068359375,3919.830078125,3877.2900390625,3919.25,3851030000,3871.572509765625,3907.83861328125,60.51895957316756,False,0.0,0.0
2023-01-11,3932.35009765625,3970.070068359375,3928.5400390625,3969.610107421875,4303360000,3870.525012207031,3909.2096142578125,63.98004034183082,False,0.0,0.0
2023-01-12,3977.570068359375,3997.760009765625,3937.56005859375,3983.169921875,4440260000,3868.7010131835937,3911.4334130859374,60.7740182240127,False,0.0,0.0
2023-01-13,3960.60009765625,4003.949951171875,3947.669921875,3999.090087890625,3939700000,3868.889514160156,3914.293212890625,69.81386415302605,False,0.0,0.0
2023-01-17,3999.280029296875,4015.389892578125,3984.570068359375,3990.969970703125,4235560000,3873.6505126953125,3918.9188134765627,66.9315542421798,False,0.0,0.0
2023-01-18,4002.25,4014.159912109375,3926.590087890625,3928.860107421875,4298710000,3877.4755126953123,3923.0982177734377,60.41663156185518,False,0.0,0.0
2023-01-19,3911.840087890625,3922.93994140625,3885.5400390625,3898.85009765625,3991500000,3881.535021972656,3925.66421875,62.51110126093418,False,0.0,0.0
2023-01-20,3909.0400390625,3972.9599609375,3897.860107421875,3972.610107421875,4013360000,3889.084521484375,3928.980419921875,63.125525504302246,False,0.0,0.0
2023-01-23,3978.139892578125,4039.31005859375,3971.639892578125,4019.81005859375,3945210000,3896.15302734375,3932.8144189453124,67.77399459187318,False,0.0,0.0
2023-01-24,4001.739990234375,4023.919921875,3989.7900390625,4016.949951171875,3320430000,3905.8810302734373,3938.1820166015623,69.48639320494232,False,0.0,0.0
2023-01-25,3982.7099609375,4019.550048828125,3949.06005859375,4016.219970703125,3724020000,3914.451025390625,3939.379013671875,67.49245022801044,False,0.0,0.0
2023-01-26,4036.080078125,4061.570068359375,4013.2900390625,4060.429931640625,3809590000,3926.0100219726564,3940.729013671875,77.07576129891183,False,0.0,0.0
2023-01-27,4053.719970703125,4094.2099609375,4048.699951171875,4070.56005859375,3907760000,3940.3770263671877,3942.99521484375,72.5483048444131,False,0.0,0.0
2023-01-30,4049.27001953125,4063.85009765625,4015.550048828125,4017.77001953125,3802000000,3948.8015258789064,3943.516015625,64.31694660802518,True,0.0,0.0
2023-01-31,4020.85009765625,4077.159912109375,4020.43994140625,4076.60009765625,4679320000,3960.656530761719,3945.872216796875,66.71837338615373,True,0.0,0.0
2023-02-01,4070.070068359375,4148.9501953125,4037.199951171875,4119.2099609375,4856930000,3975.4100341796875,3949.32521484375,66.16107349272838,True,0.0,0.0
2023-02-02,4158.68017578125,4195.43994140625,4141.8798828125,4179.759765625,5624360000,3991.7495239257814,3953.6136083984375,69.27993778564397,True,0.0,0.0
2023-02-03,4136.68994140625,4182.35986328125,4123.35986328125,4136.47998046875,4694510000,4008.1685180664062,3957.3444091796873,62.78783763700792,True,0.0,0.0
2023-02-06,4119.56982421875,4124.6298828125,4093.3798828125,4111.080078125,4114240000,4018.9685180664064,3959.4944091796874,60.83108369618869,True,0.0,0.0
2023-02-07,4105.35009765625,4176.5400390625,4088.389892578125,4164.0,4355860000,4032.564013671875,3962.229208984375,71.56140794684492,True,0.0,0.0
2023-02-08,4153.47021484375,4156.85009765625,4111.669921875,4117.85986328125,4029820000,4042.4945068359375,3964.06400390625,69.50534325650327,True,0.0,0.0
2023-02-09,4144.25,4156.22998046875,4069.669921875,4081.5,4270200000,4048.089001464844,3966.415205078125,60.39006812983759,True,0.0,0.0
2023-02-10,4068.919921875,4094.360107421875,4060.7900390625,4090.4599609375,3891520000,4053.453503417969,3969.071806640625,57.271956946532974,True,0.0,0.0
2023-02-13,4096.6201171875,4138.89990234375,4092.669921875,4137.2900390625,3448620000,4060.3635009765626,3970.2154052734377,61.35842120956967,True,0.0,0.0
2023-02-14,4126.7001953125,4159.77001953125,4095.010009765625,4136.1298828125,3929200000,4067.6214965820313,3971.4066015625,61.30863543741294,True,0.0,0.0
2023-02-15,4119.5,4148.10986328125,4103.97998046875,4147.60009765625,4075980000,4078.55849609375,3972.9246044921874,58.76205476097107,True,0.0,0.0
2023-02-16,4114.75,4136.5400390625,4089.489990234375,4090.409912109375,4143660000,4088.1364868164064,3974.7560009765625,51.822793244287254,True,0.0,0.0
2023-02-17,4077.389892578125,4081.510009765625,4047.949951171875,4079.090087890625,4045480000,4093.460485839844,3977.5126025390623,56.095194598637434,True,0.0,0.0
2023-02-21,4052.35009765625,4052.35009765625,3995.18994140625,3997.340087890625,4121590000,4092.3369873046877,3978.781005859375,42.46491468720654,True,0.0,0.0
2023-02-22,4001.830078125,4017.3701171875,3976.89990234375,3991.050048828125,4079320000,4091.0419921875,3979.331806640625,36.912304916072586,True,0.0,0.0
2023-02-23,4018.60009765625,4028.300048828125,3969.18994140625,4012.320068359375,3952940000,4090.8469970703127,3980.8906103515624,31.409638874266577,True,0.0,0.0
2023-02-24,3973.239990234375,3978.25,3943.080078125,3970.0400390625,3877700000,4086.327502441406,3980.4802099609374,31.479523476798136,True,0.0,0.0
2023-02-27,3992.360107421875,4018.050048828125,3973.550048828125,3982.239990234375,3836950000,4081.9114990234375,3979.73201171875,35.229516281345326,True,0.0,0.0
2023-02-28,3977.18994140625,3997.5,3968.97998046875,3970.14990234375,5043400000,4079.5304931640626,3979.2286083984377,25.481289433248193,True,0.0,0.0
2023-03-01,3963.340087890625,3971.72998046875,3939.050048828125,3951.389892578125,4249480000,4073.269982910156,3980.34140625,27.377520084032113,True,0.0,0.0
2023-03-02,3938.679931640625,3990.840087890625,3928.159912109375,3981.35009765625,4244900000,4066.376989746094,3982.9212060546874,36.14918660480947,True,0.0,0.0
2023-03-03,3998.02001953125,4048.2900390625,3995.169921875,4045.639892578125,4084730000,4059.67099609375,3987.4808056640627,44.62409390316968,True,1.0,1.0
2023-03-06,4055.14990234375,4078.489990234375,4044.610107421875,4048.419921875,4000870000,4055.2679931640623,3992.0168017578126,38.08106182450663,True,1.0,0.0
2023-03-07,4048.260009765625,4050.0,3980.31005859375,3986.3701171875,3922500000,4049.0324951171874,3994.1754052734377,32.734643972538265,True,1.0,0.0
2023-03-08,3987.550048828125,4000.409912109375,3969.760009765625,3992.010009765625,3535570000,4040.432995605469,3997.5678076171876,31.818059918233672,True,1.0,0.0
2023-03-09,3998.659912109375,4017.81005859375,3908.699951171875,3918.320068359375,4445260000,4030.456005859375,3999.0378076171874,30.636633046505253,True,1.0,0.0
2023-03-10,3912.77001953125,3934.050048828125,3846.320068359375,3861.590087890625,5518190000,4019.4605102539062,3999.684609375,27.796143635183626,True,1.0,0.0
2023-03-13,3835.1201171875,3905.050048828125,3808.860107421875,3855.760009765625,6558020000,4007.7255126953123,4001.13541015625,32.89516685642148,True,1.0,0.0
2023-03-14,3894.010009765625,3937.2900390625,3873.6298828125,3919.2900390625,5665870000,3996.8255126953127,4002.5356103515624,42.383779231716005,False,1.0,0.0
2023-03-15,3876.739990234375,3894.260009765625,3838.239990234375,3891.929931640625,6594010000,3984.615515136719,4003.584208984375,37.38551190287378,False,0.0,-1.0
2023-03-16,3878.929931640625,3964.4599609375,3864.110107421875,3960.280029296875,5695790000,3975.24951171875,4006.30701171875,49.03032134719284,False,0.0,0.0
2023-03-17,3958.68994140625,3958.909912109375,3901.27001953125,3916.639892578125,9354280000,3966.5610107421876,4007.58041015625,43.865712203647995,False,0.0,0.0
2023-03-20,3917.469970703125,3956.6201171875,3916.889892578125,3951.570068359375,5347140000,3960.185009765625,4010.4498095703125,48.33376757302342,False,0.0,0.0
2023-03-21,3975.889892578125,4009.080078125,3971.18994140625,4002.8701171875,4920240000,3960.4615112304687,4012.6056103515625,54.362137040235105,False,0.0,0.0
2023-03-22,4002.0400390625,4039.489990234375,3936.169921875,3936.969970703125,4533010000,3957.7575073242188,4013.5032080078126,46.45537616523651,False,0.0,0.0
2023-03-23,3959.2099609375,4007.659912109375,3919.050048828125,3948.719970703125,4991600000,3954.577502441406,4014.092607421875,41.549849806894585,False,0.0,0.0
2023-03-24,3939.2099609375,3972.739990234375,3909.159912109375,3970.989990234375,4583970000,3954.625,4014.120205078125,43.47101272353053,False,0.0,0.0
2023-03-27,3982.929931640625,4003.830078125,3970.489990234375,3977.530029296875,4233540000,3954.389501953125,4014.0074072265625,49.17760610219043,False,0.0,0.0
2023-03-28,3974.1298828125,3979.199951171875,3951.530029296875,3971.27001953125,4014600000,3954.4455078125,4013.451005859375,48.07278109274181,False,0.0,0.0
2023-03-29,3999.530029296875,4030.590087890625,3999.530029296875,4027.81005859375,4145250000,3958.2665161132813,4014.1878076171874,60.50907025386963,False,0.0,0.0
2023-03-30,4046.739990234375,4057.85009765625,4032.10009765625,4050.830078125,3930860000,3961.740515136719,4016.62720703125,69.42034628195125,False,0.0,0.0
2023-03-31,4056.179931640625,4110.75,4056.179931640625,4109.31005859375,4525120000,3964.9240234375,4020.83640625,73.48247261466162,False,0.0,0.0
2023-04-03,4102.2001953125,4127.66015625,4098.7900390625,4124.509765625,4234700000,3968.728515625,4023.8743994140623,70.87515831822584,False,0.0,0.0
2023-04-04,4128.02978515625,4133.1298828125,4086.8701171875,4100.60009765625,4227800000,3974.4400146484377,4025.4902001953124,71.37619377986482,False,0.0,0.0
2023-04-05,4094.5,4099.68994140625,4072.56005859375,4090.3798828125,3968020000,3979.358508300781,4026.958798828125,65.12929010395106,False,0.0,0.0
2023-04-06,4081.14990234375,4107.31982421875,4069.840087890625,4105.02001953125,3486690000,3988.693505859375,4028.7347998046876,73.49112512505076,False,0.0,0.0
2023-04-10,4085.199951171875,4109.5,4072.550048828125,4109.10986328125,3423650000,4001.0694946289063,4029.7083984375,71.2822664215497,False,0.0,0.0
2023-04-11,4110.2900390625,4124.259765625,4102.60986328125,4108.93994140625,3665830000,4013.7284912109376,4030.47599609375,66.62589871894761,False,0.0,0.0
2023-04-12,4121.72021484375,4134.3701171875,4086.93994140625,4091.949951171875,3633120000,4022.3614868164063,4031.9595947265625,78.6915387716656,False,0.0,0.0
2023-04-13,4100.0400390625,4150.259765625,4099.39990234375,4146.22021484375,3596590000,4035.0760009765627,4033.3519970703123,81.58994508785864,True,0.0,0.0
2023-04-14,4140.10986328125,4163.18994140625,4113.2001953125,4137.64013671875,3575690000,4043.9440063476563,4033.7206005859375,77.8763165310148,True,0.0,0.0
2023-04-17,4137.169921875,4151.72021484375,4123.18017578125,4151.31982421875,3611180000,4055.6780029296874,4033.1518017578123,78.392426803576,True,0.0,0.0
2023-04-18,4164.259765625,4169.47998046875,4140.35986328125,4154.8701171875,3536640000,4065.8430053710936,4033.5196044921877,80.26310282660486,True,0.0,0.0
2023-04-19,4139.330078125,4162.56982421875,4134.490234375,4154.52001953125,3572560000,4073.425500488281,4034.3884033203126,75.6342324508113,True,0.0,0.0
2023-04-20,4130.47998046875,4148.56982421875,4114.56982421875,4129.7900390625,3772080000,4083.06650390625,4033.7042041015625,65.86434226403617,True,0.0,0.0
2023-04-21,4132.14013671875,4138.02001953125,4113.85986328125,4133.52001953125,3611750000,4092.306506347656,4034.0174072265627,56.23614908800941,True,0.0,0.0
2023-04-24,4132.06982421875,4142.41015625,4117.77001953125,4137.0400390625,3290940000,4100.6090087890625,4035.1282080078126,53.43426557142742,True,0.0,0.0
2023-04-25,4126.43017578125,4126.43017578125,4071.3798828125,4071.6298828125,3978640000,4105.314001464843,4034.7516064453125,43.53143193563158,True,0.0,0.0
2023-04-26,4087.780029296875,4089.669921875,4049.35009765625,4055.989990234375,3837030000,4109.55,4033.12560546875,42.502759684443255,True,0.0,0.0
2023-04-27,4075.2900390625,4138.240234375,4075.2900390625,4135.35009765625,3750550000,4114.927001953125,4033.110009765625,55.156943226800564,True,0.0,0.0
2023-04-28,4129.6298828125,4170.06005859375,4127.18017578125,4169.47998046875,4087800000,4120.8594970703125,4033.547607421875,59.31320411342346,True,0.0,0.0
2023-05-01,4166.7900390625,4186.919921875,4164.1201171875,4167.8701171875,3321370000,4123.7875,4035.0968115234373,59.050855897541275,True,0.0,0.0
2023-05-02,4164.10009765625,4164.10009765625,4089.719970703125,4119.580078125,4486130000,4123.541015625,4035.906611328125,53.87138860705541,True,0.0,0.0
2023-05-03,4122.25,4148.2998046875,4088.860107421875,4090.75,4246510000,4123.048510742187,4037.7748095703123,41.63118362584128,True,0.0,0.0
2023-05-04,4082.550048828125,4082.610107421875,4048.280029296875,4061.219970703125,4920090000,4121.590515136719,4039.1782080078124,39.155956590152755,True,0.0,0.0
2023-05-05,4084.72998046875,4147.02001953125,4084.72998046875,4136.25,4186270000,4123.152014160156,4041.656806640625,48.178699106197605,True,0.0,0.0
2023-05-08,4136.97998046875,4142.2998046875,4123.81005859375,4138.1201171875,3641640000,4124.602526855469,4045.018408203125,47.9673823648615,True,0.0,0.0
2023-05-09,4124.25,4130.35009765625,4116.64990234375,4119.169921875,3810140000,4125.114025878906,4047.7570068359373,45.89554058083909,True,0.0,0.0
2023-05-10,4143.740234375,4154.27978515625,4098.919921875,4137.64013671875,4057160000,4127.39853515625,4051.1068115234375,50.92491062706605,True,0.0,0.0
2023-05-11,4132.240234375,4132.7998046875,4109.2900390625,4130.6201171875,3752900000,4126.6185302734375,4054.691416015625,49.66095753948455,True,0.0,0.0
2023-05-12,4138.5400390625,4143.740234375,4099.1201171875,4124.080078125,3533740000,4125.94052734375,4057.546015625,48.495409474011204,True,0.0,0.0
2023-05-15,4126.64990234375,4141.25,4110.27001953125,4136.27978515625,3562170000,4125.188525390625,4059.3588134765623,58.56357664809543,True,0.0,0.0
2023-05-16,4127.9501953125,4135.5400390625,4109.85986328125,4109.89990234375,3654200000,4122.940014648438,4060.5884130859376,56.94339193099341,True,0.0,0.0
2023-05-17,4122.85009765625,4164.669921875,4113.6201171875,4158.77001953125,4039080000,4123.152514648437,4064.0364111328126,53.27349712193784,True,0.0,0.0
2023-05-18,4157.68017578125,4202.2001953125,4153.5,4198.0498046875,3980500000,4126.565502929688,4068.15720703125,53.93664604296798,True,0.0,0.0
2023-05-19,4204.14990234375,4212.91015625,4180.2001953125,4191.97998046875,4041900000,4129.488500976562,4073.6304052734376,53.28177090810483,True,0.0,0.0
2023-05-22,4190.77978515625,4209.22021484375,4179.68017578125,4192.6298828125,3728520000,4132.267993164062,4080.251201171875,61.425102142120735,True,0.0,0.0
2023-05-23,4176.7998046875,4185.68017578125,4142.5400390625,4145.580078125,4155320000,4135.965502929687,4086.0476025390626,58.11312657234635,True,0.0,0.0
2023-05-24,4132.9599609375,4132.9599609375,4103.97998046875,4115.240234375,0,4138.928015136718,4089.9666064453127,57.974189037728976,True,0.0,0.0
2023-05-25,4155.7099609375,4165.740234375,4129.72998046875,4151.27978515625,4147760000,4139.724499511719,4095.153603515625,52.50722902361345,True,0.0,0.0
2023-05-26,4156.16015625,4212.8701171875,4156.16015625,4205.4501953125,3715460000,4141.523010253906,4100.0570068359375,59.56313561437869,True,0.0,0.0
2023-05-30,4226.7099609375,4231.10009765625,4192.18017578125,4205.52001953125,4228510000,4143.405505371094,4105.834609375,62.95968423937657,True,0.0,0.0
2023-05-31,4190.740234375,4195.43994140625,4166.14990234375,4179.830078125,5980670000,4146.418005371093,4110.399809570313,56.19768317612882,True,0.0,0.0
2023-06-01,4183.02978515625,4232.43017578125,4171.64013671875,4221.02001953125,4391860000,4152.931506347656,4114.762807617188,62.06816981833115,True,0.0,0.0
2023-06-02,4241.009765625,4290.669921875,4241.009765625,4282.3701171875,4454200000,4163.989013671875,4121.670810546875,68.43374206476471,True,0.0,0.0
2023-06-05,4282.990234375,4299.27978515625,4266.81982421875,4273.7900390625,3813290000,4170.866015625,4128.172211914062,66.1499748248925,True,0.0,0.0
2023-06-06,4271.33984375,4288.330078125,4263.08984375,4283.85009765625,3996560000,4178.152514648437,4134.4294140625,71.24405166553365,True,0.0,0.0
2023-06-07,4285.47021484375,4299.18994140625,4263.9599609375,4267.52001953125,4537800000,4185.57001953125,4140.229213867187,64.42808501375954,True,0.0,0.0
2023-06-08,4268.68994140625,4298.009765625,4261.06982421875,4293.93017578125,3826740000,4193.384521484375,4146.682416992187,63.1703983119397,True,0.0,0.0
2023-06-09,4304.8798828125,4322.6201171875,4291.7001953125,4298.85986328125,3786510000,4201.7965087890625,4152.103413085937,64.72745231020971,True,0.0,0.0
2023-06-12,4308.31982421875,4340.1298828125,4304.3701171875,4338.93017578125,3945670000,4212.539013671875,4157.865415039062,68.18389816827676,True,0.0,0.0
2023-06-13,4352.60986328125,4375.3701171875,4349.31005859375,4369.009765625,4275400000,4224.175512695312,4163.0594091796875,78.99352945201834,True,0.0,0.0
2023-06-14,4366.2900390625,4391.81982421875,4337.85009765625,4372.58984375,4252110000,4237.310009765625,4168.021010742187,85.88756792090534,True,0.0,0.0
2023-06-15,4365.330078125,4439.2001953125,4362.60009765625,4425.83984375,4176690000,4250.663500976562,4174.525805664062,86.53394095564072,True,0.0,0.0
2023-06-16,4440.9501953125,4448.47021484375,4407.43994140625,4409.58984375,6848600000,4261.240502929688,4180.910004882812,80.21248858209904,True,0.0,0.0
2023-06-20,4396.10986328125,4400.14990234375,4367.18994140625,4388.7099609375,4055790000,4271.077001953125,4186.583803710938,75.53882493890526,True,0.0,0.0
2023-06-21,4380.009765625,4386.22021484375,4360.14013671875,4365.68994140625,3709330000,4279.730004882813,4191.715405273438,76.10538140888036,True,0.0,0.0
2023-06-22,4355.39990234375,4382.25,4351.81982421875,4381.89013671875,3511000000,4291.5455078125,4197.174409179687,74.30133890373938,True,0.0,0.0
2023-06-23,4354.169921875,4366.5498046875,4341.33984375,4348.330078125,6053620000,4303.2,4202.30201171875,60.87729525858598,True,0.0,0.0
2023-06-26,4344.83984375,4362.06005859375,4328.080078125,4328.81982421875,3415030000,4312.077001953125,4205.95400390625,58.75906792530843,True,0.0,0.0
2023-06-27,4337.35986328125,4384.419921875,4335.0,4378.41015625,3573500000,4320.725,4210.769404296875,63.368756187033775,True,0.0,0.0
2023-06-28,4367.47998046875,4390.35009765625,4360.22021484375,4376.85986328125,3739330000,4329.2919921875,4215.280205078125,66.13249033180217,True,0.0,0.0
2023-06-29,4374.93994140625,4398.39013671875,4371.97021484375,4396.43994140625,3696660000,4340.122485351562,4220.1116015625,65.43585671431092,True,0.0,0.0
2023-06-30,4422.43994140625,4458.47998046875,4422.43994140625,4450.3798828125,3923450000,4351.590478515625,4226.028798828125,69.88133206392,True,0.0,0.0
2023-07-03,4450.47998046875,4456.4599609375,4442.2900390625,4455.58984375,2034280000,4360.25146484375,4232.544794921875,66.84856118101209,True,0.0,0.0
2023-07-05,4442.0400390625,4454.06005859375,4436.60986328125,4446.81982421875,3482620000,4368.9029541015625,4238.810791015625,61.974790231703224,True,0.0,0.0
2023-07-06,4422.6201171875,4422.6201171875,4385.0498046875,4411.58984375,3682020000,4375.28994140625,4244.301787109375,55.46921648434119,True,0.0,0.0
2023-07-07,4404.5400390625,4440.39013671875,4397.39990234375,4398.9501953125,3630480000,4381.8614501953125,4250.848193359375,45.744375032842576,True,0.0,0.0
2023-07-10,4394.22998046875,4412.60009765625,4389.919921875,4409.52978515625,3429600000,4387.641430664063,4257.918989257812,49.990321255624295,True,0.0,0.0
2023-07-11,4415.5498046875,4443.64013671875,4408.4599609375,4439.259765625,3624220000,4394.66142578125,4263.997182617188,57.92042696828646,True,0.0,0.0
2023-07-12,4467.68994140625,4488.33984375,4463.22998046875,4472.16015625,3920290000,4401.322924804687,4270.050786132812,66.18134000620387,True,0.0,0.0
2023-07-13,4491.5,4517.3798828125,4489.35986328125,4510.0400390625,3839530000,4408.374438476562,4276.894184570312,68.27212941728526,True,0.0,0.0
2023-07-14,4514.60986328125,4527.759765625,4499.56005859375,4505.419921875,3647450000,4415.015942382813,4284.610981445312,74.41326809368285,True,0.0,0.0
2023-07-17,4508.85986328125,4532.85009765625,4504.89990234375,4522.7900390625,3538240000,4419.863452148437,4293.251782226563,80.3466962862918,True,0.0,0.0
2023-07-18,4521.77978515625,4562.2998046875,4514.58984375,4554.97998046875,4090010000,4427.132958984375,4303.126982421875,79.2150399508794,True,0.0,0.0
2023-07-19,4563.8701171875,4578.43017578125,4557.47998046875,4565.72021484375,4115670000,4435.983471679688,4311.71638671875,80.32635728690023,True,0.0,0.0
2023-07-20,4554.3798828125,4564.740234375,4527.56005859375,4534.8701171875,3761770000,4444.44248046875,4319.65138671875,71.45207154499104,True,0.0,0.0
2023-07-21,4550.16015625,4555.0,4535.7900390625,4536.33984375,3570190000,4452.164965820312,4327.99478515625,65.90792441372929,True,0.0,0.0
2023-07-24,4543.39013671875,4563.41015625,4541.2900390625,4554.64013671875,3856250000,4462.48046875,4336.33478515625,67.48337030735843,True,0.0,0.0
2023-07-25,4555.18994140625,4580.6201171875,4552.419921875,4567.4599609375,3812470000,4474.4124755859375,4345.07158203125,70.99405027947202,True,0.0,0.0
2023-07-26,4558.9599609375,4582.47021484375,4547.580078125,4566.75,3990290000,4483.8294677734375,4353.92498046875,80.68834575283833,True,0.0,0.0
2023-07-27,4598.259765625,4607.06982421875,4528.56005859375,4537.41015625,4553210000,4491.856982421875,4361.947587890625,75.68830444109462,True,0.0,0.0
2023-07-28,4565.75,4590.16015625,4564.009765625,4582.22998046875,3981010000,4501.146484375,4371.394189453125,78.42892968523937,True,0.0,0.0
2023-07-31,4584.81982421875,4594.22021484375,4573.14013671875,4588.9599609375,4503600000,4508.07548828125,4379.99798828125,76.66169237298159,True,0.0,0.0
2023-08-01,4578.830078125,4584.6201171875,4567.52978515625,4576.72998046875,4042370000,4514.132495117187,4387.571591796875,70.10418250807794,True,0.0,0.0
2023-08-02,4550.93017578125,4550.93017578125,4505.75,4513.39013671875,4270710000,4517.461010742188,4393.999794921875,50.58664591759083,True,0.0,0.0
2023-08-03,4494.27001953125,4519.490234375,4485.5400390625,4501.89013671875,4149120000,4521.976025390625,4400.185,49.39643152349066,True,0.0,0.0
2023-08-04,4513.9599609375,4540.33984375,4474.5498046875,4478.02978515625,4143310000,4525.930004882813,4406.833994140625,42.512501082256385,True,0.0,0.0
2023-08-07,4491.580078125,4519.83984375,4491.14990234375,4518.43994140625,3493920000,4531.375512695313,4414.89798828125,44.05118111488087,True,0.0,0.0
2023-08-08,4498.02978515625,4503.31005859375,4464.39013671875,4499.3798828125,3884910000,4534.381518554687,4421.859990234375,39.48447496288821,True,0.0,0.0
2023-08-09,4501.56982421875,4502.43994140625,4461.330078125,4467.7099609375,3803100000,4534.159008789063,4427.105185546875,39.382121352477995,True,0.0,0.0
2023-08-10,4487.16015625,4527.3701171875,4457.919921875,4468.830078125,4504370000,4532.0985107421875,4432.37138671875,39.31503715702397,True,0.0,0.0
2023-08-11,4450.68994140625,4476.22998046875,4443.97998046875,4464.0498046875,3753290000,4530.030004882812,4438.05578125,35.0209512429456,True,0.0,0.0
2023-08-14,4458.1298828125,4490.330078125,4453.43994140625,4489.72021484375,3896410000,4528.376513671875,4443.42978515625,37.6697805031807,True,0.0,0.0
2023-08-15,4478.8701171875,4478.8701171875,4432.18994140625,4437.85986328125,3832250000,4522.5205078125,4446.539580078125,32.410853859900925,True,0.0,0.0
2023-08-16,4433.7900390625,4449.9501953125,4403.5498046875,4404.330078125,3753910000,4514.451000976563,4449.150380859375,32.04440345213783,True,0.0,0.0
2023-08-17,4416.31982421875,4421.169921875,4364.830078125,4370.35986328125,3943700000,4506.22548828125,4450.880576171875,20.551626783217728,True,0.0,0.0
2023-08-18,4344.8798828125,4381.81982421875,4335.31005859375,4369.7099609375,3940400000,4497.893994140625,4452.924375,19.001957811779462,True,0.0,0.0
2023-08-21,4380.27978515625,4407.5498046875,4360.2998046875,4399.77001953125,3726850000,4490.15048828125,4455.041171875,26.181857375321044,True,0.0,0.0
2023-08-22,4415.330078125,4418.58984375,4382.77001953125,4387.5498046875,3522760000,4481.15498046875,4456.814970703125,30.35965499214298,True,0.0,0.0
2023-08-23,4396.43994140625,4443.18017578125,4396.43994140625,4436.009765625,3837270000,4474.61796875,4458.7565625,40.781366366263775,True,1.0,1.0
2023-08-24,4455.16015625,4458.2998046875,4375.5498046875,4376.31005859375,3723470000,4466.562963867187,4458.902568359375,37.06386287031449,True,1.0,0.0
2023-08-25,4389.3798828125,4418.4599609375,4356.2900390625,4405.7099609375,3296180000,4457.736962890625,4459.564970703125,35.250592541957076,False,1.0,0.0
2023-08-28,4426.02978515625,4439.56005859375,4414.97998046875,4433.31005859375,2957230000,4449.9544677734375,4459.714375,41.54448936741924,False,0.0,-1.0
2023-08-29,4432.75,4500.14013671875,4431.68017578125,4497.6298828125,3354820000,4445.999462890625,4461.47517578125,53.53378654259159,False,0.0,0.0
2023-08-30,4500.33984375,4521.64990234375,4493.58984375,4514.8701171875,3064110000,4446.073461914062,4463.99837890625,55.23824020906295,False,0.0,0.0
2023-08-31,4517.009765625,4532.259765625,4507.39013671875,4507.66015625,3946360000,4446.361962890625,4466.837783203125,54.93451875817687,False,0.0,0.0
2023-09-01,4530.60009765625,4541.25,4501.35009765625,4515.77001953125,3246260000,4448.248974609375,4469.515380859375,53.06952135029021,False,0.0,0.0
2023-09-05,4510.06005859375,4514.2900390625,4496.009765625,4496.830078125,3526250000,4447.168481445313,4472.485380859375,57.53305547481497,False,0.0,0.0
2023-09-06,4490.35009765625,4490.35009765625,4442.3798828125,4465.47998046875,3418850000,4445.473486328125,4475.218583984375,57.855240527734665,False,0.0,0.0
2023-09-07,4434.5498046875,4457.81005859375,4430.4599609375,4451.14013671875,3763760000,4444.644995117187,4476.67318359375,60.92807884376569,False,0.0,0.0
2023-09-08,4451.2998046875,4473.52978515625,4448.3798828125,4457.490234375,3259290000,4444.0780029296875,4478.285791015625,61.69468679987614,False,0.0,0.0
2023-09-11,4480.97998046875,4490.77001953125,4467.89013671875,4487.4599609375,3369920000,4445.248510742187,4480.10619140625,61.68546475991927,False,0.0,0.0
2023-09-12,4473.27001953125,4487.10986328125,4456.830078125,4461.89990234375,3435740000,4443.857495117188,4480.336591796875,59.56765261407806,False,0.0,0.0
2023-09-13,4462.64990234375,4479.39013671875,4453.52001953125,4467.43994140625,3529430000,4445.336499023438,4480.57359375,54.54680306110484,False,0.0,0.0
2023-09-14,4487.77978515625,4511.990234375,4478.68994140625,4505.10009765625,3648720000,4450.375,4481.73919921875,69.90019797438404,False,0.0,0.0
2023-09-15,4497.97998046875,4497.97998046875,4447.2099609375,4450.31982421875,6932230000,4454.372998046875,4482.513798828125,56.391643381545315,False,0.0,0.0
2023-09-18,4445.1298828125,4466.35986328125,4442.10986328125,4453.52978515625,3161230000,4458.563989257813,4483.605390625,53.11475163221711,False,0.0,0.0
2023-09-19,4445.41015625,4449.85009765625,4416.60986328125,4443.9501953125,3614880000,4460.772998046875,4484.293798828125,40.0534171021584,False,0.0,0.0
2023-09-20,4452.81005859375,4461.02978515625,4401.3798828125,4402.2001953125,3308450000,4461.505517578125,4483.552607421875,30.861207508609425,False,0.0,0.0
2023-09-21,4374.35986328125,4375.7001953125,4329.169921875,4330.0,3662340000,4456.205029296875,4480.709404296875,25.27964692198151,False,0.0,0.0
2023-09-22,4341.740234375,4357.39990234375,4316.490234375,4320.06005859375,3349570000,4453.392529296875,4476.9098046875,22.906110242863093,False,0.0,0.0
2023-09-25,4310.6201171875,4338.509765625,4302.7001953125,4337.43994140625,3195650000,4449.979028320313,4473.550205078125,27.838464264522784,False,0.0,0.0
2023-09-26,4312.8798828125,4313.009765625,4265.97998046875,4273.52978515625,3472340000,4441.990014648438,4468.565,25.527165062179094,False,0.0,0.0
2023-09-27,4282.6298828125,4292.06982421875,4238.6298828125,4274.509765625,3875880000,4430.834008789063,4462.955595703125,26.686156150466033,False,0.0,0.0
2023-09-28,4269.64990234375,4317.27001953125,4264.3798828125,4299.7001953125,3846230000,4420.075512695313,4457.6351953125,30.159702746111194,False,0.0,0.0
2023-09-29,4328.18017578125,4333.14990234375,4274.85986328125,4288.0498046875,3865960000,4409.094995117188,4452.6987890625,23.71555086436598,False,0.0,0.0
2023-10-02,4284.52001953125,4300.580078125,4260.2099609375,4288.39013671875,3938660000,4397.726000976562,4447.739794921875,25.50067565704201,False,0.0,0.0
2023-10-03,4269.75,4281.14990234375,4216.4501953125,4229.4501953125,3953830000,4384.357006835938,4441.23599609375,20.79960890648384,False,0.0,0.0
2023-10-04,4233.830078125,4268.5,4220.47998046875,4263.75,3777600000,4374.2705078125,4435.161796875,20.141089596363912,False,0.0,0.0
2023-10-05,4259.31005859375,4267.1298828125,4225.91015625,4258.18994140625,3581470000,4364.622998046875,4428.990595703125,22.93416682945889,False,0.0,0.0
2023-10-06,4234.7900390625,4324.10009765625,4219.5498046875,4308.5,3902030000,4357.173486328125,4424.412392578125,31.96284974112143,False,0.0,0.0
2023-10-09,4289.02001953125,4341.72998046875,4283.7900390625,4335.66015625,3174630000,4349.58349609375,4419.48099609375,37.09638756103352,False,0.0,0.0
2023-10-10,4339.75,4385.4599609375,4339.64013671875,4358.240234375,3520240000,4344.4005126953125,4414.8666015625,44.5110620116473,False,0.0,0.0
2023-10-11,4366.58984375,4378.64013671875,4345.33984375,4376.9501953125,3601660000,4339.876025390625,4410.871005859375,56.766109919555944,False,0.0,0.0
2023-10-12,4380.93994140625,4385.85009765625,4325.43017578125,4349.60986328125,3713140000,4332.101513671875,4407.595400390625,54.055122542187526,False,0.0,0.0
2023-10-13,4360.490234375,4377.10009765625,4311.97021484375,4327.77978515625,3566560000,4325.97451171875,4404.113193359375,48.690332130288915,False,0.0,0.0
2023-10-16,4342.3701171875,4383.330078125,4342.3701171875,4373.6298828125,3409960000,4321.979516601563,4402.0251953125,64.2697742924801,False,0.0,0.0
2023-10-17,4345.22998046875,4393.56982421875,4337.5400390625,4373.2001953125,3794850000,4318.4420166015625,4399.120400390625,64.09092683688607,False,0.0,0.0
2023-10-18,4357.35009765625,4364.2001953125,4303.83984375,4314.60009765625,3686030000,4314.06201171875,4395.4248046875,51.9421090483252,False,0.0,0.0
2023-10-19,4321.35986328125,4339.5400390625,4269.68994140625,4278.0,3969730000,4311.46201171875,4391.63060546875,48.77006664180746,False,0.0,0.0
2023-10-20,4273.85009765625,4276.56005859375,4223.02978515625,4224.16015625,4004030000,4306.667016601563,4386.73720703125,43.0494600429683,False,0.0,0.0
2023-10-23,4210.39990234375,4255.83984375,4189.22021484375,4217.0400390625,3776100000,4300.647021484375,4381.79701171875,48.48741656271722,False,0.0,0.0
2023-10-24,4235.7900390625,4259.3798828125,4219.43017578125,4247.68017578125,3821820000,4299.354541015625,4376.9562109375,48.02373606418969,False,0.0,0.0
2023-10-25,4232.419921875,4232.419921875,4181.419921875,4186.77001953125,3869370000,4294.967553710938,4371.9344140625,42.26924760098688,False,0.0,0.0
2023-10-26,4175.990234375,4183.60009765625,4127.89990234375,4137.22998046875,4277640000,4286.84404296875,4366.592412109375,31.430153625916816,False,0.0,0.0
2023-10-27,4152.93017578125,4156.7001953125,4103.77978515625,4117.3701171875,4019500000,4278.31005859375,4361.5326171875,25.951332241690565,False,0.0,0.0
2023-10-30,4139.39013671875,4177.47021484375,4132.93994140625,4166.81982421875,3911140000,4272.23154296875,4357.474814453125,30.09024748226284,False,0.0,0.0
2023-10-31,4171.330078125,4195.5498046875,4153.1201171875,4193.7998046875,4249470000,4270.4490234375,4353.35541015625,31.272592196131214,False,0.0,0.0
2023-11-01,4201.27001953125,4245.64013671875,4197.740234375,4237.85986328125,4224900000,4269.154516601562,4350.361611328125,38.95117669890913,False,0.0,0.0
2023-11-02,4268.259765625,4319.72021484375,4268.259765625,4317.77978515625,4669780000,4272.134008789062,4347.99701171875,49.113160388061615,False,0.0,0.0
2023-11-03,4334.22998046875,4373.6201171875,4334.22998046875,4358.33984375,4570960000,4274.626000976563,4347.637607421875,48.63117531656857,False,0.0,0.0
2023-11-06,4364.27001953125,4372.2099609375,4347.52978515625,4365.97998046875,3656340000,4276.1419921875,4346.8430078125,49.36185638639905,False,0.0,0.0
2023-11-07,4366.2099609375,4386.259765625,4355.41015625,4378.3798828125,3791230000,4277.148974609375,4345.744404296875,56.13833757684612,False,0.0,0.0
2023-11-08,4384.3701171875,4391.2001953125,4359.759765625,4382.77978515625,3729510000,4277.440454101563,4343.44740234375,60.75061796677659,False,0.0,0.0
2023-11-09,4391.41015625,4393.39990234375,4343.93994140625,4347.35009765625,3900780000,4277.327465820313,4340.097001953125,63.13578603954695,False,0.0,0.0
2023-11-10,4364.14990234375,4418.02978515625,4353.33984375,4415.240234375,3665080000,4281.70048828125,4338.248603515625,68.70943892977772,False,0.0,0.0
2023-11-13,4406.66015625,4421.759765625,4393.81982421875,4411.5498046875,3326240000,4283.596484375,4336.16419921875,66.29797657516431,False,0.0,0.0
2023-11-14,4458.97021484375,4508.669921875,4458.97021484375,4495.7001953125,4700350000,4289.721484375,4336.1416015625,79.36764925681427,False,0.0,0.0
2023-11-15,4505.2998046875,4521.169921875,4495.31005859375,4502.8798828125,4347170000,4299.135473632812,4336.889599609375,87.80422300145491,False,0.0,0.0
2023-11-16,4497.080078125,4511.990234375,4487.830078125,4508.240234375,3964520000,4310.647485351563,4338.0316015625,91.66078577093859,False,0.0,0.0
2023-11-17,4509.5498046875,4520.1201171875,4499.66015625,4514.02001953125,3777240000,4325.140478515625,4339.162197265625,90.8047955817845,False,0.0,0.0
2023-11-20,4511.7001953125,4557.10986328125,4510.35986328125,4547.3798828125,3644790000,4341.657470703125,4340.360595703125,90.94064914153384,True,0.0,0.0
2023-11-21,4538.77001953125,4542.14013671875,4525.509765625,4538.18994140625,3511080000,4356.182958984375,4341.886396484375,87.82969270094003,True,0.0,0.0
2023-11-22,4553.0400390625,4568.43017578125,4545.0498046875,4556.6201171875,3042810000,4374.675463867187,4343.67,85.59888096905053,True,0.0,0.0
2023-11-24,4555.83984375,4560.31005859375,4552.7998046875,4559.33984375,1639500000,4395.78095703125,4344.754794921875,83.76787864668611,True,0.0,0.0
2023-11-27,4554.85986328125,4560.52001953125,4546.31982421875,4550.43017578125,3403990000,4417.4339599609375,4346.757001953125,80.8559022162104,True,0.0,0.0
2023-11-28,4545.5498046875,4568.14013671875,4540.509765625,4554.89013671875,3586240000,4436.837475585938,4348.784208984375,80.33346479487804,True,0.0,0.0
2023-11-29,4571.83984375,4587.64013671875,4547.14990234375,4550.580078125,4418760000,4454.676489257812,4350.916806640625,78.84555659824638,True,0.0,0.0
2023-11-30,4554.8701171875,4569.89013671875,4537.240234375,4567.7998046875,5399300000,4471.173486328125,4354.228798828125,90.42724848536946,True,0.0,0.0
2023-12-01,4559.43017578125,4599.39013671875,4554.7099609375,4594.6298828125,4397120000,4485.0159912109375,4359.521396484375,88.73003356553713,True,0.0,0.0
2023-12-04,4564.3701171875,4572.3701171875,4546.72021484375,4569.77978515625,4369910000,4495.58798828125,4364.515791015625,81.30173811073911,True,0.0,0.0
2023-12-05,4557.25,4578.56005859375,4551.68017578125,4567.18017578125,3909950000,4505.647998046875,4369.110595703125,70.87631732812343,True,0.0,0.0
2023-12-06,4586.22998046875,4590.740234375,4546.5,4549.33984375,4245680000,4514.19599609375,4374.626796875,62.77359524014091,True,0.0,0.0
2023-12-07,4568.83984375,4590.919921875,4565.22021484375,4585.58984375,3818880000,4524.336499023438,4380.8483984375,68.17860503545937,True,0.0,0.0
2023-12-08,4576.2001953125,4609.22998046875,4574.06005859375,4604.3701171875,3707010000,4537.1875,4386.941796875,70.01113910908757,True,0.0,0.0
2023-12-11,4593.39013671875,4623.7099609375,4593.39013671875,4622.43994140625,3823210000,4547.5474853515625,4393.629599609375,67.83242579827896,True,0.0,0.0
2023-12-12,4618.2998046875,4643.93017578125,4608.08984375,4643.7001953125,3808380000,4559.155004882812,4400.73580078125,73.70699585949038,True,0.0,0.0
2023-12-13,4646.2001953125,4709.68994140625,4643.22998046875,4707.08984375,5063650000,4569.7244873046875,4410.28859375,78.12631202333621,True,0.0,0.0
2023-12-14,4721.0400390625,4738.56982421875,4694.33984375,4719.5498046875,6314040000,4580.5579833984375,4419.40458984375,78.89482638974508,True,0.0,0.0
2023-12-15,4714.22998046875,4725.52978515625,4704.68994140625,4719.18994140625,8218980000,4591.10546875,4428.62458984375,81.40538222209298,True,0.0,0.0
2023-12-18,4725.580078125,4749.52001953125,4725.580078125,4740.56005859375,4060340000,4602.432470703125,4437.265791015625,82.50639438661761,True,0.0,0.0
2023-12-19,4743.72021484375,4768.68994140625,4743.72021484375,4768.3701171875,4026970000,4613.481982421875,4445.919990234375,85.23086304295626,True,0.0,0.0
2023-12-20,4764.72998046875,4778.009765625,4697.81982421875,4698.35009765625,4201320000,4621.489990234375,4452.7221875,68.03728255105909,True,0.0,0.0
2023-12-21,4724.2900390625,4748.7099609375,4708.35009765625,4746.75,3431180000,4630.996484375,4460.11818359375,69.83520219628537,True,0.0,0.0
2023-12-22,4753.919921875,4772.93994140625,4736.77001953125,4754.6298828125,3046770000,4640.760986328125,4468.218583984375,75.21899993471636,True,0.0,0.0
2023-12-26,4758.85986328125,4784.72021484375,4758.4501953125,4774.75,2513910000,4651.976977539062,4477.15798828125,77.02659917375863,True,0.0,0.0
2023-12-27,4773.4501953125,4785.39013671875,4768.89990234375,4781.580078125,2748450000,4663.311474609375,4485.3169921875,81.13139870978551,True,0.0,0.0
2023-12-28,4786.43994140625,4793.2998046875,4780.97998046875,4783.35009765625,2698860000,4674.949975585938,4493.519990234375,79.20953599436888,True,0.0,0.0
2023-12-29,4782.8798828125,4788.43017578125,4751.990234375,4769.830078125,3126060000,4685.051489257812,4502.62458984375,74.82447297938803,True,0.0,0.0
2024-01-02,4745.2001953125,4754.330078125,4722.669921875,4742.830078125,3743050000,4692.461499023438,4511.92119140625,67.59112734640877,True,0.0,0.0
2024-01-03,4725.06982421875,4729.2900390625,4699.7099609375,4704.81005859375,3950760000,4699.2130126953125,4521.534189453125,58.51231552557442,True,0.0,0.0
2024-01-04,4697.419921875,4726.77978515625,4687.52978515625,4688.68017578125,3715480000,4705.288012695312,4530.9669921875,47.04679787135716,True,0.0,0.0
2024-01-05,4690.56982421875,4721.490234375,4682.10986328125,4697.240234375,3844370000,4712.683032226562,4539.958193359375,46.37584595322628,True,0.0,0.0
2024-01-08,4703.7001953125,4764.5400390625,4699.81982421875,4763.5400390625,3742320000,4721.580541992187,4551.49359375,55.93344125090312,True,0.0,0.0
2024-01-09,4741.93017578125,4765.47021484375,4730.35009765625,4756.5,3529960000,4729.187036132813,4563.878994140625,52.21757731461542,True,0.0,0.0
2024-01-10,4759.93994140625,4790.7998046875,4756.2001953125,4783.4501953125,3498680000,4737.237548828125,4577.200595703125,52.102983834724704,True,0.0,0.0
2024-01-11,4792.1298828125,4798.5,4739.580078125,4780.240234375,3759890000,4744.06455078125,4589.46900390625,64.03526243466123,True,0.0,0.0
2024-01-12,4791.18017578125,4802.39990234375,4768.97998046875,4783.830078125,3486340000,4747.9015625,4601.269609375,57.508522974458764,True,0.0,0.0
2024-01-16,4772.35009765625,4782.33984375,4747.1201171875,4765.97998046875,4260550000,4750.223071289062,4611.83201171875,52.20913457426284,True,0.0,0.0
2024-01-17,4739.1298828125,4744.22998046875,4714.81982421875,4739.2099609375,3928600000,4751.224072265625,4620.260615234375,43.25718414762937,True,0.0,0.0
2024-01-18,4760.10009765625,4785.7900390625,4740.56982421875,4780.93994140625,4019000000,4753.24306640625,4628.7126171875,49.892752840699934,True,0.0,0.0
2024-01-19,4796.27978515625,4842.06982421875,4785.8701171875,4839.81005859375,4287200000,4756.8150634765625,4638.18921875,57.94002851076569,True,0.0,0.0
2024-01-22,4853.419921875,4868.41015625,4844.0498046875,4850.43017578125,4297610000,4764.4190673828125,4647.630224609375,61.428094715227076,True,0.0,0.0
2024-01-23,4856.7998046875,4866.47998046875,4844.3701171875,4864.60009765625,3912800000,4770.311572265625,4657.266630859375,67.91736537099224,True,0.0,0.0
2024-01-24,4888.56005859375,4903.68017578125,4865.93994140625,4868.5498046875,4330030000,4776.007568359375,4667.690625,76.77763493064816,True,0.0,0.0
2024-01-25,4886.66015625,4898.14990234375,4869.33984375,4894.16015625,4020430000,4781.978076171875,4677.2690234375,82.59308426183952,True,0.0,0.0
2024-01-26,4888.91015625,4906.68994140625,4881.47021484375,4890.97021484375,3353400000,4787.447583007813,4686.857431640625,81.26188791518075,True,0.0,0.0
2024-01-29,4892.9501953125,4929.31005859375,4887.39990234375,4927.93017578125,3525160000,4794.676586914063,4695.50203125,79.30198351567056,True,0.0,0.0
2024-01-30,4925.89013671875,4931.08984375,4916.27001953125,4924.97021484375,3836130000,4802.43359375,4703.943837890625,80.47247182179326,True,0.0,0.0
2024-01-31,4899.18994140625,4906.75,4845.14990234375,4845.64990234375,4696120000,4807.5745849609375,4710.69203125,59.45858449054995,True,0.0,0.0
2024-02-01,4861.10986328125,4906.97021484375,4853.52001953125,4906.18994140625,4386090000,4817.643579101563,4718.5354296875,66.30922046801004,True,0.0,0.0
2024-02-02,4916.06005859375,4975.2900390625,4907.990234375,4958.60986328125,3974350000,4831.140063476562,4726.760029296875,70.09145721986665,True,0.0,0.0
2024-02-05,4957.18994140625,4957.18994140625,4918.08984375,4942.81005859375,4023640000,4843.4185546875,4734.852431640625,70.42341529438303,True,0.0,0.0
2024-02-06,4950.16015625,4957.77001953125,4934.8798828125,4954.22998046875,4440880000,4852.953051757812,4742.80462890625,75.74719673325436,True,0.0,0.0
2024-02-07,4973.0498046875,4999.89013671875,4969.0498046875,4995.06005859375,4895590000,4864.8810546875,4751.519033203125,75.69481554399287,True,0.0,0.0
2024-02-08,4995.16015625,5000.39990234375,4987.08984375,4997.91015625,4341860000,4875.604052734375,4760.4686328125,71.91937080197295,True,0.0,0.0
2024-02-09,5004.169921875,5030.06005859375,5000.33984375,5026.60986328125,3912990000,4887.922534179687,4769.90302734375,73.2599037154888,True,0.0,0.0
2024-02-12,5026.830078125,5048.39013671875,5016.830078125,5021.83984375,3805740000,4899.823022460938,4779.32822265625,71.28774787900582,True,0.0,0.0
2024-02-13,4967.93994140625,4971.2998046875,4920.31005859375,4953.169921875,4302190000,4909.18251953125,4787.035625,59.74796212007011,True,0.0,0.0
2024-02-14,4976.43994140625,5002.52001953125,4956.4501953125,5000.6201171875,3845600000,4922.25302734375,4795.1554296875,61.67631704657674,True,0.0,0.0
2024-02-15,5003.14013671875,5032.72021484375,4999.43994140625,5029.72998046875,4137970000,4934.692529296875,4804.35443359375,64.4001475586941,True,0.0,0.0
2024-02-16,5031.1298828125,5038.7001953125,4999.52001953125,5005.56982421875,3833270000,4942.980517578125,4813.1222265625,58.277148021055446,True,0.0,0.0
2024-02-20,4989.31982421875,4993.7099609375,4955.02001953125,4975.509765625,4034880000,4949.2344970703125,4821.645625,55.093684824898894,True,0.0,0.0
2024-02-21,4963.02978515625,4983.2099609375,4946.0,4981.7998046875,3788390000,4955.094482421875,4829.56982421875,66.09071299225457,True,0.0,0.0
2024-02-22,5038.830078125,5094.39013671875,5038.830078125,5087.02978515625,4051710000,4966.018481445312,4839.223017578125,69.33041884313946,True,0.0,0.0
2024-02-23,5100.919921875,5111.06005859375,5081.4599609375,5088.7998046875,3672790000,4975.750463867187,4848.55021484375,65.60619310007363,True,0.0,0.0
2024-02-26,5093.0,5097.66015625,5068.91015625,5069.52978515625,3683930000,4984.678442382812,4857.066806640625,65.0648750563071,True,0.0,0.0
2024-02-27,5074.60009765625,5080.68994140625,5057.2900390625,5078.18017578125,3925950000,4992.190942382813,4864.48861328125,64.83330138977837,True,0.0,0.0
2024-02-28,5067.2001953125,5077.3701171875,5058.35009765625,5069.759765625,3789370000,4999.430419921875,4871.4928125,59.691169781870286,True,0.0,0.0
2024-02-29,5085.35986328125,5104.990234375,5061.89013671875,5096.27001953125,5219740000,5011.96142578125,4879.0344140625,62.02263902301025,True,0.0,0.0
2024-03-01,5098.509765625,5140.330078125,5094.16015625,5137.080078125,4748110000,5023.505932617188,4886.964814453125,63.11463911454174,True,0.0,0.0
2024-03-04,5130.990234375,5149.669921875,5127.18017578125,5130.9501953125,4758440000,5032.12294921875,4894.216416015625,62.911512646993565,True,0.0,0.0
2024-03-05,5110.52001953125,5114.5400390625,5056.81982421875,5078.64990234375,4418410000,5038.91494140625,4901.822412109375,65.44705037995044,True,0.0,0.0
2024-03-06,5108.02978515625,5127.97021484375,5092.22021484375,5104.759765625,4559050000,5046.441430664063,4908.982607421875,63.53091050279529,True,0.0,0.0
2024-03-07,5132.3798828125,5165.6201171875,5128.2099609375,5157.35986328125,4137980000,5054.556420898438,4917.03720703125,65.62898369093375,True,0.0,0.0
2024-03-08,5164.4599609375,5189.259765625,5117.5,5123.68994140625,4208870000,5060.84541015625,4924.016005859375,64.13524397626266,True,0.0,0.0
2024-03-11,5111.9599609375,5124.66015625,5091.14013671875,5117.93994140625,3896430000,5065.4119140625,4930.743203125,68.09734573668806,True,0.0,0.0
2024-03-12,5134.2998046875,5179.8701171875,5114.47998046875,5175.27001953125,4080510000,5073.083422851562,4938.5816015625,71.76016897305811,True,0.0,0.0
2024-03-13,5173.490234375,5179.14013671875,5151.8798828125,5165.31005859375,4282890000,5083.6904296875,4946.491201171875,61.20590833855238,True,0.0,0.0
2024-03-14,5175.14013671875,5176.85009765625,5123.2998046875,5150.47998046875,4687970000,5091.183422851563,4954.64419921875,58.51133645521005,True,0.0,0.0
2024-03-15,5123.31005859375,5136.85986328125,5104.35009765625,5117.08984375,7753670000,5095.551416015625,4962.889794921875,56.31672401694957,True,0.0,0.0
2024-03-18,5154.77001953125,5175.60009765625,5145.47021484375,5149.419921875,4036220000,5102.743920898438,4972.10458984375,58.90182784637744,True,0.0,0.0
2024-03-19,5139.08984375,5180.31005859375,5131.58984375,5178.509765625,4031760000,5112.8939208984375,4981.72998046875,62.9214917268107,True,0.0,0.0
2024-03-20,5181.68994140625,5226.18994140625,5171.5498046875,5224.6201171875,4064850000,5125.034936523438,4990.95158203125,64.571638906782,True,0.0,0.0
2024-03-21,5253.43017578125,5261.10009765625,5240.66015625,5241.52978515625,4207730000,5132.759936523437,5000.652177734375,62.53867174357249,True,0.0,0.0
2024-03-22,5242.47998046875,5246.08984375,5229.8701171875,5234.18017578125,3374700000,5140.028955078125,5009.66677734375,62.3560655561413,True,0.0,0.0
2024-03-25,5219.52001953125,5229.08984375,5216.08984375,5218.18994140625,3331360000,5147.461962890625,5018.425771484375,68.29218022705044,True,0.0,0.0
2024-03-26,5228.85009765625,5235.16015625,5203.419921875,5203.580078125,3871790000,5153.731958007813,5026.820771484375,63.356987101304654,True,0.0,0.0
2024-03-27,5226.31005859375,5249.259765625,5213.919921875,5248.490234375,3850500000,5162.668481445313,5036.4709765625,62.57907627853183,True,0.0,0.0
2024-03-28,5248.02978515625,5264.85009765625,5245.81982421875,5254.35009765625,3998270000,5170.572485351562,5046.773779296875,69.53534279857263,True,0.0,0.0
2024-04-01,5257.97021484375,5263.9501953125,5229.2001953125,5243.77001953125,3325930000,5175.906982421875,5056.030380859375,68.5453320744289,True,0.0,0.0
2024-04-02,5204.2900390625,5208.33984375,5184.0498046875,5205.81005859375,3886590000,5179.649975585938,5063.350380859375,54.77367297905403,True,0.0,0.0
2024-04-03,5194.3701171875,5228.75,5194.3701171875,5211.490234375,3703250000,5186.2919921875,5070.57158203125,57.31624865204402,True,0.0,0.0
2024-04-04,5244.0498046875,5256.58984375,5146.06005859375,5147.2099609375,4075680000,5188.414501953125,5076.223779296875,49.552113832774005,True,0.0,0.0
2024-04-05,5158.9501953125,5222.18017578125,5157.2099609375,5204.33984375,3386780000,5190.763500976563,5082.939580078125,61.2207092818515,True,0.0,0.0
2024-04-08,5211.3701171875,5219.56982421875,5197.35009765625,5202.39013671875,3278180000,5194.698510742188,5089.1041796875,57.38961858143409,True,0.0,0.0
2024-04-09,5217.02978515625,5224.81005859375,5160.77978515625,5209.91015625,3400680000,5199.297021484375,5095.482978515625,54.661026776913175,True,0.0,0.0
2024-04-10,5167.8798828125,5178.43017578125,5138.7001953125,5160.64013671875,3845930000,5198.56552734375,5100.137177734375,40.5911658306035,True,0.0,0.0
2024-04-11,5172.9501953125,5211.77978515625,5138.77001953125,5199.06005859375,3509380000,5200.25302734375,5105.618974609375,44.12606095314247,True,0.0,0.0
2024-04-12,5171.509765625,5175.02978515625,5107.93994140625,5123.41015625,3963220000,5198.8995361328125,5111.1741796875,37.114073145046135,True,0.0,0.0
2024-04-15,5149.669921875,5168.43017578125,5052.47021484375,5061.81982421875,3950210000,5196.13603515625,5114.28677734375,33.5541884063925,True,0.0,0.0
2024-04-16,5064.58984375,5079.83984375,5039.830078125,5051.41015625,4006200000,5191.235546875,5116.142783203125,33.85327831650153,True,0.0,0.0
2024-04-17,5068.97021484375,5077.9599609375,5007.25,5022.2099609375,3596130000,5183.420556640625,5117.73078125,25.161331126509324,True,0.0,0.0
2024-04-18,5031.52001953125,5056.66015625,5001.89013671875,5011.1201171875,3619760000,5172.745556640625,5118.868583984375,23.603847070980052,True,0.0,0.0
2024-04-19,5005.43994140625,5019.02001953125,4953.56005859375,4967.22998046875,3878750000,5159.03056640625,5118.311982421875,22.012385920454165,True,0.0,0.0
2024-04-22,4987.330078125,5038.83984375,4969.39990234375,5010.60009765625,3820250000,5147.8515625,5118.56578125,30.457514806320233,True,0.0,0.0
2024-04-23,5028.85009765625,5076.1201171875,5027.9599609375,5070.5498046875,3751400000,5140.469555664063,5119.444580078125,37.2733060674522,True,1.0,1.0
2024-04-24,5084.85986328125,5089.47998046875,5047.02001953125,5071.6298828125,3656740000,5133.872045898437,5120.440380859375,42.29591552324146,True,1.0,0.0
2024-04-25,5019.8798828125,5057.75,4990.580078125,5048.419921875,3958050000,5123.8685302734375,5122.345380859375,32.925968542940126,True,1.0,0.0
2024-04-26,5084.64990234375,5114.6201171875,5073.14013671875,5099.9599609375,3604140000,5116.1490234375,5124.332177734375,39.88223911594451,False,1.0,0.0
2024-04-29,5114.1298828125,5123.490234375,5088.64990234375,5116.169921875,3447450000,5109.769018554687,5126.0609765625,40.896883185360664,False,0.0,-1.0
2024-04-30,5103.77978515625,5110.830078125,5035.31005859375,5035.68994140625,4082470000,5101.263012695313,5126.66337890625,38.55955693531426,False,0.0,0.0
2024-05-01,5029.02978515625,5096.1201171875,5013.4501953125,5018.39013671875,4544170000,5091.6080078125,5127.520986328125,32.79234851712059,False,0.0,0.0
2024-05-02,5049.31982421875,5073.2099609375,5011.0498046875,5064.2001953125,4381660000,5087.45751953125,5129.168994140625,44.02076475356648,False,0.0,0.0
2024-05-03,5122.77978515625,5139.1201171875,5101.22021484375,5127.7900390625,3924990000,5083.630029296875,5129.98419921875,56.63511507964181,False,0.0,0.0
2024-05-06,5142.419921875,5181.0,5142.419921875,5180.740234375,3683250000,5082.547534179687,5131.8230078125,61.98233150326986,False,0.0,0.0
2024-05-07,5187.2001953125,5200.22998046875,5178.9599609375,5187.7001953125,3987890000,5081.437036132813,5134.186416015625,65.99156739291269,False,0.0,0.0
2024-05-08,5168.97998046875,5191.9501953125,5165.85986328125,5187.669921875,3842100000,5082.788525390625,5136.3762109375,67.43288147295299,False,0.0,0.0
2024-05-09,5189.02978515625,5215.2998046875,5180.41015625,5214.080078125,3727370000,5083.539526367187,5139.2626171875,75.24596827755789,False,0.0,0.0
2024-05-10,5225.490234375,5239.66015625,5209.68017578125,5222.68017578125,3617900000,5088.50302734375,5141.7908203125,73.35065879028599,False,0.0,0.0
2024-05-13,5233.080078125,5237.259765625,5211.16015625,5221.419921875,4255710000,5096.4830322265625,5143.4776171875,69.07668409393438,False,0.0,0.0
2024-05-14,5221.10009765625,5250.3701171875,5217.97998046875,5246.68017578125,4763580000,5106.246533203125,5145.792216796875,70.85864762620685,False,0.0,0.0
2024-05-15,5263.259765625,5311.759765625,5263.259765625,5308.14990234375,4360810000,5120.543530273438,5150.382216796875,78.36281444654529,False,0.0,0.0
2024-05-16,5310.06982421875,5325.490234375,5296.18994140625,5297.10009765625,3817470000,5134.842529296875,5154.2290234375,73.61636415748805,False,0.0,0.0
2024-05-17,5303.10009765625,5305.4501953125,5283.58984375,5303.27001953125,3578120000,5151.64453125,5157.1472265625,72.96606583532419,False,0.0,0.0
2024-05-20,5305.35009765625,5325.31982421875,5302.39990234375,5308.1298828125,3420100000,5166.521020507813,5160.836025390625,91.06471797845923,True,0.0,0.0
2024-05-21,5298.68994140625,5324.31982421875,5297.8701171875,5321.41015625,3662240000,5179.064038085938,5164.9054296875,96.23426722949768,True,0.0,0.0
2024-05-22,5319.27978515625,5323.18017578125,5286.009765625,5307.009765625,3847130000,5190.833032226563,5167.540224609375,90.97484525481045,True,0.0,0.0
2024-05-23,5340.259765625,5341.8798828125,5256.93017578125,5267.83984375,3869520000,5201.804028320313,5169.5908203125,75.75665598643658,True,0.0,0.0
2024-05-24,5281.4501953125,5311.64990234375,5278.39013671875,5304.72021484375,3005510000,5212.042041015625,5172.675625,74.23365229889994,True,0.0,0.0
2024-05-28,5315.91015625,5315.91015625,5280.89013671875,5306.0400390625,3751540000,5221.535546875,5176.45462890625,73.65272383034372,True,0.0,0.0
2024-05-29,5278.72998046875,5282.27001953125,5262.7001953125,5266.9501953125,3552750000,5233.098559570312,5178.805234375,63.70584342353172,True,0.0,0.0
2024-05-30,5259.77001953125,5260.2099609375,5222.10009765625,5235.47998046875,3818750000,5243.953051757812,5179.944638671875,53.63596692810696,True,0.0,0.0
2024-05-31,5243.2099609375,5280.330078125,5191.68017578125,5277.509765625,5437160000,5254.6185302734375,5181.002431640625,58.365554100344035,True,0.0,0.0
2024-06-03,5297.14990234375,5302.10986328125,5234.31982421875,5283.39990234375,4046920000,5262.3990234375,5181.839833984375,59.3247756132894,True,0.0,0.0
2024-06-04,5278.240234375,5298.7998046875,5257.6298828125,5291.33984375,3707900000,5267.92900390625,5182.98302734375,57.08838568977356,True,0.0,0.0
2024-06-05,5314.47998046875,5354.16015625,5297.64013671875,5354.02978515625,3591460000,5276.2454833984375,5185.69982421875,57.25396041132693,True,0.0,0.0
2024-06-06,5357.7998046875,5362.35009765625,5335.35986328125,5352.9599609375,3609990000,5284.509985351562,5188.687421875,59.11967233239958,True,0.0,0.0
2024-06-07,5343.81005859375,5375.080078125,5331.330078125,5346.990234375,3692760000,5291.155493164062,5190.657421875,57.142424111893384,True,0.0,0.0
2024-06-10,5341.22021484375,5365.7900390625,5331.52001953125,5360.7900390625,3622280000,5298.060986328125,5192.786220703125,58.358754960317455,True,0.0,0.0
2024-06-11,5353.0,5375.9501953125,5327.25,5375.31982421875,3568030000,5305.7559814453125,5195.417216796875,58.52328082275325,True,0.0,0.0
2024-06-12,5409.1298828125,5447.25,5409.1298828125,5421.02978515625,3962840000,5314.473461914063,5199.721611328125,66.40296936924787,True,0.0,0.0
2024-06-13,5441.93017578125,5441.93017578125,5402.509765625,5433.740234375,3530380000,5320.752978515625,5204.166611328125,75.83316606144656,True,0.0,0.0
2024-06-14,5424.080078125,5432.39013671875,5403.75,5431.60009765625,3438650000,5327.477978515625,5209.8544140625,72.15396000436515,True,0.0,0.0
2024-06-17,5431.10986328125,5488.5,5420.39990234375,5473.22998046875,3447840000,5335.9759765625,5215.232216796875,75.590080401304,True,0.0,0.0
2024-06-18,5476.14990234375,5490.3798828125,5471.31982421875,5487.02978515625,3544330000,5344.920971679688,5220.925009765625,86.51204990076552,True,0.0,0.0
2024-06-20,5499.990234375,5505.52978515625,5455.56005859375,5473.169921875,3847060000,5352.508959960937,5226.190205078125,91.88087941509983,True,0.0,0.0
2024-06-21,5466.77001953125,5478.31005859375,5452.02978515625,5464.6201171875,6773800000,5360.389477539063,5232.2698046875,87.37885101601273,True,0.0,0.0
2024-06-24,5459.580078125,5490.66015625,5447.58984375,5447.8701171875,3696750000,5369.3909912109375,5237.246005859375,81.48973604844878,True,0.0,0.0
2024-06-25,5460.72998046875,5472.8798828125,5446.56005859375,5469.2998046875,3591960000,5377.619970703125,5244.163798828125,82.39892614585926,True,0.0,0.0
2024-06-26,5460.7099609375,5483.14013671875,5451.8701171875,5477.89990234375,3563920000,5386.212963867188,5252.485400390625,78.08224333826303,True,0.0,0.0
2024-06-27,5473.58984375,5490.81005859375,5467.5400390625,5482.8701171875,3589530000,5397.008959960937,5261.114599609375,78.9397657460102,True,0.0,0.0
2024-06-28,5488.47998046875,5523.64013671875,5451.1201171875,5460.47998046875,7199220000,5408.258959960937,5269.88,73.55833456652226,True,0.0,0.0
2024-07-01,5471.080078125,5479.5498046875,5446.52978515625,5475.08984375,3488760000,5418.137963867188,5279.15939453125,73.6469613706158,True,0.0,0.0
2024-07-02,5461.83984375,5509.68994140625,5458.43017578125,5509.009765625,3329950000,5429.41845703125,5289.994990234375,75.6042500902424,True,0.0,0.0
2024-07-03,5507.43994140625,5539.27001953125,5507.419921875,5537.02001953125,2179470000,5441.702465820313,5300.523388671875,73.83000750368163,True,0.0,0.0
2024-07-05,5537.91015625,5570.330078125,5531.6298828125,5567.18994140625,3253080000,5452.3604736328125,5310.45619140625,75.58178063907417,True,0.0,0.0
2024-07-08,5572.75,5583.10986328125,5562.509765625,5572.85009765625,3185670000,5463.35498046875,5320.480595703125,76.71651384958662,True,0.0,0.0
2024-07-09,5584.240234375,5590.75,5574.56982421875,5576.97998046875,3232920000,5474.854467773437,5331.051796875,72.86757298940137,True,0.0,0.0
2024-07-10,5591.259765625,5635.39013671875,5586.43994140625,5633.91015625,3336100000,5488.510473632812,5341.73080078125,77.20208565811629,True,0.0,0.0
2024-07-11,5635.2099609375,5642.4501953125,5576.52978515625,5584.5400390625,4020950000,5498.971484375,5351.098203125,68.2280977680598,True,0.0,0.0
2024-07-12,5590.759765625,5655.56005859375,5590.43994140625,5615.35009765625,3700280000,5508.6875,5362.69140625,72.99462332751817,True,0.0,0.0
2024-07-15,5638.16015625,5666.93994140625,5614.75,5631.22021484375,3620470000,5518.561499023437,5374.9480078125,78.04628109543776,True,0.0,0.0
2024-07-16,5644.08984375,5669.669921875,5639.02001953125,5667.2001953125,4041760000,5530.34150390625,5387.0080078125,78.98188006807487,True,0.0,0.0
2024-07-17,5610.06982421875,5622.490234375,5584.81005859375,5588.27001953125,4246450000,5536.093505859375,5396.217607421875,63.402532534218146,True,0.0,0.0
2024-07-18,5608.56005859375,5614.0498046875,5522.81005859375,5544.58984375,4007510000,5538.971508789063,5403.494599609375,56.85073015487608,True,0.0,0.0
2024-07-19,5543.3701171875,5557.5,5497.0400390625,5505.0,3760570000,5540.563012695313,5409.840595703125,54.75986380849662,True,0.0,0.0
2024-07-22,5544.5400390625,5570.35986328125,5529.0400390625,5564.41015625,3375180000,5545.552514648438,5417.375400390625,58.714841070203526,True,0.0,0.0
2024-07-23,5565.2998046875,5585.33984375,5550.89990234375,5555.740234375,3500210000,5550.946020507812,5424.208603515625,54.79571220114491,True,0.0,0.0
2024-07-24,5505.83984375,5508.0400390625,5419.97998046875,5427.1298828125,3945550000,5548.8375244140625,5428.29759765625,40.65259665552728,True,0.0,0.0
2024-07-25,5428.7001953125,5491.58984375,5390.9501953125,5399.22021484375,4592120000,5544.903540039062,5431.853603515625,35.65711703057352,True,0.0,0.0
2024-07-26,5433.669921875,5488.31982421875,5430.7001953125,5459.10009765625,3638770000,5543.7150390625,5436.102001953125,41.11009349360808,True,0.0,0.0
2024-07-29,5476.5498046875,5487.740234375,5444.43994140625,5463.5400390625,3379970000,5543.8680419921875,5439.2098046875,41.13862009253291,True,0.0,0.0
2024-07-30,5478.72998046875,5489.4599609375,5401.7001953125,5436.43994140625,3777740000,5541.935546875,5441.9966015625,33.82056068484941,True,0.0,0.0
2024-07-31,5505.58984375,5551.509765625,5493.75,5522.2998046875,4546910000,5542.600048828125,5446.377197265625,45.18815816096953,True,0.0,0.0
2024-08-01,5537.83984375,5566.16015625,5410.419921875,5446.68017578125,4703620000,5538.083056640625,5449.148203125,37.80493315653389,True,0.0,0.0
2024-08-02,5376.6298828125,5383.89013671875,5302.02978515625,5346.56005859375,5156450000,5527.0515625,5449.651201171875,31.653762057554005,True,0.0,0.0
2024-08-05,5151.14013671875,5250.89013671875,5119.259765625,5186.330078125,5333250000,5507.725561523437,5447.237607421875,23.286471777277953,True,0.0,0.0
2024-08-06,5206.419921875,5312.33984375,5193.56005859375,5240.02978515625,4690190000,5490.8780517578125,5446.68140625,30.096448485457373,True,0.0,0.0
2024-08-07,5293.1298828125,5330.64013671875,5195.5400390625,5199.5,4558260000,5469.157543945313,5444.577001953125,30.205223232641217,True,1.0,1.0
2024-08-08,5252.56982421875,5328.02978515625,5233.85009765625,5319.31005859375,4016830000,5455.896044921875,5444.84240234375,40.24624141240512,True,1.0,0.0
2024-08-09,5314.66015625,5358.669921875,5300.83984375,5344.16015625,3516400000,5442.3365478515625,5446.3866015625,37.99503909639164,False,1.0,0.0
2024-08-12,5351.8798828125,5371.2001953125,5324.3701171875,5344.39013671875,3360160000,5427.995043945312,5448.5648046875,38.37316435703138,False,0.0,-1.0
2024-08-13,5376.97998046875,5436.5,5376.97998046875,5434.43017578125,3648980000,5416.35654296875,5451.703212890625,50.41940335937854,False,0.0,0.0
2024-08-14,5442.35986328125,5463.22021484375,5415.91015625,5455.2099609375,3380050000,5409.703540039062,5455.1394140625,53.243191721286955,False,0.0,0.0
2024-08-15,5501.1298828125,5546.22998046875,5501.1298828125,5543.22021484375,3723310000,5409.63505859375,5460.177021484375,54.71885405128239,False,0.0,0.0
2024-08-16,5530.5,5561.97998046875,5525.169921875,5554.25,3357690000,5412.09755859375,5464.18142578125,55.051176833333514,False,0.0,0.0
2024-08-19,5557.22998046875,5608.2998046875,5550.740234375,5608.25,3222050000,5414.28955078125,5469.2872265625,59.2889474126047,False,0.0,0.0
2024-08-20,5602.8798828125,5620.509765625,5585.5,5597.1201171875,2994420000,5416.358544921875,5474.28982421875,54.40078531294767,False,0.0,0.0
2024-08-21,5603.08984375,5632.68017578125,5591.56982421875,5620.85009765625,3119670000,5426.0445556640625,5479.491025390625,60.91031215666315,False,0.0,0.0
2024-08-22,5637.77001953125,5643.22021484375,5560.9501953125,5570.64013671875,2981530000,5434.615551757813,5483.397431640625,64.97302404735865,False,0.0,0.0
2024-08-23,5602.490234375,5641.81982421875,5585.16015625,5634.60986328125,3291940000,5443.391040039062,5487.669033203125,84.37628010948563,False,0.0,0.0
2024-08-26,5639.66015625,5651.6201171875,5602.33984375,5616.83984375,2938570000,5451.0560302734375,5491.331025390625,80.58079605246994,False,0.0,0.0
2024-08-27,5602.89013671875,5631.18017578125,5593.47998046875,5625.7998046875,2798990000,5460.5240234375,5495.21501953125,86.46583064349058,False,0.0,0.0
2024-08-28,5624.509765625,5627.02978515625,5560.9501953125,5592.18017578125,3053450000,5464.018041992187,5497.5940234375,77.37850512160756,False,0.0,0.0
2024-08-29,5607.2998046875,5646.9501953125,5583.7099609375,5591.9599609375,3065640000,5471.28203125,5499.692626953125,76.15581732870443,False,0.0,0.0
2024-08-30,5612.740234375,5651.3701171875,5581.7900390625,5648.39990234375,4185850000,5486.3740234375,5503.1972265625,78.6850820176659,False,0.0,0.0
2024-09-03,5623.89013671875,5623.89013671875,5504.330078125,5528.93017578125,3866350000,5503.5040283203125,5504.483427734375,58.447473038586644,False,0.0,0.0
2024-09-04,5506.68017578125,5552.990234375,5503.66015625,5520.06982421875,3478140000,5517.506030273437,5505.927421875,55.92414694299871,True,0.0,0.0
2024-09-05,5520.080078125,5546.2998046875,5480.5400390625,5503.41015625,3521650000,5532.7015380859375,5506.60962890625,45.81887590526662,True,0.0,0.0
2024-09-06,5507.330078125,5522.47021484375,5402.6201171875,5408.419921875,3822800000,5537.15703125,5505.220029296875,36.9801384553682,True,0.0,0.0
2024-09-09,5442.06982421875,5484.2001953125,5434.490234375,5471.0498046875,3825940000,5543.501513671875,5504.983623046875,37.936518022280346,True,0.0,0.0
2024-09-10,5490.509765625,5497.91015625,5441.72021484375,5495.52001953125,3848180000,5551.0580078125,5505.684423828125,41.27146195052583,True,0.0,0.0
2024-09-11,5496.419921875,5560.41015625,5406.9599609375,5554.1298828125,3839450000,5557.042993164063,5507.265224609375,44.592118375549816,True,0.0,0.0
2024-09-12,5557.47998046875,5600.7099609375,5535.5,5595.759765625,3655070000,5564.070483398437,5509.000224609375,52.06474249014887,True,0.0,0.0
2024-09-13,5603.33984375,5636.27001953125,5601.64990234375,5626.02001953125,3500790000,5568.210473632813,5510.780224609375,49.25252387912574,True,0.0,0.0
2024-09-16,5615.2099609375,5636.0498046875,5604.52978515625,5633.08984375,3437070000,5572.1524658203125,5512.09822265625,51.44088475866046,True,0.0,0.0
2024-09-17,5655.509765625,5670.81005859375,5614.0498046875,5634.580078125,3443600000,5573.468969726562,5513.332822265625,50.788997040932024,True,0.0,0.0
2024-09-18,5641.68017578125,5689.75,5615.080078125,5618.259765625,3691390000,5574.525952148438,5514.15841796875,52.418715736256694,True,0.0,0.0
2024-09-19,5702.6298828125,5733.56982421875,5686.419921875,5713.64013671875,4024530000,5579.165454101562,5515.753017578125,59.59198064367629,True,0.0,0.0
2024-09-20,5709.64013671875,5715.14013671875,5674.490234375,5702.5498046875,7867260000,5585.7609375,5518.113212890625,54.597303278002144,True,0.0,0.0
2024-09-23,5711.89990234375,5725.35986328125,5704.22021484375,5718.56982421875,3529550000,5589.958935546875,5520.177607421875,69.53109127738452,True,0.0,0.0
2024-09-24,5727.66015625,5735.31982421875,5698.990234375,5732.93017578125,3872710000,5595.763452148438,5522.211806640625,71.67702604596582,True,0.0,0.0
2024-09-25,5733.64990234375,5741.02978515625,5712.06005859375,5722.259765625,3624910000,5600.586450195313,5523.312998046875,72.56217883664362,True,0.0,0.0
2024-09-26,5762.22021484375,5767.3701171875,5721.009765625,5745.3701171875,4391180000,5608.245947265625,5526.455,90.78191226564735,True,0.0,0.0
2024-09-27,5755.35986328125,5763.77978515625,5727.33984375,5738.169921875,3898530000,5615.5564453125,5530.3266015625,87.34038283547248,True,0.0,0.0
2024-09-30,5726.52001953125,5765.14013671875,5703.52978515625,5762.47998046875,4425730000,5621.26044921875,5535.476201171875,87.33471181607362,True,0.0,0.0
2024-10-01,5757.72998046875,5757.72998046875,5681.27978515625,5708.75,4025180000,5630.251440429687,5538.362998046875,71.92306414183093,True,0.0,0.0
2024-10-02,5698.14013671875,5719.6298828125,5674.0,5709.5400390625,3829050000,5639.724951171875,5541.438994140625,68.24555414268086,True,0.0,0.0
2024-10-03,5698.18994140625,5718.77978515625,5677.3701171875,5699.93994140625,3597450000,5649.551440429687,5546.8951953125,62.6947975715292,True,0.0,0.0
2024-10-04,5737.47998046875,5753.2099609375,5702.830078125,5751.06982421875,3479400000,5666.683935546875,5553.9321875,67.59830734382625,True,0.0,0.0
2024-10-07,5737.7998046875,5739.33984375,5686.85009765625,5695.93994140625,3637790000,5677.928442382812,5558.668984375,57.89007081066216,True,0.0,0.0
2024-10-08,5719.14013671875,5757.60009765625,5714.56005859375,5751.1298828125,3393400000,5690.708935546875,5564.42078125,65.53266495729228,True,0.0,0.0
2024-10-09,5751.7998046875,5796.7998046875,5745.02001953125,5792.0400390625,3650340000,5702.604443359375,5571.532783203125,60.50256476002716,True,0.0,0.0
2024-10-10,5778.35986328125,5795.02978515625,5764.759765625,5780.0498046875,3208790000,5711.8189453125,5576.687783203125,60.35704124806523,True,0.0,0.0
2024-10-11,5775.08984375,5822.1298828125,5775.08984375,5815.02978515625,3208720000,5721.26943359375,5584.054775390625,62.269088975892835,True,0.0,0.0
2024-10-14,5829.81005859375,5871.41015625,5829.56982421875,5859.85009765625,3005250000,5732.607446289063,5594.320576171875,64.9824659290291,True,0.0,0.0
2024-10-15,5866.740234375,5870.35986328125,5804.47998046875,5815.259765625,3882120000,5741.641430664063,5606.899169921875,60.16434665852654,True,0.0,0.0
2024-10-16,5816.580078125,5846.52001953125,5808.33984375,5842.47021484375,3467230000,5752.851953125,5618.947978515625,60.51819544513545,True,0.0,0.0
2024-10-17,5875.6201171875,5878.4599609375,5840.25,5841.47021484375,3480010000,5759.24345703125,5631.7873828125,61.342174366650546,True,0.0,0.0
2024-10-18,5859.43017578125,5872.169921875,5846.10986328125,5864.669921875,3374490000,5767.349462890625,5642.694580078125,61.247685003552434,True,0.0,0.0
2024-10-21,5857.81982421875,5866.919921875,5824.7900390625,5853.97998046875,3407010000,5774.119970703125,5652.8909765625,67.65795813588443,True,0.0,0.0
2024-10-22,5832.7001953125,5863.0400390625,5821.169921875,5851.2001953125,3342080000,5780.033471679688,5663.027177734375,67.14098001124928,True,0.0,0.0
2024-10-23,5834.5,5834.85009765625,5762.41015625,5797.419921875,3532650000,5783.791479492187,5670.28697265625,60.655858456355276,True,0.0,0.0
2024-10-24,5817.7998046875,5817.7998046875,5784.919921875,5809.85986328125,3543030000,5787.015966796875,5677.379970703125,57.0203610411419,True,0.0,0.0
2024-10-25,5826.75,5862.81982421875,5799.97998046875,5808.1201171875,3501280000,5790.5134765625,5682.67796875,65.35365294576016,True,0.0,0.0
2024-10-28,5833.93017578125,5842.919921875,5823.080078125,5823.52001953125,3691280000,5793.565478515625,5688.063369140625,61.118785877030746,True,0.0,0.0
2024-10-29,5819.68017578125,5847.18994140625,5802.169921875,5832.919921875,3879100000,5799.773974609375,5692.556767578125,56.95187609814101,True,0.0,0.0
2024-10-30,5832.64990234375,5850.93994140625,5811.27978515625,5813.669921875,3851120000,5804.98046875,5696.887763671875,55.57954173433038,True,0.0,0.0
2024-10-31,5775.33984375,5775.33984375,5702.85986328125,5705.4501953125,4425660000,5805.2559814453125,5698.579765625,35.370663231714545,True,0.0,0.0
2024-11-01,5723.22021484375,5772.52001953125,5723.22021484375,5728.7998046875,3796450000,5804.14248046875,5701.742958984375,31.440228478172173,True,0.0,0.0
2024-11-04,5725.14990234375,5741.43017578125,5696.509765625,5712.68994140625,3602060000,5804.97998046875,5703.304560546875,34.1990651660782,True,0.0,0.0
2024-11-05,5722.43017578125,5783.43994140625,5722.10009765625,5782.759765625,3768310000,5806.561474609375,5706.622958984375,41.87454235454682,True,0.0,0.0
2024-11-06,5864.89013671875,5936.14013671875,5864.89013671875,5929.0400390625,6329530000,5813.411474609375,5712.687763671875,58.53992325911619,True,0.0,0.0
2024-11-07,5947.2099609375,5983.83984375,5947.2099609375,5973.10009765625,4925740000,5823.063989257813,5720.306162109375,60.16084205979598,True,0.0,0.0
2024-11-08,5976.759765625,6012.4501953125,5976.759765625,5995.5400390625,4666740000,5832.089501953125,5728.377763671875,62.97956775216621,True,0.0,0.0
2024-11-11,6008.85986328125,6017.31005859375,5986.68994140625,6001.35009765625,4333000000,5839.164501953125,5735.436767578125,63.69108625944886,True,0.0,0.0
2024-11-12,6003.60009765625,6009.919921875,5960.080078125,5983.990234375,4243400000,5847.601025390625,5744.53796875,68.22229428764915,True,0.0,0.0
2024-11-13,5985.75,6008.18994140625,5965.91015625,5985.3798828125,4220180000,5854.746508789062,5753.844169921875,67.52122004408271,True,0.0,0.0
2024-11-14,5989.68017578125,5993.8798828125,5942.27978515625,5949.169921875,4184570000,5860.131494140625,5762.759365234375,63.17364013301788,True,0.0,0.0
2024-11-15,5912.7900390625,5915.31982421875,5853.009765625,5870.6201171875,4590960000,5860.42900390625,5772.003369140625,53.93485488180464,True,0.0,0.0
2024-11-18,5874.169921875,5908.1201171875,5865.9501953125,5893.6201171875,3983860000,5862.4110107421875,5780.454775390625,54.95836716981312,True,0.0,0.0
2024-11-19,5870.0498046875,5923.509765625,5855.2900390625,5916.97998046875,4036940000,5865.7,5788.883974609375,58.382719424403426,True,0.0,0.0
2024-11-20,5914.33984375,5920.669921875,5860.56005859375,5917.10986328125,3772620000,5871.684497070312,5796.14357421875,70.82777979045326,True,0.0,0.0
2024-11-21,5940.580078125,5963.31982421875,5887.259765625,5948.7099609375,4230120000,5878.627001953125,5803.202578125,71.29389025686415,True,0.0,0.0
2024-11-22,5944.35986328125,5972.89990234375,5944.35986328125,5969.33984375,4141420000,5886.68798828125,5810.068974609375,74.63574998054897,True,0.0,0.0
2024-11-25,5992.27978515625,6020.75,5963.91015625,5987.3701171875,5633150000,5894.8804931640625,5817.154580078125,71.82046731736173,True,0.0,0.0
2024-11-26,6000.02978515625,6025.419921875,5992.27001953125,6021.6298828125,3835170000,5904.315991210938,5824.895576171875,62.97397596560416,True,0.0,0.0
2024-11-27,6014.10986328125,6020.16015625,5984.8701171875,5998.740234375,3363340000,5913.569506835937,5832.505185546875,53.81937625558421,True,0.0,0.0
2024-11-29,6003.97998046875,6044.169921875,6003.97998046875,6032.3798828125,2444420000,5929.915991210937,5838.87998046875,55.31050191028287,True,0.0,0.0
2024-12-02,6040.10986328125,6053.580078125,6035.330078125,6047.14990234375,4412470000,5945.83349609375,5845.771982421875,56.43584057438014,True,0.0,0.0
2024-12-03,6042.97021484375,6052.06982421875,6033.39013671875,6049.8798828125,4095000000,5962.6929931640625,5852.39818359375,59.655901790902085,True,0.0,0.0
2024-12-04,6069.39013671875,6089.83984375,6061.06005859375,6086.490234375,4003390000,5977.8795166015625,5859.469384765625,63.430909369219314,True,0.0,0.0
2024-12-05,6089.02978515625,6094.5498046875,6072.89990234375,6075.10986328125,4212020000,5985.1830078125,5866.52638671875,67.91058767976557,True,0.0,0.0
2024-12-06,6081.3798828125,6099.97021484375,6079.97998046875,6090.27001953125,3924830000,5991.04150390625,5873.424384765625,88.10853031024394,True,0.0,0.0
2024-12-09,6083.009765625,6088.509765625,6048.6298828125,6052.85009765625,4556460000,5993.907006835938,5879.71798828125,76.30944985437559,True,0.0,0.0
2024-12-10,6057.58984375,6065.39990234375,6029.89013671875,6034.91015625,4048410000,5995.585009765625,5885.166591796875,69.84087604432797,True,0.0,0.0
2024-12-11,6060.14990234375,6092.58984375,6060.14990234375,6084.18994140625,4269950000,6000.594995117188,5892.675390625,74.1208283049299,True,0.0,0.0
2024-12-12,6074.2900390625,6079.68017578125,6051.25,6051.25,3678010000,6003.888500976563,5899.50958984375,64.74633732557356,True,0.0,0.0
2024-12-13,6068.169921875,6078.580078125,6035.77001953125,6051.08984375,3584960000,6008.9844970703125,5906.532587890625,62.49197912034453,True,0.0,0.0
2024-12-16,6063.7900390625,6085.18994140625,6059.14013671875,6074.080078125,4391100000,6019.157495117188,5912.99279296875,63.0520488501861,True,0.0,0.0
2024-12-17,6052.5498046875,6057.68017578125,6035.18994140625,6050.60986328125,4544500000,6027.006982421875,5920.08619140625,54.50867306707668,True,0.0,0.0
2024-12-18,6047.64990234375,6070.669921875,5867.7900390625,5872.16015625,5246960000,6024.7659912109375,5922.506796875,36.72999076551997,True,0.0,0.0
2024-12-19,5912.7099609375,5935.52001953125,5866.06982421875,5867.080078125,4896880000,6022.264501953125,5924.00759765625,31.567031550152237,True,0.0,0.0
2024-12-20,5842.0,5982.06005859375,5832.2998046875,5930.85009765625,8223220000,6021.371508789062,5927.023603515625,38.30877762026867,True,0.0,0.0
2024-12-23,5940.25,5978.25,5902.56982421875,5974.06982421875,3593280000,6021.6080078125,5930.204404296875,42.95276058749463,True,0.0,0.0
2024-12-24,5984.6298828125,6040.10009765625,5981.43994140625,6040.0400390625,1757720000,6024.24150390625,5933.808203125,45.90552712948744,True,0.0,0.0
2024-12-26,6024.97021484375,6049.75,6007.3701171875,6037.58984375,2904530000,6025.039501953125,5938.2548046875,46.63979940510705,True,0.0,0.0
2024-12-27,6006.169921875,6006.169921875,5932.9501953125,5970.83984375,3159610000,6023.644482421875,5940.822197265625,40.208877911701244,True,0.0,0.0
2024-12-30,5920.669921875,5940.7900390625,5869.16015625,5906.93994140625,3433250000,6017.372485351562,5942.131591796875,38.5357473340464,True,0.0,0.0
2024-12-31,5919.740234375,5929.740234375,5868.85986328125,5881.6298828125,3128350000,6009.096484375,5942.470791015625,38.094555439251195,True,0.0,0.0
2025-01-02,5903.259765625,5935.08984375,5829.52978515625,5868.5498046875,3621680000,6000.02998046875,5942.7621875,32.25302452977432,True,0.0,0.0
2025-01-03,5891.06982421875,5949.33984375,5888.66015625,5942.47021484375,3667340000,5992.8289794921875,5944.587587890625,41.613241066097665,True,0.0,0.0
2025-01-06,5982.81005859375,6021.0400390625,5960.009765625,5975.3798828125,4940120000,5987.84248046875,5948.146787109375,44.44347288857417,True,0.0,0.0
2025-01-07,5993.259765625,6000.68017578125,5890.68017578125,5909.02978515625,4517330000,5978.78046875,5950.130185546875,38.61141489835537,True,0.0,0.0
2025-01-08,5910.66015625,5927.89013671875,5874.77978515625,5918.25,4441740000,5972.050463867187,5952.332783203125,40.683873832446984,True,0.0,0.0
2025-01-10,5890.35009765625,5890.35009765625,5807.77978515625,5827.0400390625,4751930000,5961.656958007812,5952.40318359375,46.37961999448358,True,0.0,0.0
2025-01-13,5782.02001953125,5838.60986328125,5773.31005859375,5836.22021484375,4421200000,5949.258471679687,5952.469189453125,47.54003031319745,False,0.0,0.0
2025-01-14,5859.27001953125,5871.919921875,5805.419921875,5842.91015625,4142280000,5938.841479492187,5953.053994140625,42.28814350396381,False,0.0,0.0
2025-01-15,5905.2099609375,5960.60986328125,5905.2099609375,5949.91015625,4544570000,5933.782495117188,5957.943193359375,48.09448583582824,False,0.0,0.0
2025-01-16,5963.60986328125,5964.68994140625,5930.72021484375,5937.33984375,4285810000,5926.945483398437,5962.113994140625,41.15478557514711,False,0.0,0.0
2025-01-17,5995.39990234375,6014.9599609375,5978.43994140625,5996.66015625,4366830000,5924.247998046875,5967.7933984375,46.789380872640024,False,0.0,0.0
2025-01-21,6014.1201171875,6051.509765625,6006.8798828125,6049.240234375,4702920000,5933.102001953125,5973.1230078125,56.2897309459902,False,0.0,0.0
2025-01-22,6081.39013671875,6100.81005859375,6076.1298828125,6086.3701171875,4323040000,5944.06650390625,5976.269609375,65.04097585653906,False,0.0,0.0
2025-01-23,6076.31982421875,6118.72998046875,6074.669921875,6118.7099609375,4432250000,5953.459497070313,5979.181806640625,69.64206250960784,False,0.0,0.0
2025-01-24,6121.43017578125,6128.18017578125,6088.740234375,6101.240234375,4214250000,5959.818017578125,5981.295810546875,69.13916912993189,False,0.0,0.0
2025-01-27,5969.0400390625,6017.169921875,5962.919921875,6012.27978515625,5198750000,5958.430004882813,5981.514404296875,55.60331786022785,False,0.0,0.0
2025-01-28,6026.97021484375,6074.5400390625,5994.6298828125,6067.7001953125,4473640000,5959.935522460937,5983.188603515625,57.15171908759147,False,0.0,0.0
2025-01-29,6057.7001953125,6062.830078125,6012.9599609375,6039.31005859375,4115310000,5963.359033203125,5984.26720703125,60.72298375882751,False,0.0,0.0
2025-01-30,6050.75,6086.64013671875,6027.4599609375,6071.169921875,4634620000,5971.570532226562,5986.70720703125,62.13416939948299,False,0.0,0.0
2025-01-31,6096.7900390625,6120.91015625,6030.93017578125,6040.52978515625,4843770000,5979.51552734375,5990.105400390625,68.74192522382187,False,0.0,0.0
2025-02-03,5969.64990234375,6022.1298828125,5923.93017578125,5994.56982421875,4797210000,5985.8165283203125,5992.12439453125,63.05801576142365,False,0.0,0.0
2025-02-04,5998.14013671875,6042.47998046875,5990.8701171875,6037.8798828125,4410160000,5990.58701171875,5994.542392578125,65.16209434644324,False,0.0,0.0
2025-02-05,6020.4501953125,6062.85986328125,6007.06005859375,6061.47998046875,4756250000,5994.892016601562,5997.429794921875,59.96958011660082,False,0.0,0.0
2025-02-06,6072.22021484375,6084.02978515625,6046.830078125,6083.56982421875,4847120000,6003.6190185546875,6000.1269921875,62.84813596726434,True,0.0,0.0
2025-02-07,6083.1298828125,6101.27978515625,6019.9599609375,6025.990234375,4766900000,6009.006030273437,6001.26,52.58492183438736,True,0.0,0.0
2025-02-10,6046.39990234375,6073.3798828125,6044.83984375,6066.43994140625,4458760000,6020.976025390625,6002.841396484375,51.54896578775409,True,0.0,0.0
2025-02-11,6049.31982421875,6076.27978515625,6042.33984375,6068.5,4324880000,6032.590014648437,6003.778798828125,48.2821485769217,True,0.0,0.0
2025-02-12,6025.080078125,6063.0,6003.0,6051.97021484375,4627960000,6043.043017578125,6004.8433984375,43.38319228307775,True,0.0,0.0
2025-02-13,6060.58984375,6116.91015625,6050.9501953125,6115.06982421875,4763800000,6051.301000976562,6006.497197265625,51.257350414677475,True,0.0,0.0
2025-02-14,6115.52001953125,6127.47021484375,6107.6201171875,6114.6298828125,4335190000,6060.165502929687,6007.846796875,61.09055276839219,True,0.0,0.0
2025-02-18,6121.60009765625,6129.6298828125,6099.509765625,6129.580078125,4684980000,6066.811499023437,6009.44080078125,57.349870784249134,True,0.0,0.0
2025-02-19,6117.759765625,6147.43017578125,6111.14990234375,6144.14990234375,4562330000,6071.556982421875,6010.593994140625,62.87520088268451,True,0.0,0.0
2025-02-20,6134.5,6134.5,6084.58984375,6117.52001953125,4813690000,6073.114477539062,6011.442197265625,55.76624724064492,True,0.0,0.0
2025-02-21,6114.10009765625,6114.81982421875,6008.56005859375,6013.1298828125,5434560000,6067.835473632813,6009.89939453125,47.11979378924579,True,0.0,0.0
2025-02-24,6026.68994140625,6043.64990234375,5977.830078125,5983.25,4990120000,6061.935961914062,6008.507392578125,48.76845615835668,True,0.0,0.0
2025-02-25,5982.72998046875,5992.64990234375,5908.490234375,5955.25,5374690000,6059.08447265625,6006.914189453125,40.700457871633276,True,0.0,0.0
2025-02-26,5970.8701171875,6009.81982421875,5932.68994140625,5956.06005859375,4869580000,6053.502465820313,6004.351591796875,37.494033744676706,True,0.0,0.0
2025-02-27,5981.8798828125,5993.68994140625,5858.77978515625,5861.56982421875,5057680000,6044.615454101562,6000.55798828125,27.524855061574115,True,0.0,0.0
2025-02-28,5856.740234375,5959.39990234375,5837.66015625,5954.5,6441140000,6038.781958007812,5998.62619140625,43.24581911719389,True,0.0,0.0
2025-03-03,5968.330078125,5986.08984375,5810.91015625,5849.72021484375,5613850000,6029.241479492188,5994.138994140625,31.74406265167282,True,1.0,1.0
2025-03-04,5811.97998046875,5865.080078125,5732.58984375,5778.14990234375,6138110000,6018.420483398438,5988.689794921875,28.105616704971467,True,1.0,0.0
2025-03-05,5781.35986328125,5860.58984375,5742.35009765625,5842.6298828125,5285970000,6008.657983398438,5988.099189453125,35.278872163876585,True,1.0,0.0
2025-03-06,5785.8701171875,5812.080078125,5711.64013671875,5738.52001953125,5165080000,5992.509985351562,5985.52798828125,24.964451699111393,True,1.0,0.0
2025-03-07,5726.009765625,5783.009765625,5666.2900390625,5770.2001953125,5705140000,5976.84150390625,5982.314990234375,28.013362940096172,False,1.0,0.0
2025-03-10,5705.3701171875,5705.3701171875,5564.02001953125,5614.56005859375,6409370000,5956.269995117187,5975.124794921875,22.129758369704973,False,0.0,-1.0
2025-03-11,5603.64990234375,5636.2998046875,5528.41015625,5572.06982421875,6221240000,5931.551489257812,5965.765390625,19.950016722648215,False,0.0,0.0
2025-03-12,5624.83984375,5642.18994140625,5546.08984375,5599.2998046875,5219830000,5908.091479492187,5956.99958984375,22.796295242533247,False,0.0,0.0
2025-03-13,5594.4501953125,5597.77978515625,5504.64990234375,5521.52001953125,5018980000,5881.5689697265625,5948.013193359375,23.451481212520108,False,0.0,0.0
2025-03-14,5563.85009765625,5645.27001953125,5563.85009765625,5638.93994140625,4863180000,5857.762475585938,5942.653193359375,33.012312903373456,False,0.0,0.0
2025-03-17,5635.60009765625,5703.52001953125,5631.1201171875,5675.1201171875,5031770000,5835.7869873046875,5938.522998046875,36.28952623483786,False,0.0,0.0
2025-03-18,5654.52978515625,5654.52978515625,5597.759765625,5614.66015625,4666270000,5810.040991210937,5933.445205078125,34.212585819694084,False,0.0,0.0
2025-03-19,5632.3701171875,5715.330078125,5622.2001953125,5675.2900390625,4660090000,5786.597998046875,5928.1016015625,41.10734789875224,False,0.0,0.0
2025-03-20,5646.919921875,5711.14990234375,5632.330078125,5662.89013671875,4678420000,5763.86650390625,5921.851806640625,34.91959281029479,False,0.0,0.0
2025-03-21,5630.72998046875,5670.83984375,5603.10009765625,5667.56005859375,9367460000,5746.5880126953125,5917.022412109375,39.4916522260355,False,0.0,0.0
2025-03-24,5718.080078125,5775.14013671875,5718.080078125,5767.56982421875,4517990000,5735.80400390625,5914.00880859375,49.40905282633549,False,0.0,0.0
2025-03-25,5775.9599609375,5786.9501953125,5760.419921875,5776.64990234375,4467340000,5726.873999023437,5913.001005859375,46.071590336240725,False,0.0,0.0
2025-03-26,5771.66015625,5783.6201171875,5694.41015625,5712.2001953125,4183140000,5714.681005859375,5910.52060546875,48.355256934845556,False,0.0,0.0
2025-03-27,5695.64013671875,5732.27978515625,5670.93994140625,5693.31005859375,4403460000,5706.268017578125,5907.528603515625,45.11702991284697,False,0.0,0.0
2025-03-28,5679.2001953125,5685.89013671875,5572.419921875,5580.93994140625,4513330000,5687.590014648437,5900.14919921875,47.740764413971604,False,0.0,0.0
2025-03-31,5527.91015625,5627.56005859375,5488.72998046875,5611.85009765625,5257250000,5675.696508789062,5893.639404296875,52.71545305102665,False,0.0,0.0
2025-04-01,5597.52978515625,5650.56982421875,5558.52001953125,5633.06982421875,4434500000,5668.4425048828125,5886.36759765625,52.32425667542003,False,0.0,0.0
2025-04-02,5580.759765625,5695.31005859375,5571.47998046875,5670.97021484375,4243830000,5659.859521484375,5878.802197265625,60.883513401264175,False,0.0,0.0
2025-04-03,5492.740234375,5499.52978515625,5390.830078125,5396.52001953125,7210470000,5642.759521484375,5865.0051953125,35.632163284394466,False,0.0,0.0
2025-04-04,5292.14013671875,5292.14013671875,5069.89990234375,5074.080078125,8853500000,5607.953515625,5844.11259765625,23.40248073244787,False,0.0,0.0
2025-04-07,4953.7900390625,5246.56982421875,4835.0400390625,5062.25,8691980000,5580.3380126953125,5823.33279296875,24.455021676300575,False,0.0,0.0
2025-04-08,5193.56982421875,5267.47021484375,4910.419921875,4982.77001953125,7408140000,5550.873022460937,5802.74259765625,18.524681480955437,False,0.0,0.0
2025-04-09,4965.27978515625,5481.33984375,4948.43017578125,5456.89990234375,9489600000,5543.75302734375,5790.526591796875,43.40548510173737,False,0.0,0.0
2025-04-10,5353.14990234375,5353.14990234375,5115.27001953125,5268.0498046875,6677140000,5531.079516601562,5775.10138671875,38.559338268133075,False,0.0,0.0
2025-04-11,5255.56005859375,5381.4599609375,5220.77001953125,5363.35986328125,5602550000,5517.300512695312,5760.945185546875,38.3935131024473,False,0.0,0.0
2025-04-14,5441.9599609375,5459.4599609375,5358.02001953125,5405.97021484375,5031440000,5503.843017578125,5748.253994140625,39.5573821816107,False,0.0,0.0
2025-04-15,5411.990234375,5450.41015625,5386.43994140625,5396.6298828125,4317110000,5492.94150390625,5736.2951953125,40.825011854026535,False,0.0,0.0
2025-04-16,5335.75,5367.240234375,5220.7900390625,5275.7001953125,4607750000,5472.96201171875,5721.0516015625,38.538354596250265,False,0.0,0.0
2025-04-17,5305.4501953125,5328.31005859375,5255.580078125,5282.7001953125,4714880000,5453.9525146484375,5705.476005859375,41.31206031880505,False,0.0,0.0
2025-04-21,5232.93994140625,5232.93994140625,5101.6298828125,5158.2001953125,4226340000,5428.484521484375,5686.96861328125,37.468170508686455,False,0.0,0.0
2025-04-22,5207.669921875,5309.60986328125,5207.669921875,5287.759765625,4666950000,5404.4940185546875,5672.20400390625,40.999724848240184,False,0.0,0.0
2025-04-23,5395.919921875,5469.68994140625,5356.169921875,5375.85986328125,5371390000,5384.454516601562,5658.39240234375,42.50429735461547,False,0.0,0.0
2025-04-24,5381.3798828125,5489.39990234375,5371.9599609375,5484.77001953125,4697710000,5373.0830078125,5646.717802734375,52.44732329431035,False,0.0,0.0
2025-04-25,5489.72998046875,5528.10986328125,5455.85986328125,5525.2099609375,4236580000,5364.678002929688,5636.18259765625,64.83013738736713,False,0.0,0.0
2025-04-28,5529.22021484375,5553.66015625,5468.64013671875,5528.75,4257880000,5362.068505859375,5624.456201171875,65.41944667706042,False,0.0,0.0
2025-04-29,5508.8701171875,5571.9501953125,5505.7001953125,5560.830078125,4747150000,5359.517504882812,5613.380205078125,69.72496905131234,False,0.0,0.0
2025-04-30,5499.43994140625,5581.83984375,5433.240234375,5569.06005859375,5449490000,5356.3170166015625,5602.1698046875,55.611372444024056,False,0.0,0.0
2025-05-01,5625.14013671875,5658.91015625,5597.35009765625,5604.14013671875,4935270000,5352.975512695312,5591.369609375,69.87217722540797,False,0.0,0.0
2025-05-02,5645.8798828125,5700.7001953125,5642.27978515625,5686.669921875,4854380000,5367.4830078125,5582.752607421875,69.4098589592285,False,0.0,0.0
2025-05-05,5655.31982421875,5683.3798828125,5634.47998046875,5650.3798828125,4358260000,5396.297998046875,5575.497607421875,64.78529100572861,False,0.0,0.0
2025-05-06,5605.8701171875,5649.580078125,5586.0400390625,5606.91015625,4717260000,5423.531005859375,5567.970810546875,62.216233696238014,False,0.0,0.0
2025-05-07,5614.18017578125,5654.72998046875,5578.64013671875,5631.27978515625,4987440000,5455.956494140625,5561.49140625,73.26789679686875,False,0.0,0.0
2025-05-08,5663.60009765625,5720.10009765625,5635.3798828125,5663.93994140625,5627400000,5466.30849609375,5555.64900390625,74.13645252614182,False,0.0,0.0
2025-05-09,5679.64990234375,5691.68994140625,5644.14990234375,5659.91015625,4645090000,5485.901513671875,5551.615810546875,87.48081277941846,False,0.0,0.0
2025-05-12,5807.2001953125,5845.3701171875,5786.080078125,5844.18994140625,6014580000,5509.943017578125,5549.409609375,88.42700592336915,False,0.0,0.0
2025-05-13,5854.14990234375,5906.64013671875,5845.02001953125,5886.5498046875,5516290000,5533.971997070313,5550.146201171875,87.64656125031046,False,0.0,0.0
2025-05-14,5896.740234375,5906.5498046875,5872.10986328125,5892.580078125,5233450000,5558.769506835937,5552.4348046875,85.43775993998626,True,0.0,0.0
2025-05-15,5869.81982421875,5924.2099609375,5865.16015625,5916.93017578125,4991290000,5590.831005859375,5553.920810546875,85.0188354744226,True,0.0,0.0
2025-05-16,5929.08984375,5958.6201171875,5907.35986328125,5958.3798828125,4850850000,5624.614990234375,5558.3180078125,85.96981074071772,True,0.0,0.0
2025-05-19,5902.8798828125,5968.60986328125,5895.68994140625,5963.60009765625,4144010000,5664.884985351562,5562.186005859375,85.30907690002782,True,0.0,0.0
2025-05-20,5944.66015625,5953.06005859375,5909.259765625,5940.4599609375,4416850000,5697.519995117187,5568.70400390625,81.72951858442815,True,0.0,0.0
2025-05-21,5910.18017578125,5938.3701171875,5830.91015625,5844.60986328125,5254250000,5720.957495117187,5574.1548046875,68.61136389059368,True,0.0,0.0
2025-05-22,5841.259765625,5878.080078125,5825.81982421875,5842.009765625,5157050000,5738.819482421875,5579.00900390625,63.720186445765464,True,0.0,0.0
2025-05-23,5781.89013671875,5829.509765625,5767.41015625,5802.81982421875,4662820000,5752.699975585938,5584.635,63.395436926279764,True,0.0,0.0
2025-05-27,5854.06982421875,5924.330078125,5854.06982421875,5921.5400390625,5366380000,5772.3394775390625,5590.287001953125,74.41830677629027,True,0.0,0.0
2025-05-28,5925.5400390625,5939.919921875,5881.8798828125,5888.5498046875,4665050000,5788.7254638671875,5594.555595703125,69.70298688409585,True,0.0,0.0
2025-05-29,5939.9599609375,5943.1298828125,5873.7998046875,5912.169921875,4569750000,5805.88095703125,5600.505791015625,69.2775858603861,True,0.0,0.0
2025-05-30,5903.669921875,5922.14013671875,5843.66015625,5911.68994140625,6378540000,5821.258447265625,5605.2337890625,69.66167033352525,True,0.0,0.0
2025-06-02,5896.68017578125,5937.39990234375,5861.43017578125,5935.93994140625,4832240000,5833.721948242188,5610.69478515625,59.55229707774052,True,0.0,0.0
2025-06-03,5938.56005859375,5981.35009765625,5929.0,5970.3701171875,5026680000,5849.721459960938,5616.750986328125,58.8732304091536,True,0.0,0.0
2025-06-04,5978.93994140625,5990.47998046875,5966.10986328125,5970.81005859375,4767050000,5867.916455078125,5620.815791015625,58.38062906372762,True,0.0,0.0
2025-06-05,5985.669921875,5999.7001953125,5921.2001953125,5939.2998046875,5091850000,5883.317456054688,5624.0687890625,52.36020768055359,True,0.0,0.0
2025-06-06,5987.06005859375,6016.8701171875,5978.6298828125,6000.35986328125,4355710000,5900.138452148438,5629.831982421875,54.25327820273456,True,0.0,0.0
2025-06-09,6004.6298828125,6021.31005859375,5994.18017578125,6005.8798828125,4642360000,5917.436938476562,5636.08337890625,54.28105269923515,True,0.0,0.0
2025-06-10,6009.91015625,6043.009765625,6000.27978515625,6038.81005859375,4882880000,5927.167944335937,5645.24078125,59.76487242511065,True,0.0,0.0
2025-06-11,6049.3798828125,6059.39990234375,6002.31982421875,6022.240234375,5111550000,5933.952465820313,5653.448583984375,70.93162283987485,True,0.0,0.0
2025-06-12,6009.89990234375,6045.43017578125,6003.8798828125,6045.259765625,4669500000,5941.586450195313,5661.6923828125,72.85091918384555,True,0.0,0.0
2025-06-13,6000.56005859375,6026.16015625,5963.2099609375,5976.97021484375,5258910000,5944.588452148438,5667.8123828125,68.37688220576172,True,0.0,0.0
2025-06-16,6004.0,6050.830078125,6004.0,6033.10986328125,5111710000,5948.324951171875,5680.5441796875,63.56473637530439,True,0.0,0.0
2025-06-17,6012.14990234375,6023.25,5974.7998046875,5982.72021484375,4955700000,5949.28095703125,5698.716982421875,60.98456154819661,True,0.0,0.0
2025-06-18,5987.93017578125,6018.25,5971.89013671875,5980.8701171875,5106470000,5951.30146484375,5717.089384765625,58.44233926325592,True,0.0,0.0
2025-06-20,5999.669921875,6018.2001953125,5952.56005859375,5967.83984375,7451500000,5957.462963867188,5736.79078125,56.693609129781336,True,0.0,0.0
2025-06-23,5969.669921875,6028.77001953125,5943.22998046875,6025.169921875,5597000000,5966.6209716796875,5748.156181640625,59.859464207290294,True,0.0,0.0
2025-06-24,6061.2099609375,6101.759765625,6059.25,6092.18017578125,5443690000,5981.0889892578125,5764.6387890625,62.55542481199602,True,0.0,0.0
2025-06-25,6104.22998046875,6108.509765625,6080.08984375,6092.16015625,5171110000,5989.6199951171875,5779.214794921875,62.51885194785831,True,0.0,0.0
2025-06-26,6112.08984375,6146.52001953125,6107.27001953125,6141.02001953125,5308140000,6002.243505859375,5793.915791015625,70.09089273295822,True,0.0,0.0
2025-06-27,6150.7001953125,6187.68017578125,6132.35009765625,6173.06982421875,7889350000,6015.288500976562,5809.44458984375,68.25652767254175,True,0.0,0.0
2025-06-30,6193.35986328125,6215.080078125,6174.97021484375,6204.9501953125,5782900000,6029.951513671875,5828.02958984375,69.93218005530416,True,0.0,0.0
2025-07-01,6187.25,6210.77978515625,6177.97021484375,6198.009765625,6275310000,6043.055004882813,5846.33578125,66.81523413042649,True,0.0,0.0
2025-07-02,6193.8798828125,6227.60009765625,6188.2900390625,6227.419921875,5645710000,6055.907495117188,5867.72017578125,71.09948201305913,True,0.0,0.0
2025-07-03,6246.4599609375,6284.64990234375,6246.4599609375,6279.35009765625,3378110000,6071.334497070313,5887.551982421875,72.72146481425838,True,0.0,0.0
2025-07-07,6259.0400390625,6262.06982421875,6201.0,6229.97998046875,5236740000,6085.868505859375,5904.634384765625,75.49417460442415,True,0.0,0.0
2025-07-08,6234.02978515625,6242.7001953125,6217.75,6225.52001953125,5739030000,6097.126513671875,5919.449384765625,71.64191564147627,True,0.0,0.0
2025-07-09,6243.330078125,6269.16015625,6231.43017578125,6263.259765625,4813340000,6109.9955078125,5934.210380859375,82.478775976746,True,0.0,0.0
2025-07-10,6266.7998046875,6290.22021484375,6251.43994140625,6280.4599609375,5367350000,6122.0780029296875,5949.244580078125,83.49382594739772,True,0.0,0.0
2025-07-11,6255.68017578125,6269.43994140625,6237.60009765625,6259.75,4656210000,6133.9534912109375,5963.222978515625,82.08430561429194,True,0.0,0.0
2025-07-14,6255.14990234375,6273.31005859375,6239.22021484375,6268.56005859375,4722250000,6145.118505859375,5977.212978515625,79.94530745930801,True,0.0,0.0
2025-07-15,6295.2900390625,6302.0400390625,6241.68017578125,6243.759765625,5133670000,6158.457983398437,5990.00537109375,70.81101518684227,True,0.0,0.0
2025-07-16,6254.5,6268.1201171875,6201.58984375,6263.7001953125,5177460000,6169.9875,6001.5459765625,72.33003661141055,True,0.0,0.0
2025-07-17,6263.39990234375,6304.68994140625,6262.27001953125,6297.35986328125,5512290000,6185.719482421875,6014.485576171875,71.18992468663552,True,0.0,0.0
2025-07-18,6312.9501953125,6315.60986328125,6285.27001953125,6296.7900390625,5184700000,6201.515478515625,6028.283173828125,68.33319103552766,True,0.0,0.0
2025-07-21,6304.740234375,6336.080078125,6303.7900390625,6305.60009765625,5010840000,6218.403491210937,6041.769580078125,66.00915514507037,True,0.0,0.0
2025-07-22,6306.60009765625,6316.1201171875,6281.7099609375,6309.6201171875,5662040000,6232.626000976563,6054.68318359375,67.91897273482698,True,0.0,0.0
2025-07-23,6326.89990234375,6360.64013671875,6317.490234375,6358.91015625,5642510000,6245.9625,6068.66318359375,69.84395540909385,True,0.0,0.0
2025-07-24,6368.60009765625,6381.31005859375,6360.56982421875,6363.35009765625,5282720000,6259.521997070313,6079.04638671875,64.79809518566435,True,0.0,0.0
2025-07-25,6370.009765625,6395.81982421875,6368.52978515625,6388.64013671875,4470720000,6271.903002929687,6089.088193359375,80.5420830607503,True,0.0,0.0
2025-07-28,6397.68994140625,6401.06982421875,6375.7900390625,6389.77001953125,4565620000,6282.738012695312,6099.0319921875,82.02876251123536,True,0.0,0.0
2025-07-29,6405.6201171875,6409.259765625,6363.919921875,6370.85986328125,5076120000,6291.03349609375,6108.1105859375,72.64497035339575,True,0.0,0.0
2025-07-30,6381.22998046875,6396.5400390625,6336.3798828125,6362.89990234375,5375070000,6299.278002929687,6116.200986328125,68.05198859809127,True,0.0,0.0
2025-07-31,6427.02001953125,6427.02001953125,6327.64013671875,6339.39013671875,6077080000,6304.876513671875,6123.716787109375,67.2276736202799,True,0.0,0.0
2025-08-01,6287.27978515625,6287.27978515625,6212.68994140625,6238.009765625,5827150000,6302.809497070312,6129.667783203125,45.28123156937306,True,0.0,0.0
2025-08-04,6271.7099609375,6330.68994140625,6271.7099609375,6329.93994140625,4842580000,6307.8074951171875,6139.374384765625,61.02498497703141,True,0.0,0.0
2025-08-05,6336.6298828125,6346.0,6289.3701171875,6299.18994140625,5517410000,6311.490991210938,6148.51798828125,54.41799511050003,True,0.0,0.0
2025-08-06,6309.2998046875,6352.830078125,6301.10986328125,6345.06005859375,5408560000,6315.581005859375,6159.36279296875,55.76283704544436,True,0.0,0.0
2025-08-07,6374.31982421875,6389.7099609375,6310.31982421875,6340.0,5306090000,6318.5580078125,6167.7319921875,55.16432418047999,True,0.0,0.0
2025-08-08,6355.22021484375,6395.16015625,6355.22021484375,6389.4501953125,4769910000,6325.043017578125,6177.75,59.1341821868421,True,0.0,0.0
2025-08-11,6389.669921875,6407.25,6364.06005859375,6373.4501953125,4652400000,6330.287524414062,6186.97560546875,56.77643829026653,True,0.0,0.0
2025-08-12,6395.169921875,6446.5498046875,6385.759765625,6445.759765625,5135300000,6340.387524414063,6197.657001953125,58.79062007013993,True,0.0,0.0
2025-08-13,6462.669921875,6480.27978515625,6445.02001953125,6466.580078125,5195950000,6350.531518554688,6208.2698046875,60.11323725961239,True,0.0,0.0
2025-08-14,6453.4599609375,6473.919921875,6441.06982421875,6468.5400390625,4462050000,6359.09052734375,6218.233203125,58.202592788275005,True,0.0,0.0
2025-08-15,6477.3798828125,6481.33984375,6441.85009765625,6449.7998046875,4575060000,6366.741015625,6227.812998046875,55.94765487046758,True,0.0,0.0
2025-08-18,6445.02001953125,6455.35009765625,6437.7001953125,6449.14990234375,4162290000,6373.918505859375,6238.01,58.048062096437405,True,0.0,0.0
2025-08-19,6446.240234375,6456.47998046875,6400.22021484375,6411.3701171875,4377440000,6379.006005859375,6246.230205078125,54.694811478255275,True,0.0,0.0
2025-08-20,6406.6201171875,6408.39990234375,6343.85986328125,6395.77978515625,4470390000,6380.8494873046875,6254.028203125,55.546984572230016,True,0.0,0.0
2025-08-21,6380.830078125,6393.64990234375,6352.7099609375,6370.169921875,4013560000,6381.190478515625,6260.655400390625,65.27790634927445,True,0.0,0.0
2025-08-22,6384.58984375,6478.89013671875,6384.58984375,6466.91015625,5046860000,6385.103979492187,6269.548798828125,65.65980351765694,True,0.0,0.0
2025-08-25,6457.669921875,6466.89013671875,6438.06005859375,6439.31982421875,4059070000,6387.581469726562,6277.43,66.13764111284304,True,0.0,0.0
2025-08-26,6435.490234375,6468.3701171875,6429.2099609375,6465.93994140625,4867680000,6392.335473632813,6287.20939453125,64.56661779000609,True,0.0,0.0
2025-08-27,6462.259765625,6487.06005859375,6457.83984375,6481.39990234375,4143680000,6398.260473632812,6296.1751953125,66.62273536634228,True,0.0,0.0
2025-08-28,6483.83984375,6508.22998046875,6466.9599609375,6501.85986328125,4283760000,6406.383959960937,6306.55798828125,64.18130185971158,True,0.0,0.0
2025-08-29,6489.27978515625,6491.759765625,6444.56982421875,6460.259765625,4234840000,6417.4964599609375,6316.14578125,60.28718432984537,True,0.0,0.0
2025-09-02,6401.509765625,6416.5400390625,6360.580078125,6415.5400390625,4784000000,6421.77646484375,6325.09978515625,46.16832381966543,True,0.0,0.0
2025-09-03,6445.81982421875,6453.669921875,6416.169921875,6448.259765625,4465360000,6429.229956054687,6333.56158203125,47.74513810428135,True,0.0,0.0
2025-09-04,6456.60009765625,6502.5400390625,6445.97998046875,6502.080078125,4670770000,6437.08095703125,6341.759580078125,53.66077233822573,True,0.0,0.0
2025-09-05,6529.080078125,6532.64990234375,6443.97998046875,6481.5,5066120000,6444.15595703125,6349.546376953125,53.44611967837208,True,0.0,0.0
2025-09-08,6498.08984375,6508.669921875,6483.2900390625,6495.14990234375,5211500000,6449.440942382813,6356.628974609375,54.86319175867402,True,0.0,0.0
2025-09-09,6503.330078125,6518.22998046875,6483.080078125,6512.60986328125,4798350000,6456.39892578125,6363.419775390625,61.18373145969598,True,0.0,0.0
2025-09-10,6550.2900390625,6555.97021484375,6516.33984375,6532.0400390625,5253010000,6460.712939453125,6369.961572265625,64.92574593696615,True,0.0,0.0
2025-09-11,6554.41015625,6592.89013671875,6545.7998046875,6587.47021484375,5426460000,6466.7574462890625,6377.75078125,72.3430896382479,True,0.0,0.0
2025-09-12,6590.66015625,6600.2099609375,6579.490234375,6584.2900390625,4641640000,6472.544946289063,6384.88818359375,64.94444803628534,True,0.0,0.0
2025-09-15,6603.490234375,6619.6201171875,6602.06982421875,6615.27978515625,5045020000,6480.8189453125,6391.60677734375,72.21042977908274,True,0.0,0.0
2025-09-16,6624.1298828125,6626.990234375,6600.10986328125,6606.759765625,5359510000,6488.699438476562,6399.142373046875,68.6259744118008,True,0.0,0.0
2025-09-17,6604.8701171875,6624.39013671875,6551.14990234375,6600.35009765625,5805340000,6498.1484375,6406.638974609375,66.11923509561305,True,0.0,0.0
2025-09-18,6626.85009765625,6656.7998046875,6611.89013671875,6631.9599609375,5292400000,6509.957446289062,6414.012978515625,67.1130464941521,True,0.0,0.0
2025-09-19,6647.10986328125,6671.81982421875,6630.31005859375,6664.35986328125,9125960000,6524.666943359375,6421.6909765625,77.512726372783,True,0.0,0.0
2025-09-22,6654.27978515625,6698.8798828125,6648.06982421875,6693.75,5642620000,6536.008935546875,6430.3709765625,89.11950324614692,True,0.0,0.0
2025-09-23,6692.43994140625,6699.52001953125,6645.580078125,6656.919921875,5633620000,6546.888940429688,6438.138173828125,79.0047321309793,True,0.0,0.0
2025-09-24,6669.7900390625,6672.66015625,6621.759765625,6637.97021484375,5459180000,6555.490454101562,6446.0223828125,70.91714255220961,True,0.0,0.0
2025-09-25,6608.18994140625,6619.0,6569.22021484375,6604.72021484375,5874670000,6561.656469726562,6452.842783203125,68.25487305392514,True,0.0,0.0
2025-09-26,6615.3798828125,6648.97021484375,6604.43017578125,6643.7001953125,5103110000,6568.748486328125,6459.76958984375,70.47108299969722,True,0.0,0.0
2025-09-29,6661.580078125,6677.31005859375,6644.490234375,6661.2099609375,5358760000,6578.79599609375,6467.05798828125,70.47513580210367,True,0.0,0.0
2025-09-30,6656.18994140625,6691.25,6641.0,6688.4599609375,6057210000,6592.4419921875,6474.715185546875,71.09795677509774,True,0.0,0.0
2025-10-01,6664.919921875,6718.47998046875,6656.2001953125,6711.2001953125,6037950000,6605.589013671875,6482.746787109375,68.30274917911774,True,0.0,0.0
2025-10-02,6731.31005859375,6731.93994140625,6693.22998046875,6715.35009765625,5416130000,6616.252514648438,6489.8755859375,69.33158943230548,True,0.0,0.0
2025-10-03,6722.14013671875,6750.8701171875,6705.669921875,6715.7900390625,5713110000,6627.967016601562,6496.924384765625,66.29389405426627,True,0.0,0.0
2025-10-06,6733.85986328125,6749.52001953125,6717.77978515625,6740.27978515625,5604460000,6640.2235107421875,6503.957177734375,70.57960260036215,True,0.0,0.0
2025-10-07,6746.14013671875,6754.490234375,6699.9599609375,6714.58984375,5546150000,6650.322509765625,6510.45357421875,66.62011351769897,True,0.0,0.0
2025-10-08,6723.8701171875,6755.64013671875,6718.08984375,6753.72021484375,5383130000,6661.406518554688,6518.11078125,67.33490254526546,True,0.0,0.0
2025-10-09,6760.5,6764.580078125,6716.169921875,6735.10986328125,5385020000,6668.788500976562,6525.55498046875,60.48427243363396,True,0.0,0.0
2025-10-10,6740.490234375,6762.39990234375,6550.77978515625,6552.509765625,6596610000,6667.199487304688,6529.817373046875,35.6059475114203,True,0.0,0.0
2025-10-13,6622.52978515625,6668.68017578125,6620.7099609375,6654.72021484375,5303960000,6669.1715087890625,6538.15158203125,49.80218479321395,True,0.0,0.0
2025-10-14,6602.490234375,6680.7001953125,6555.06982421875,6644.31005859375,5666920000,6671.0490234375,6544.438984375,50.57902247591865,True,0.0,0.0
2025-10-15,6688.27001953125,6724.1201171875,6612.10986328125,6671.06005859375,5633060000,6674.584521484375,6551.87638671875,56.13166673887613,True,0.0,0.0
2025-10-16,6689.02001953125,6709.33984375,6593.990234375,6629.06982421875,6048180000,6674.440014648438,6557.55658203125,48.65522555928668,True,0.0,0.0
2025-10-17,6613.27001953125,6678.8798828125,6603.759765625,6664.009765625,5358120000,6674.422509765625,6564.03677734375,50.24935855620787,True,0.0,0.0
2025-10-20,6690.0498046875,6744.35009765625,6690.0498046875,6735.1298828125,4672170000,6676.49150390625,6570.95037109375,53.855288335877184,True,0.0,0.0
2025-10-21,6736.75,6752.16015625,6722.02978515625,6735.35009765625,5245020000,6680.413012695312,6578.188369140625,52.07205848467711,True,0.0,0.0
2025-10-22,6741.33984375,6741.75,6655.68994140625,6699.39990234375,5710010000,6683.4844970703125,6583.261171875,48.70229031894117,True,0.0,0.0
2025-10-23,6703.64990234375,6749.52978515625,6700.14013671875,6738.43994140625,5565750000,6690.170483398438,6588.698369140625,51.733892520866746,True,0.0,0.0
2025-10-24,6772.06982421875,6807.10986328125,6772.06982421875,6791.68994140625,5058220000,6697.569970703125,6595.1613671875,53.76955882900507,True,0.0,0.0
2025-10-27,6845.4599609375,6877.27978515625,6843.93994140625,6875.16015625,5290650000,6708.26748046875,6603.66857421875,60.85385737578306,True,0.0,0.0
2025-10-28,6897.740234375,6911.2998046875,6870.72998046875,6890.89013671875,5695930000,6718.388989257813,6612.50337890625,59.57500037492348,True,0.0,0.0
2025-10-29,6910.9501953125,6920.33984375,6851.91015625,6890.58984375,6280130000,6727.358471679688,6622.0877734375,61.137822698950025,True,0.0,0.0
2025-10-30,6860.5,6880.75,6820.68994140625,6822.33984375,6052700000,6732.707958984375,6630.618974609375,73.11646328301867,True,0.0,0.0
2025-10-31,6879.169921875,6879.169921875,6814.259765625,6840.2001953125,6398280000,6738.928466796875,6640.019580078125,68.57468101149209,True,0.0,0.0
2025-11-03,6882.31982421875,6882.31982421875,6820.6201171875,6851.97021484375,6065720000,6744.51298828125,6647.72078125,70.73940275856957,True,0.0,0.0
2025-11-04,6788.52001953125,6820.2099609375,6766.7099609375,6771.5498046875,5739510000,6747.360986328125,6654.365380859375,59.064366635512954,True,0.0,0.0
2025-11-05,6769.77001953125,6829.77978515625,6763.10986328125,6796.2900390625,5939600000,6749.489477539062,6660.9723828125,65.56805463754532,True,0.0,0.0
2025-11-06,6787.58984375,6796.68017578125,6707.509765625,6720.31982421875,6051900000,6748.749975585937,6665.75078125,54.87033472333316,True,0.0,0.0
2025-11-07,6696.18017578125,6730.10986328125,6631.43994140625,6728.7998046875,5926070000,6757.564477539063,6670.289580078125,49.38596840228637,True,0.0,0.0
2025-11-10,6785.35986328125,6841.31982421875,6770.56005859375,6832.43017578125,5366050000,6766.449975585938,6677.73298828125,57.843431195411185,True,0.0,0.0
2025-11-11,6815.64013671875,6855.1298828125,6806.8701171875,6846.60986328125,4983490000,6776.564965820313,6686.354384765625,62.327246975084314,True,0.0,0.0
2025-11-12,6867.77001953125,6869.91015625,6829.6201171875,6850.919921875,5293610000,6785.557958984375,6694.407587890625,60.00067724970631,True,0.0,0.0
2025-11-13,6826.47021484375,6828.0498046875,6724.72021484375,6737.490234375,5473720000,6790.978979492187,6699.115791015625,45.64690011098344,True,0.0,0.0
2025-11-14,6672.14013671875,6774.31005859375,6646.8701171875,6734.10986328125,5042660000,6794.483984375,6704.16798828125,36.998814518502776,True,0.0,0.0
2025-11-17,6713.60986328125,6754.5,6638.89990234375,6672.41015625,5204220000,6791.347998046875,6707.713193359375,31.435074812026016,True,0.0,0.0
2025-11-18,6641.18994140625,6666.6298828125,6574.31982421875,6617.31982421875,5159390000,6785.446484375,6709.807392578125,28.757372103633415,True,0.0,0.0
2025-11-19,6625.83984375,6689.75,6603.5,6642.16015625,5021610000,6782.584497070313,6712.009794921875,34.98006339985379,True,0.0,0.0
2025-11-20,6737.93017578125,6770.35009765625,6534.0498046875,6538.759765625,5596080000,6772.60048828125,6711.0355859375,28.0080223428661,True,1.0,1.0
2025-11-21,6555.77001953125,6660.0498046875,6521.919921875,6602.990234375,5929930000,6763.165502929687,6711.40958984375,33.12691633923862,True,1.0,0.0
2025-11-24,6636.5400390625,6715.75,6630.7001953125,6705.1201171875,6039740000,6754.663500976562,6713.206396484375,45.62681615964204,True,1.0,0.0
2025-11-25,6697.02978515625,6776.39990234375,6659.97998046875,6765.8798828125,5003330000,6748.41298828125,6716.388798828125,48.08868876929725,True,1.0,0.0
2025-11-26,6793.5498046875,6831.43994140625,6783.8701171875,6812.60986328125,4485000000,6744.513989257813,6720.633994140625,56.0218661827339,True,1.0,0.0
2025-11-28,6822.52001953125,6850.85986328125,6819.75,6849.08984375,2558540000,6745.851489257812,6724.976591796875,57.57216414992734,True,1.0,0.0
2025-12-01,6812.2998046875,6843.64990234375,6799.93994140625,6812.6298828125,4549370000,6744.472973632813,6727.9419921875,48.63844506538324,True,1.0,0.0
2025-12-02,6830.9599609375,6851.5498046875,6806.7099609375,6829.3701171875,4582290000,6743.34296875,6730.65439453125,48.81867949868408,True,1.0,0.0
2025-12-03,6815.2900390625,6862.419921875,6810.43017578125,6849.72021484375,4736780000,6747.251489257813,6734.510400390625,49.91956061829303,True,1.0,0.0
2025-12-04,6866.47021484375,6866.47021484375,6827.1201171875,6857.1201171875,4872440000,6750.292993164063,6738.8933984375,59.35059324259133,True,1.0,0.0
2025-12-05,6866.31982421875,6895.77978515625,6858.2900390625,6870.39990234375,4944560000,6757.7969970703125,6744.2069921875,60.49045297445357,True,1.0,0.0
2025-12-08,6875.2001953125,6878.27001953125,6827.18994140625,6846.509765625,4757130000,6763.6824951171875,6748.26318359375,64.22891020074577,True,1.0,0.0
2025-12-09,6840.60986328125,6864.919921875,6837.43017578125,6840.509765625,4508050000,6764.086474609375,6751.8491796875,69.8323746020231,True,1.0,0.0
2025-12-10,6833.490234375,6900.669921875,6824.68994140625,6886.68017578125,5526570000,6766.089990234375,6755.813583984375,70.93418054887863,True,1.0,0.0
2025-12-11,6861.2998046875,6903.4599609375,6833.4501953125,6901.0,5021060000,6768.593994140625,6759.609580078125,86.59432657418131,True,0.0,-1.0
2025-12-12,6886.85009765625,6899.85009765625,6801.7900390625,6827.41015625,4910160000,6773.089990234375,6761.85078125,72.25064532932612,True,0.0,0.0
2025-12-15,6860.18994140625,6861.58984375,6801.490234375,6816.509765625,4975600000,6777.209985351563,6763.86517578125,63.483134113819915,True,0.0,0.0
2025-12-16,6800.1201171875,6819.27001953125,6759.740234375,6800.259765625,4983180000,6783.602465820312,6765.064775390625,54.664075292920614,True,0.0,0.0
2025-12-17,6802.8798828125,6812.259765625,6720.43017578125,6721.43017578125,5122120000,6788.8079833984375,6765.20158203125,38.62131833204965,True,0.0,0.0
2025-12-18,6778.06005859375,6816.1298828125,6758.5,6774.759765625,5101190000,6795.437963867187,6765.622373046875,41.09840245128997,True,0.0,0.0
2025-12-19,6792.6201171875,6840.02001953125,6792.6201171875,6834.5,8554470000,6810.2249755859375,6767.61017578125,52.48078623033483,True,0.0,0.0
2025-12-22,6865.2099609375,6882.02978515625,6855.740234375,6878.490234375,4465030000,6823.999975585937,6774.12978515625,55.24742683188913,True,0.0,0.0
2025-12-23,6872.41015625,6910.8798828125,6868.81005859375,6909.7900390625,3820560000,6834.233471679688,6779.231181640625,56.27047078863698,True,0.0,0.0
2025-12-24,6904.91015625,6937.31982421875,6904.91015625,6932.0498046875,1798270000,6842.541967773437,6784.9859765625,57.586285994518505,True,0.0,0.0
2025-12-26,6936.02001953125,6945.77001953125,6921.60009765625,6929.93994140625,2586550000,6848.408471679688,6790.16357421875,56.167655342084394,True,0.0,0.0
2025-12-29,6903.60009765625,6920.2099609375,6888.759765625,6905.740234375,3541750000,6851.240991210938,6795.696982421875,56.131654875541116,True,0.0,0.0
2025-12-30,6900.43994140625,6913.25,6893.47021484375,6896.240234375,3309930000,6855.4215087890625,6800.341591796875,55.727821103449664,True,0.0,0.0
2025-12-31,6898.81982421875,6901.419921875,6844.5498046875,6845.5,3261830000,6856.228002929687,6802.548994140625,45.80700395450283,True,0.0,0.0
2026-01-02,6878.10986328125,6894.8701171875,6824.31005859375,6858.47021484375,4184120000,6856.665502929687,6805.011396484375,45.6576513697435,True,0.0,0.0
2026-01-05,6892.18994140625,6920.3798828125,6891.56005859375,6902.0498046875,5771930000,6858.9119873046875,6809.06439453125,58.11831360519361,True,0.0,0.0
2026-01-06,6908.02978515625,6948.68994140625,6904.02001953125,6944.81982421875,5509680000,6862.632983398437,6813.1919921875,63.051077097899835,True,0.0,0.0
2026-01-07,6945.06982421875,6965.68994140625,6919.18994140625,6920.93017578125,5214480000,6866.35400390625,6815.776796875,62.08617352273472,True,0.0,0.0
2026-01-08,6914.10986328125,6931.27978515625,6899.330078125,6921.4599609375,5333200000,6870.401513671875,6816.70279296875,73.76166009876789,True,0.0,0.0
2026-01-09,6927.830078125,6978.35986328125,6917.64013671875,6966.27978515625,5163900000,6874.381494140625,6818.2105859375,73.22023743980829,True,0.0,0.0
2026-01-12,6944.1201171875,6986.330078125,6934.06982421875,6977.27001953125,5019040000,6878.194995117187,6819.944189453125,69.63019954266717,True,0.0,0.0
2026-01-13,6977.41015625,6985.830078125,6938.77001953125,6963.740234375,5091730000,6885.011499023438,6822.772197265625,62.793059483857725,True,0.0,0.0
2026-01-14,6937.41015625,6941.2998046875,6885.740234375,6926.60009765625,5530830000,6890.516015625,6824.5001953125,52.479148993779624,True,0.0,0.0
2026-01-15,6969.4599609375,6979.33984375,6937.93017578125,6944.47021484375,5114050000,6897.726538085937,6826.3501953125,51.85579149649591,True,0.0,0.0
2026-01-16,6960.5400390625,6967.2998046875,6925.08984375,6940.009765625,5356550000,6908.655517578125,6829.71939453125,51.49408466214112,True,0.0,0.0
2026-01-20,6865.240234375,6871.169921875,6789.0498046875,6796.85986328125,5769500000,6909.760522460938,6829.730791015625,38.05979020417343,True,0.0,0.0
2026-01-21,6810.7099609375,6910.39013671875,6804.9599609375,6875.6201171875,5835520000,6911.8165283203125,6832.836796875,48.03692788278279,True,0.0,0.0
2026-01-22,6914.43994140625,6934.75,6893.6201171875,6913.35009765625,5307580000,6913.559521484375,6836.527802734375,56.62352890706554,True,0.0,0.0
2026-01-23,6907.85009765625,6932.9599609375,6895.5,6915.60986328125,4871930000,6913.850512695312,6838.191396484375,55.69710719258445,True,0.0,0.0
2026-01-26,6923.22998046875,6964.66015625,6921.60009765625,6950.22998046875,4968050000,6914.759521484375,6840.263798828125,54.89118958322799,True,0.0,0.0
2026-01-27,6965.9599609375,6988.81982421875,6958.830078125,6978.60009765625,5331720000,6917.192529296875,6842.81740234375,53.532613690907795,True,0.0,0.0
2026-01-28,7002.0,7002.27978515625,6963.4599609375,6978.02978515625,5507670000,6920.8070068359375,6847.628193359375,56.277430880622525,True,0.0,0.0
2026-01-29,6977.740234375,6992.83984375,6870.7998046875,6969.009765625,6877780000,6924.445483398437,6852.32619140625,55.131742585527284,True,0.0,0.0
2026-01-30,6947.27001953125,6964.08984375,6893.47998046875,6939.02978515625,6697340000,6929.12197265625,6857.658583984375,46.961765102980316,True,0.0,0.0
2026-02-02,6916.64013671875,6991.919921875,6914.33984375,6976.43994140625,5772050000,6935.020458984375,6864.840986328125,49.91259963641449,True,0.0,0.0
2026-02-03,6985.4501953125,6993.080078125,6862.0498046875,6917.81005859375,7017660000,6935.8084716796875,6870.353984375,45.58339225899872,True,0.0,0.0
2026-02-04,6924.5,6936.08984375,6838.7998046875,6882.72021484375,7475750000,6932.7034912109375,6877.233193359375,45.76384319064167,True,0.0,0.0
2026-02-05,6837.39013671875,6857.85009765625,6780.1298828125,6798.39990234375,6989120000,6926.576977539063,6881.14138671875,37.501921804290134,True,0.0,0.0
2026-02-06,6816.740234375,6944.89013671875,6816.740234375,6932.2998046875,6283680000,6927.118969726563,6885.68498046875,49.45994347020693,True,0.0,0.0
2026-02-09,6917.259765625,6980.10009765625,6905.8701171875,6964.81982421875,5650260000,6927.045971679688,6889.663779296875,63.92285686068481,True,0.0,0.0
2026-02-10,6974.490234375,6986.830078125,6937.52978515625,6941.81005859375,5595950000,6925.272973632813,6892.247783203125,56.045514508931554,True,0.0,0.0
2026-02-11,6976.47998046875,6993.47998046875,6911.97021484375,6941.47021484375,6175510000,6924.15947265625,6894.095390625,52.756657814471524,True,0.0,0.0
2026-02-12,6957.5400390625,6973.22021484375,6824.0400390625,6832.759765625,7118700000,6919.467456054687,6894.49798828125,43.280507344921844,True,0.0,0.0
2026-02-13,6834.27001953125,6881.9599609375,6794.5498046875,6836.169921875,5718360000,6914.05244140625,6894.633984375,40.25595354793498,True,0.0,0.0
2026-02-17,6819.85986328125,6866.990234375,6775.5,6843.22021484375,5418480000,6909.212963867188,6894.503984375,37.997406042639255,True,0.0,0.0
2026-02-18,6855.47998046875,6909.1201171875,6849.66015625,6881.31005859375,5098160000,6913.435473632812,6894.987783203125,41.95986140967275,True,0.0,0.0
2026-02-19,6861.33984375,6879.1201171875,6833.06005859375,6861.89013671875,5151690000,6912.748974609375,6894.817587890625,41.24668530265391,True,0.0,0.0
2026-02-20,6843.259765625,6915.85986328125,6836.330078125,6909.509765625,5432480000,6912.556958007813,6896.077587890625,47.65535498352927,True,0.0,0.0
2026-02-23,6901.25,6916.9599609375,6819.81982421875,6837.75,5638350000,6908.66396484375,6896.022392578125,39.55442941148349,True,0.0,0.0
2026-02-24,6837.3701171875,6899.169921875,6815.43017578125,6890.06982421875,5266090000,6905.65595703125,6896.090185546875,47.890667581507735,True,0.0,0.0
2026-02-25,6915.14990234375,6952.509765625,6915.14990234375,6946.1298828125,5328060000,6904.032446289062,6896.992783203125,54.67257807659454,True,0.0,0.0
2026-02-26,6944.740234375,6947.25,6859.72998046875,6908.85986328125,5889550000,6900.573950195312,6898.62177734375,58.7461241658741,True,0.0,0.0
2026-02-27,6856.5400390625,6882.9599609375,6831.740234375,6878.8798828125,6665660000,6896.067456054688,6899.8691796875,44.93707205014245,False,0.0,0.0
2026-03-02,6824.35986328125,6901.009765625,6796.85009765625,6881.6201171875,6079080000,6893.19697265625,6901.49638671875,41.64292027194976,False,0.0,0.0
2026-03-03,6800.259765625,6840.0498046875,6710.419921875,6816.6298828125,6442080000,6885.206469726562,6903.400380859375,38.404094699885746,False,0.0,0.0
2026-03-04,6831.68994140625,6885.93994140625,6811.64013671875,6869.5,5252170000,6882.790966796875,6905.295185546875,43.92441618418958,False,0.0,0.0
2026-03-05,6851.080078125,6870.43017578125,6770.77978515625,6830.7099609375,5989300000,6880.190454101563,6905.219384765625,49.80379766950143,False,0.0,0.0
2026-03-06,6769.02978515625,6773.419921875,6711.56005859375,6740.02001953125,5793120000,6877.271459960937,6902.44998046875,42.11433463910111,False,0.0,0.0
2026-03-09,6699.7998046875,6810.43994140625,6636.0400390625,6795.990234375,6709410000,6870.455981445312,6900.173984375,46.41420099039779,False,0.0,0.0
2026-03-10,6796.56005859375,6845.080078125,6759.740234375,6781.47998046875,5944950000,6861.288989257812,6897.162587890625,42.13924303707919,False,0.0,0.0
2026-03-11,6790.08984375,6811.14990234375,6745.58984375,6775.7998046875,5511090000,6852.9884765625,6894.07978515625,43.071206087143096,False,0.0,0.0
2026-03-12,6740.8798828125,6740.8798828125,6670.39990234375,6672.6201171875,6292170000,6839.545971679688,6889.4173828125,32.499559918851915,False,0.0,0.0
2026-03-13,6673.490234375,6733.2998046875,6623.919921875,6632.18994140625,5337120000,6829.51748046875,6884.136376953125,34.07698504854589,False,0.0,0.0
2026-03-16,6674.3701171875,6729.7900390625,6674.3701171875,6699.3798828125,5176290000,6822.677978515625,6881.213974609375,35.56147261274225,False,0.0,0.0
2026-03-17,6722.35009765625,6754.2998046875,6710.7998046875,6716.08984375,5063390000,6816.321459960937,6878.3663671875,31.47828685102334,False,0.0,0.0
2026-03-18,6697.16015625,6705.18017578125,6621.66015625,6624.7001953125,5275480000,6803.490966796875,6872.819375,28.954895935115758,False,0.0,0.0
2026-03-19,6583.1201171875,6636.740234375,6557.81982421875,6606.490234375,5973390000,6790.720971679688,6866.052783203125,29.468650950798718,False,0.0,0.0
2026-03-20,6594.66015625,6594.66015625,6473.52001953125,6506.47998046875,10025820000,6770.569482421875,6857.763779296875,25.339864972001294,False,0.0,0.0
2026-03-23,6574.9599609375,6651.6201171875,6565.5498046875,6581.0,6020650000,6757.731982421875,6850.954580078125,34.70234608195945,False,0.0,0.0
2026-03-24,6552.08984375,6595.75,6525.10986328125,6556.3701171875,5278580000,6741.0469970703125,6842.75638671875,28.89704837070694,False,0.0,0.0
2026-03-25,6598.35009765625,6633.93994140625,6568.41015625,6591.89990234375,4936720000,6723.335498046875,6835.048984375,33.834692332862886,False,0.0,0.0
2026-03-26,6555.85986328125,6573.22021484375,6473.7900390625,6477.16015625,4845560000,6701.750512695313,6825.3173828125,32.76780095377171,False,0.0,0.0
2026-03-27,6453.89013671875,6453.89013671875,6356.080078125,6368.85009765625,5303490000,6676.2490234375,6814.1623828125,23.796355262188314,False,0.0,0.0
2026-03-30,6403.3701171875,6427.31005859375,6316.91015625,6343.72021484375,5458640000,6649.354028320313,6802.1473828125,23.490286525326,False,0.0,0.0
2026-03-31,6395.8798828125,6539.0498046875,6395.8798828125,6528.52001953125,6396100000,6634.94853515625,6793.917587890625,37.69481486665043,False,0.0,0.0
2026-04-01,6556.56005859375,6609.669921875,6554.2900390625,6575.31982421875,5637260000,6620.239526367188,6789.486787109375,44.870286631303486,False,0.0,0.0
2026-04-02,6512.60986328125,6601.91015625,6474.93994140625,6582.68994140625,4740740000,6607.838525390625,6783.62818359375,47.29608335369308,False,0.0,0.0
2026-04-06,6587.66015625,6618.1298828125,6579.72021484375,6611.830078125,3906440000,6601.429028320313,6777.597783203125,45.010207671003535,False,0.0,0.0
2026-04-07,6601.93017578125,6618.259765625,6534.5498046875,6616.85009765625,4555680000,6592.472021484375,6771.622587890625,44.26756891987407,False,0.0,0.0
2026-04-08,6754.35986328125,6793.5,6740.27978515625,6782.81005859375,5904880000,6592.538525390625,6768.274189453125,58.40858347611255,False,0.0,0.0
2026-04-09,6783.68994140625,6835.31005859375,6761.5498046875,6824.66015625,4912410000,6594.98154296875,6765.195390625,61.31810310849382,False,0.0,0.0
2026-04-10,6839.240234375,6845.77001953125,6808.4599609375,6816.89013671875,4393220000,6602.195043945312,6761.97259765625,67.80754229473371,False,0.0,0.0
2026-04-13,6806.47021484375,6887.0,6790.02001953125,6886.240234375,4785840000,6614.89755859375,6760.31720703125,67.61544556821346,False,0.0,0.0
2026-04-14,6910.2001953125,6969.419921875,6905.169921875,6967.3798828125,5032380000,6628.29755859375,6760.884208984375,72.26707538894397,False,0.0,0.0
2026-04-15,6978.169921875,7026.240234375,6967.1298828125,7022.9501953125,5278610000,6643.640576171875,6761.8144140625,72.85648374216339,False,0.0,0.0
2026-04-16,7037.77978515625,7051.22998046875,7008.52001953125,7041.27978515625,5173650000,6664.469555664063,6764.28380859375,83.31915374690044,False,0.0,0.0
2026-04-17,7074.5498046875,7147.52001953125,7074.5498046875,7126.06005859375,6145300000,6690.448046875,6769.15060546875,96.00248943355301,False,0.0,0.0
2026-04-20,7117.0498046875,7122.64990234375,7084.41015625,7109.14013671875,4661130000,6720.5810546875,6775.36541015625,96.96981500680167,False,0.0,0.0
2026-04-21,7122.64013671875,7137.27001953125,7050.2001953125,7064.009765625,5160270000,6744.73154296875,6777.999609375,89.65824743050929,False,0.0,0.0
2026-04-22,7102.91015625,7138.64013671875,7102.91015625,7137.89990234375,4919460000,6773.808032226562,6781.4612109375,90.05721247048287,False,0.0,0.0
2026-04-23,7118.7998046875,7147.77978515625,7046.5498046875,7108.39990234375,5307260000,6799.633032226562,6784.7930078125,86.28836444282662,True,0.0,0.0
2026-04-24,7136.47998046875,7168.58984375,7112.81982421875,7165.080078125,4608830000,6834.029028320312,6789.265205078125,86.79059038673344,True,0.0,0.0
2026-04-27,7152.72021484375,7178.740234375,7146.72021484375,7173.91015625,4783750000,6874.28203125,6796.088212890625,86.85718900932044,True,0.0,0.0
2026-04-28,7133.740234375,7152.52001953125,7115.169921875,7138.7998046875,4900650000,6914.0360107421875,6802.140810546875,78.48596735940986,True,0.0,0.0
2026-04-29,7131.60986328125,7145.6298828125,7107.85986328125,7135.9501953125,5123100000,6944.40751953125,6807.99541015625,76.56735749136122,True,0.0,0.0
2026-04-30,7161.75,7219.830078125,7126.14990234375,7209.009765625,5723790000,6976.092016601562,6814.549404296875,80.11023332720926,True,0.0,0.0
2026-05-01,7234.5400390625,7272.52001953125,7229.31982421875,7230.1201171875,4847390000,7008.463525390625,6821.91400390625,78.51879747963135,True,0.0,0.0
2026-05-04,7228.3798828125,7244.5400390625,7174.1201171875,7200.75,5215480000,7037.909521484375,6827.73880859375,71.17193341814948,True,0.0,0.0
2026-05-05,7233.6201171875,7273.259765625,7233.6201171875,7259.22021484375,5279760000,7070.02802734375,6836.168212890625,71.3228249996695,True,0.0,0.0
2026-05-06,7294.14013671875,7369.22021484375,7294.14013671875,7365.1201171875,6579640000,7099.143530273437,6845.66921875,75.23689135227653,True,0.0,0.0
2026-05-07,7376.77978515625,7385.02001953125,7321.25,7337.10986328125,6237040000,7124.766015625,6853.488818359375,68.04365576997898,True,0.0,0.0
2026-05-08,7362.97021484375,7401.5,7362.97021484375,7398.93017578125,5302740000,7153.868017578125,6863.290224609375,73.00901767091317,True,0.0,0.0
2026-05-11,7385.31005859375,7428.97021484375,7384.2001953125,7412.83984375,5821910000,7180.197998046875,6873.969423828125,79.14150520089741,True,0.0,0.0
2026-05-12,7390.6298828125,7409.56982421875,7338.5400390625,7400.9599609375,5624790000,7201.877001953125,6884.356220703125,74.51629256074841,True,0.0,0.0
2026-05-13,7409.1201171875,7460.0400390625,7375.1298828125,7444.25,5716600000,7222.9419921875,6896.908623046875,80.51570770056655,True,0.0,0.0
2026-05-14,7454.39990234375,7517.1201171875,7454.39990234375,7501.240234375,5267050000,7245.940014648438,6909.543427734375,80.52667985066023,True,0.0,0.0
2026-05-15,7445.10986328125,7454.85009765625,7397.5,7408.5,5582070000,7260.06201171875,6921.099228515625,68.4858843320164,True,0.0,0.0
2026-05-18,7415.06982421875,7434.06005859375,7353.169921875,7403.0498046875,5489500000,7274.757495117187,6934.35982421875,71.84423774595676,True,0.0,0.0
2026-05-19,7375.75,7395.31982421875,7333.68017578125,7353.60986328125,5441140000,7289.2375,6945.512216796875,66.70601753474682,True,0.0,0.0
2026-05-20,7369.18994140625,7435.68994140625,7357.4599609375,7432.97021484375,5384150000,7303.991015625,6958.542021484375,67.0249544376436,True,0.0,0.0
2026-05-21,7410.77978515625,7465.9599609375,7389.47998046875,7445.72021484375,5440620000,7320.85703125,6971.9404296875,66.60042272806224,True,0.0,0.0
2026-05-22,7468.81982421875,7506.31982421875,7463.2900390625,7473.47021484375,4952440000,7336.276538085937,6987.957431640625,71.05098314130325,True,0.0,0.0
2026-05-26,7511.7900390625,7539.08984375,7501.10009765625,7519.1201171875,5496060000,7353.537036132812,7005.69603515625,70.46646349200489,True,0.0,0.0
2026-05-27,7526.009765625,7530.72021484375,7499.72021484375,7520.35986328125,5524250000,7372.6150390625,7022.115634765625,64.63750500683693,True,0.0,0.0
2026-05-28,7519.81982421875,7568.72021484375,7508.0400390625,7563.6298828125,5494860000,7393.9990234375,7039.066435546875,70.76106248551152,True,0.0,0.0
2026-05-29,7579.330078125,7599.3798828125,7563.5498046875,7580.06005859375,7858290000,7412.551538085938,7058.1736328125,68.10754187217127,True,0.0,0.0
2026-06-01,7582.2900390625,7617.66015625,7562.60986328125,7599.9599609375,6583960000,7431.043530273438,7078.04302734375,68.48499289970056,True,0.0,0.0
2026-06-02,7595.39990234375,7620.89990234375,7582.990234375,7609.77978515625,5904410000,7451.49501953125,7100.1090234375,70.71294135652685,True,0.0,0.0
2026-06-03,7605.31005859375,7605.35009765625,7551.22021484375,7553.68017578125,5753860000,7466.218017578125,7119.562626953125,60.58543856881459,True,0.0,0.0
2026-06-04,7516.5400390625,7598.18994140625,7516.5400390625,7584.31005859375,5398910000,7477.177514648438,7140.12142578125,58.46735781725156,True,0.0,0.0
2026-06-05,7537.35986328125,7541.81005859375,7368.6298828125,7383.740234375,5591290000,7479.509033203125,7155.958232421875,47.9310288549419,True,0.0,0.0
2026-06-08,7440.56982421875,7466.81005859375,7395.1298828125,7405.72998046875,4898180000,7479.8490234375,7174.52962890625,50.21793628748373,True,0.0,0.0
2026-06-09,7438.66015625,7483.14990234375,7237.85009765625,7386.64990234375,6006390000,7478.539526367187,7194.885625,52.82616177276433,True,0.0,0.0
2026-06-10,7350.5400390625,7396.56005859375,7265.93017578125,7266.990234375,5247300000,7471.841040039062,7213.351025390625,36.718166963488216,True,0.0,0.0
2026-06-11,7287.669921875,7412.68017578125,7257.330078125,7394.2998046875,5658920000,7469.343530273438,7230.66662109375,46.52281899005935,True,0.0,0.0
2026-06-12,7410.85009765625,7456.39990234375,7363.009765625,7431.4599609375,4950530000,7465.854516601563,7247.789423828125,47.19485849582573,True,0.0,0.0
2026-06-15,7516.75,7577.919921875,7516.75,7554.2900390625,5674670000,7473.144018554687,7267.22142578125,52.128960099880345,True,0.0,0.0
2026-06-16,7548.77978515625,7564.9599609375,7508.68017578125,7511.35009765625,5286210000,7478.559033203125,7285.211826171875,49.48081795089098,True,0.0,0.0
2026-06-17,7524.5,7532.169921875,7402.60986328125,7420.10009765625,5883740000,7481.883544921875,7301.276826171875,42.16256800951747,True,0.0,0.0
2026-06-18,7487.35986328125,7511.06982421875,7468.31982421875,7500.580078125,9061110000,7485.2640380859375,7315.6322265625,45.94373282736836,True,0.0,0.0
2026-06-22,7500.43994140625,7530.009765625,7460.009765625,7472.7900390625,5976740000,7486.617529296875,7328.59482421875,43.56172334721959,True,0.0,0.0
2026-06-23,7366.509765625,7424.169921875,7347.60009765625,7365.4599609375,5640530000,7481.217016601562,7339.566220703125,38.7422530388247,True,0.0,0.0
2026-06-24,7370.8798828125,7428.06005859375,7336.81982421875,7358.22021484375,5994860000,7473.172021484375,7349.0058203125,40.56896004161606,True,0.0,0.0
2026-06-25,7404.91015625,7419.080078125,7323.5,7357.490234375,5565760000,7465.028540039062,7356.80802734375,38.73066918709786,True,0.0,0.0
2026-06-26,7312.740234375,7392.9501953125,7294.18017578125,7354.02001953125,9105600000,7454.548046875,7363.429423828125,48.16373962734778,True,0.0,0.0
2026-06-29,7391.8798828125,7444.31982421875,7348.8798828125,7440.43017578125,5794570000,7447.566552734375,7371.412431640625,51.985864831755066,True,0.0,0.0
2026-06-30,7441.27001953125,7508.2900390625,7438.0400390625,7499.35986328125,6037540000,7442.536547851562,7378.878427734375,56.1689297389289,True,0.0,0.0
2026-07-01,7478.83984375,7521.81005859375,7449.6298828125,7483.22998046875,5782730000,7436.209057617188,7386.360224609375,63.348140521400296,True,0.0,0.0
2026-07-02,7495.14013671875,7540.75,7427.5498046875,7483.240234375,5463520000,7432.687060546875,7394.744833984375,56.513871703727006,True,0.0,0.0
2026-07-06,7506.9599609375,7551.31005859375,7500.97021484375,7537.43017578125,4971110000,7430.34306640625,7402.735439453125,57.572221985740875,True,0.0,0.0
2026-07-07,7516.6298828125,7536.06005859375,7478.6298828125,7503.85009765625,5049590000,7436.348559570312,7410.644443359375,45.86882919833667,True,0.0,0.0
2026-07-08,7476.5400390625,7488.509765625,7421.81982421875,7482.7099609375,5102020000,7440.19755859375,7416.997041015625,47.56742813016074,True,0.0,0.0
2026-07-09,7491.60009765625,7546.89013671875,7481.72998046875,7543.64013671875,4442950000,7448.0470703125,7424.391640625,61.06275174417282,True,0.0,0.0
2026-07-10,7547.64013671875,7579.93017578125,7508.16015625,7575.39013671875,4006370000,7463.467065429688,7433.123447265625,57.339638965510964,True,0.0,0.0
2026-07-13,7547.52978515625,7565.3701171875,7506.41015625,7515.33984375,4729990000,7469.519067382813,7440.711240234375,53.926051007756406,True,0.0,0.0
2026-07-14,7536.7001953125,7557.43994140625,7513.22998046875,7543.58984375,4836950000,7475.125561523438,7447.402841796875,69.24436294886458,True,0.0,0.0
2026-07-15,7571.72021484375,7581.5,7526.9501953125,7572.39990234375,5236550000,7476.0310546875,7454.2484375,72.10860352495736,True,0.0,0.0
2026-07-16,7558.7998046875,7570.740234375,7504.02001953125,7533.77001953125,5365300000,7477.15205078125,7460.908837890625,66.87596002733653,True,0.0,0.0
2026-07-17,7447.52001953125,7498.47021484375,7431.259765625,7457.68994140625,5303290000,7479.03154296875,7464.878232421875,58.71335986131904,True,0.0,0.0
2026-07-20,7489.18017578125,7513.22998046875,7440.52978515625,7443.27978515625,5152910000,7476.166528320313,7466.44142578125,50.27248617959061,True,0.0,0.0
2026-07-21,7489.9501953125,7515.31005859375,7467.85986328125,7509.2001953125,5149030000,7477.987036132812,7469.883232421875,50.928541085167026,True,0.0,0.0
2026-07-22,7497.47021484375,7525.93994140625,7485.85009765625,7508.25,1643377000,7485.126538085938,7472.06962890625,52.43053612102734,True,0.0,0.0
